[
    {
        "number": 10,
        "created_at": "2024-05-19T20:16:47Z",
        "updated_at": "2024-05-19T20:16:48Z",
        "url": "https://api.github.com/repos/fcas/aim/code-scanning/alerts/10",
        "html_url": "https://github.com/fcas/aim/security/code-scanning/10",
        "state": "open",
        "fixed_at": null,
        "dismissed_by": null,
        "dismissed_at": null,
        "dismissed_reason": null,
        "dismissed_comment": null,
        "rule": {
            "id": "py/clear-text-logging-sensitive-data",
            "severity": "error",
            "description": "Clear-text logging of sensitive information",
            "name": "py/clear-text-logging-sensitive-data",
            "tags": [
                "external/cwe/cwe-312",
                "external/cwe/cwe-359",
                "external/cwe/cwe-532",
                "security"
            ],
            "security_severity_level": "high"
        },
        "tool": {
            "name": "CodeQL",
            "guid": null,
            "version": "2.17.3"
        },
        "most_recent_instance": {
            "ref": "refs/heads/main",
            "analysis_key": ".github/workflows/codeql.yml:analyze",
            "environment": "{\"build-mode\":\"none\",\"language\":\"python\"}",
            "category": "/language:python",
            "state": "open",
            "commit_sha": "d8b21b8f972ad31db744c68be6675f0997eff4a1",
            "message": {
                "text": "This expression logs sensitive data (password) as clear text.\nThis expression logs sensitive data (password) as clear text.\nThis expression logs sensitive data (password) as clear text.\nThis expression logs sensitive data (password) as clear text.\nThis expression logs sensitive data (password) as clear text."
            },
            "location": {
                "path": "aim/ext/sshfs/utils.py",
                "start_line": 192,
                "end_line": 194,
                "start_column": 24,
                "end_column": 42
            },
            "classifications": []
        },
        "instances_url": "https://api.github.com/repos/fcas/aim/code-scanning/alerts/10/instances"
    },
    {
        "number": 9,
        "created_at": "2024-05-19T20:16:47Z",
        "updated_at": "2024-05-19T20:16:48Z",
        "url": "https://api.github.com/repos/fcas/aim/code-scanning/alerts/9",
        "html_url": "https://github.com/fcas/aim/security/code-scanning/9",
        "state": "open",
        "fixed_at": null,
        "dismissed_by": null,
        "dismissed_at": null,
        "dismissed_reason": null,
        "dismissed_comment": null,
        "rule": {
            "id": "py/path-injection",
            "severity": "error",
            "description": "Uncontrolled data used in path expression",
            "name": "py/path-injection",
            "tags": [
                "correctness",
                "external/cwe/cwe-022",
                "external/cwe/cwe-023",
                "external/cwe/cwe-036",
                "external/cwe/cwe-073",
                "external/cwe/cwe-099",
                "security"
            ],
            "security_severity_level": "high"
        },
        "tool": {
            "name": "CodeQL",
            "guid": null,
            "version": "2.17.3"
        },
        "most_recent_instance": {
            "ref": "refs/heads/main",
            "analysis_key": ".github/workflows/codeql.yml:analyze",
            "environment": "{\"build-mode\":\"none\",\"language\":\"python\"}",
            "category": "/language:python",
            "state": "open",
            "commit_sha": "d8b21b8f972ad31db744c68be6675f0997eff4a1",
            "message": {
                "text": "This path depends on a user-provided value."
            },
            "location": {
                "path": "aim/web/api/views.py",
                "start_line": 30,
                "end_line": 30,
                "start_column": 25,
                "end_column": 41
            },
            "classifications": []
        },
        "instances_url": "https://api.github.com/repos/fcas/aim/code-scanning/alerts/9/instances"
    },
    {
        "number": 8,
        "created_at": "2024-05-19T20:16:47Z",
        "updated_at": "2024-05-19T20:16:48Z",
        "url": "https://api.github.com/repos/fcas/aim/code-scanning/alerts/8",
        "html_url": "https://github.com/fcas/aim/security/code-scanning/8",
        "state": "open",
        "fixed_at": null,
        "dismissed_by": null,
        "dismissed_at": null,
        "dismissed_reason": null,
        "dismissed_comment": null,
        "rule": {
            "id": "py/path-injection",
            "severity": "error",
            "description": "Uncontrolled data used in path expression",
            "name": "py/path-injection",
            "tags": [
                "correctness",
                "external/cwe/cwe-022",
                "external/cwe/cwe-023",
                "external/cwe/cwe-036",
                "external/cwe/cwe-073",
                "external/cwe/cwe-099",
                "security"
            ],
            "security_severity_level": "high"
        },
        "tool": {
            "name": "CodeQL",
            "guid": null,
            "version": "2.17.3"
        },
        "most_recent_instance": {
            "ref": "refs/heads/main",
            "analysis_key": ".github/workflows/codeql.yml:analyze",
            "environment": "{\"build-mode\":\"none\",\"language\":\"python\"}",
            "category": "/language:python",
            "state": "open",
            "commit_sha": "d8b21b8f972ad31db744c68be6675f0997eff4a1",
            "message": {
                "text": "This path depends on a user-provided value."
            },
            "location": {
                "path": "aim/web/api/views.py",
                "start_line": 29,
                "end_line": 29,
                "start_column": 29,
                "end_column": 49
            },
            "classifications": []
        },
        "instances_url": "https://api.github.com/repos/fcas/aim/code-scanning/alerts/8/instances"
    },
    {
        "number": 7,
        "created_at": "2024-05-19T20:16:47Z",
        "updated_at": "2024-05-19T20:16:48Z",
        "url": "https://api.github.com/repos/fcas/aim/code-scanning/alerts/7",
        "html_url": "https://github.com/fcas/aim/security/code-scanning/7",
        "state": "open",
        "fixed_at": null,
        "dismissed_by": null,
        "dismissed_at": null,
        "dismissed_reason": null,
        "dismissed_comment": null,
        "rule": {
            "id": "py/path-injection",
            "severity": "error",
            "description": "Uncontrolled data used in path expression",
            "name": "py/path-injection",
            "tags": [
                "correctness",
                "external/cwe/cwe-022",
                "external/cwe/cwe-023",
                "external/cwe/cwe-036",
                "external/cwe/cwe-073",
                "external/cwe/cwe-099",
                "security"
            ],
            "security_severity_level": "high"
        },
        "tool": {
            "name": "CodeQL",
            "guid": null,
            "version": "2.17.3"
        },
        "most_recent_instance": {
            "ref": "refs/heads/main",
            "analysis_key": ".github/workflows/codeql.yml:analyze",
            "environment": "{\"build-mode\":\"none\",\"language\":\"python\"}",
            "category": "/language:python",
            "state": "open",
            "commit_sha": "d8b21b8f972ad31db744c68be6675f0997eff4a1",
            "message": {
                "text": "This path depends on a user-provided value."
            },
            "location": {
                "path": "aim/web/api/views.py",
                "start_line": 28,
                "end_line": 28,
                "start_column": 8,
                "end_column": 28
            },
            "classifications": []
        },
        "instances_url": "https://api.github.com/repos/fcas/aim/code-scanning/alerts/7/instances"
    },
    {
        "number": 6,
        "created_at": "2024-05-19T20:16:47Z",
        "updated_at": "2024-05-19T20:16:48Z",
        "url": "https://api.github.com/repos/fcas/aim/code-scanning/alerts/6",
        "html_url": "https://github.com/fcas/aim/security/code-scanning/6",
        "state": "open",
        "fixed_at": null,
        "dismissed_by": null,
        "dismissed_at": null,
        "dismissed_reason": null,
        "dismissed_comment": null,
        "rule": {
            "id": "py/bind-socket-all-network-interfaces",
            "severity": "error",
            "description": "Binding a socket to all network interfaces",
            "name": "py/bind-socket-all-network-interfaces",
            "tags": [
                "external/cwe/cwe-200",
                "security"
            ],
            "security_severity_level": "medium"
        },
        "tool": {
            "name": "CodeQL",
            "guid": null,
            "version": "2.17.3"
        },
        "most_recent_instance": {
            "ref": "refs/heads/main",
            "analysis_key": ".github/workflows/codeql.yml:analyze",
            "environment": "{\"build-mode\":\"none\",\"language\":\"python\"}",
            "category": "/language:python",
            "state": "open",
            "commit_sha": "d8b21b8f972ad31db744c68be6675f0997eff4a1",
            "message": {
                "text": "'' binds a socket to all interfaces."
            },
            "location": {
                "path": "aim/cli/utils.py",
                "start_line": 121,
                "end_line": 121,
                "start_column": 5,
                "end_column": 20
            },
            "classifications": []
        },
        "instances_url": "https://api.github.com/repos/fcas/aim/code-scanning/alerts/6/instances"
    },
    {
        "number": 5,
        "created_at": "2024-05-19T20:16:27Z",
        "updated_at": "2024-05-19T20:16:29Z",
        "url": "https://api.github.com/repos/fcas/aim/code-scanning/alerts/5",
        "html_url": "https://github.com/fcas/aim/security/code-scanning/5",
        "state": "open",
        "fixed_at": null,
        "dismissed_by": null,
        "dismissed_at": null,
        "dismissed_reason": null,
        "dismissed_comment": null,
        "rule": {
            "id": "js/incomplete-sanitization",
            "severity": "warning",
            "description": "Incomplete string escaping or encoding",
            "name": "js/incomplete-sanitization",
            "tags": [
                "correctness",
                "external/cwe/cwe-020",
                "external/cwe/cwe-080",
                "external/cwe/cwe-116",
                "security"
            ],
            "security_severity_level": "high"
        },
        "tool": {
            "name": "CodeQL",
            "guid": null,
            "version": "2.17.3"
        },
        "most_recent_instance": {
            "ref": "refs/heads/main",
            "analysis_key": ".github/workflows/codeql.yml:analyze",
            "environment": "{\"build-mode\":\"none\",\"language\":\"javascript-typescript\"}",
            "category": "/language:javascript-typescript",
            "state": "open",
            "commit_sha": "d8b21b8f972ad31db744c68be6675f0997eff4a1",
            "message": {
                "text": "This replaces only the first occurrence of '\\t'."
            },
            "location": {
                "path": "aim/web/ui/src/utils/showAutocompletion.ts",
                "start_line": 108,
                "end_line": 108,
                "start_column": 21,
                "end_column": 38
            },
            "classifications": []
        },
        "instances_url": "https://api.github.com/repos/fcas/aim/code-scanning/alerts/5/instances"
    },
    {
        "number": 4,
        "created_at": "2024-05-19T20:16:27Z",
        "updated_at": "2024-05-19T20:16:29Z",
        "url": "https://api.github.com/repos/fcas/aim/code-scanning/alerts/4",
        "html_url": "https://github.com/fcas/aim/security/code-scanning/4",
        "state": "open",
        "fixed_at": null,
        "dismissed_by": null,
        "dismissed_at": null,
        "dismissed_reason": null,
        "dismissed_comment": null,
        "rule": {
            "id": "js/overly-large-range",
            "severity": "warning",
            "description": "Overly permissive regular expression range",
            "name": "js/overly-large-range",
            "tags": [
                "correctness",
                "external/cwe/cwe-020",
                "security"
            ],
            "security_severity_level": "medium"
        },
        "tool": {
            "name": "CodeQL",
            "guid": null,
            "version": "2.17.3"
        },
        "most_recent_instance": {
            "ref": "refs/heads/main",
            "analysis_key": ".github/workflows/codeql.yml:analyze",
            "environment": "{\"build-mode\":\"none\",\"language\":\"javascript-typescript\"}",
            "category": "/language:javascript-typescript",
            "state": "open",
            "commit_sha": "d8b21b8f972ad31db744c68be6675f0997eff4a1",
            "message": {
                "text": "Suspicious character range that is equivalent to \\[A-Z\\\\[\\\\\\\\]^_`a-z\\]."
            },
            "location": {
                "path": "aim/web/ui/src/pages/Dashboard/components/DashboardRight/ReleaseNotes/useReleaseNotes.ts",
                "start_line": 92,
                "end_line": 92,
                "start_column": 46,
                "end_column": 49
            },
            "classifications": []
        },
        "instances_url": "https://api.github.com/repos/fcas/aim/code-scanning/alerts/4/instances"
    },
    {
        "number": 3,
        "created_at": "2024-05-19T20:16:27Z",
        "updated_at": "2024-05-19T20:16:29Z",
        "url": "https://api.github.com/repos/fcas/aim/code-scanning/alerts/3",
        "html_url": "https://github.com/fcas/aim/security/code-scanning/3",
        "state": "open",
        "fixed_at": null,
        "dismissed_by": null,
        "dismissed_at": null,
        "dismissed_reason": null,
        "dismissed_comment": null,
        "rule": {
            "id": "js/overly-large-range",
            "severity": "warning",
            "description": "Overly permissive regular expression range",
            "name": "js/overly-large-range",
            "tags": [
                "correctness",
                "external/cwe/cwe-020",
                "security"
            ],
            "security_severity_level": "medium"
        },
        "tool": {
            "name": "CodeQL",
            "guid": null,
            "version": "2.17.3"
        },
        "most_recent_instance": {
            "ref": "refs/heads/main",
            "analysis_key": ".github/workflows/codeql.yml:analyze",
            "environment": "{\"build-mode\":\"none\",\"language\":\"javascript-typescript\"}",
            "category": "/language:javascript-typescript",
            "state": "open",
            "commit_sha": "d8b21b8f972ad31db744c68be6675f0997eff4a1",
            "message": {
                "text": "Suspicious character range that is equivalent to \\[A-Z\\\\[\\\\\\\\]^_`a-z\\]."
            },
            "location": {
                "path": "aim/web/ui/src/pages/Dashboard/components/DashboardRight/ReleaseNotes/useReleaseNotes.ts",
                "start_line": 92,
                "end_line": 92,
                "start_column": 34,
                "end_column": 37
            },
            "classifications": []
        },
        "instances_url": "https://api.github.com/repos/fcas/aim/code-scanning/alerts/3/instances"
    },
    {
        "number": 2,
        "created_at": "2024-05-19T20:16:27Z",
        "updated_at": "2024-05-19T20:16:29Z",
        "url": "https://api.github.com/repos/fcas/aim/code-scanning/alerts/2",
        "html_url": "https://github.com/fcas/aim/security/code-scanning/2",
        "state": "open",
        "fixed_at": null,
        "dismissed_by": null,
        "dismissed_at": null,
        "dismissed_reason": null,
        "dismissed_comment": null,
        "rule": {
            "id": "js/overly-large-range",
            "severity": "warning",
            "description": "Overly permissive regular expression range",
            "name": "js/overly-large-range",
            "tags": [
                "correctness",
                "external/cwe/cwe-020",
                "security"
            ],
            "security_severity_level": "medium"
        },
        "tool": {
            "name": "CodeQL",
            "guid": null,
            "version": "2.17.3"
        },
        "most_recent_instance": {
            "ref": "refs/heads/main",
            "analysis_key": ".github/workflows/codeql.yml:analyze",
            "environment": "{\"build-mode\":\"none\",\"language\":\"javascript-typescript\"}",
            "category": "/language:javascript-typescript",
            "state": "open",
            "commit_sha": "d8b21b8f972ad31db744c68be6675f0997eff4a1",
            "message": {
                "text": "Suspicious character range that is equivalent to \\[A-Z\\\\[\\\\\\\\]^_`a-z\\]."
            },
            "location": {
                "path": "aim/web/ui/src/pages/Dashboard/components/DashboardRight/ReleaseNotes/useReleaseNotes.ts",
                "start_line": 92,
                "end_line": 92,
                "start_column": 24,
                "end_column": 27
            },
            "classifications": []
        },
        "instances_url": "https://api.github.com/repos/fcas/aim/code-scanning/alerts/2/instances"
    },
    {
        "number": 1,
        "created_at": "2024-05-19T20:16:27Z",
        "updated_at": "2024-05-19T20:16:29Z",
        "url": "https://api.github.com/repos/fcas/aim/code-scanning/alerts/1",
        "html_url": "https://github.com/fcas/aim/security/code-scanning/1",
        "state": "open",
        "fixed_at": null,
        "dismissed_by": null,
        "dismissed_at": null,
        "dismissed_reason": null,
        "dismissed_comment": null,
        "rule": {
            "id": "js/incomplete-url-substring-sanitization",
            "severity": "warning",
            "description": "Incomplete URL substring sanitization",
            "name": "js/incomplete-url-substring-sanitization",
            "tags": [
                "correctness",
                "external/cwe/cwe-020",
                "security"
            ],
            "security_severity_level": "high"
        },
        "tool": {
            "name": "CodeQL",
            "guid": null,
            "version": "2.17.3"
        },
        "most_recent_instance": {
            "ref": "refs/heads/main",
            "analysis_key": ".github/workflows/codeql.yml:analyze",
            "environment": "{\"build-mode\":\"none\",\"language\":\"javascript-typescript\"}",
            "category": "/language:javascript-typescript",
            "state": "open",
            "commit_sha": "d8b21b8f972ad31db744c68be6675f0997eff4a1",
            "message": {
                "text": "'aimstack.io' can be anywhere in the URL, and arbitrary hosts may come before or after it."
            },
            "location": {
                "path": "aim/web/ui/src/services/analytics.ts",
                "start_line": 19,
                "end_line": 19,
                "start_column": 5,
                "end_column": 59
            },
            "classifications": []
        },
        "instances_url": "https://api.github.com/repos/fcas/aim/code-scanning/alerts/1/instances"
    }
]