[
    {
        "number": 4,
        "created_at": "2024-05-19T17:22:14Z",
        "updated_at": "2024-05-19T17:22:16Z",
        "url": "https://api.github.com/repos/fcas/AutoViz/code-scanning/alerts/4",
        "html_url": "https://github.com/fcas/AutoViz/security/code-scanning/4",
        "state": "open",
        "fixed_at": null,
        "dismissed_by": null,
        "dismissed_at": null,
        "dismissed_reason": null,
        "dismissed_comment": null,
        "rule": {
            "id": "py/overly-large-range",
            "severity": "warning",
            "description": "Overly permissive regular expression range",
            "name": "py/overly-large-range",
            "tags": [
                "correctness",
                "external/cwe/cwe-020",
                "security"
            ],
            "security_severity_level": "medium"
        },
        "tool": {
            "name": "CodeQL",
            "guid": null,
            "version": "2.17.2"
        },
        "most_recent_instance": {
            "ref": "refs/heads/master",
            "analysis_key": ".github/workflows/codeql.yml:analyze",
            "environment": "{\"build-mode\":\"none\",\"language\":\"python\"}",
            "category": "/language:python",
            "state": "open",
            "commit_sha": "521d1348bdff1452ebf6c2370c6806fe788b9777",
            "message": {
                "text": "Suspicious character range that overlaps with \\u2702-\\u27b0 in the same character class, and overlaps with \\ufffd-\\ufffd in the same character class."
            },
            "location": {
                "path": "autoviz/AutoViz_NLP.py",
                "start_line": 521,
                "end_line": 521,
                "start_column": 49,
                "end_column": 53
            },
            "classifications": []
        },
        "instances_url": "https://api.github.com/repos/fcas/AutoViz/code-scanning/alerts/4/instances"
    },
    {
        "number": 3,
        "created_at": "2024-05-19T17:22:14Z",
        "updated_at": "2024-05-19T17:22:16Z",
        "url": "https://api.github.com/repos/fcas/AutoViz/code-scanning/alerts/3",
        "html_url": "https://github.com/fcas/AutoViz/security/code-scanning/3",
        "state": "open",
        "fixed_at": null,
        "dismissed_by": null,
        "dismissed_at": null,
        "dismissed_reason": null,
        "dismissed_comment": null,
        "rule": {
            "id": "py/overly-large-range",
            "severity": "warning",
            "description": "Overly permissive regular expression range",
            "name": "py/overly-large-range",
            "tags": [
                "correctness",
                "external/cwe/cwe-020",
                "security"
            ],
            "security_severity_level": "medium"
        },
        "tool": {
            "name": "CodeQL",
            "guid": null,
            "version": "2.17.2"
        },
        "most_recent_instance": {
            "ref": "refs/heads/master",
            "analysis_key": ".github/workflows/codeql.yml:analyze",
            "environment": "{\"build-mode\":\"none\",\"language\":\"python\"}",
            "category": "/language:python",
            "state": "open",
            "commit_sha": "521d1348bdff1452ebf6c2370c6806fe788b9777",
            "message": {
                "text": "Suspicious character range that overlaps with \\ufffd-\\ufffd in the same character class."
            },
            "location": {
                "path": "autoviz/AutoViz_NLP.py",
                "start_line": 521,
                "end_line": 521,
                "start_column": 40,
                "end_column": 44
            },
            "classifications": []
        },
        "instances_url": "https://api.github.com/repos/fcas/AutoViz/code-scanning/alerts/3/instances"
    },
    {
        "number": 2,
        "created_at": "2024-05-19T17:22:14Z",
        "updated_at": "2024-05-19T17:22:16Z",
        "url": "https://api.github.com/repos/fcas/AutoViz/code-scanning/alerts/2",
        "html_url": "https://github.com/fcas/AutoViz/security/code-scanning/2",
        "state": "open",
        "fixed_at": null,
        "dismissed_by": null,
        "dismissed_at": null,
        "dismissed_reason": null,
        "dismissed_comment": null,
        "rule": {
            "id": "py/overly-large-range",
            "severity": "warning",
            "description": "Overly permissive regular expression range",
            "name": "py/overly-large-range",
            "tags": [
                "correctness",
                "external/cwe/cwe-020",
                "security"
            ],
            "security_severity_level": "medium"
        },
        "tool": {
            "name": "CodeQL",
            "guid": null,
            "version": "2.17.2"
        },
        "most_recent_instance": {
            "ref": "refs/heads/master",
            "analysis_key": ".github/workflows/codeql.yml:analyze",
            "environment": "{\"build-mode\":\"none\",\"language\":\"python\"}",
            "category": "/language:python",
            "state": "open",
            "commit_sha": "521d1348bdff1452ebf6c2370c6806fe788b9777",
            "message": {
                "text": "Suspicious character range that overlaps with \\ufffd-\\ufffd in the same character class."
            },
            "location": {
                "path": "autoviz/AutoViz_NLP.py",
                "start_line": 521,
                "end_line": 521,
                "start_column": 37,
                "end_column": 41
            },
            "classifications": []
        },
        "instances_url": "https://api.github.com/repos/fcas/AutoViz/code-scanning/alerts/2/instances"
    },
    {
        "number": 1,
        "created_at": "2024-05-19T17:22:14Z",
        "updated_at": "2024-05-19T17:22:16Z",
        "url": "https://api.github.com/repos/fcas/AutoViz/code-scanning/alerts/1",
        "html_url": "https://github.com/fcas/AutoViz/security/code-scanning/1",
        "state": "open",
        "fixed_at": null,
        "dismissed_by": null,
        "dismissed_at": null,
        "dismissed_reason": null,
        "dismissed_comment": null,
        "rule": {
            "id": "py/overly-large-range",
            "severity": "warning",
            "description": "Overly permissive regular expression range",
            "name": "py/overly-large-range",
            "tags": [
                "correctness",
                "external/cwe/cwe-020",
                "security"
            ],
            "security_severity_level": "medium"
        },
        "tool": {
            "name": "CodeQL",
            "guid": null,
            "version": "2.17.2"
        },
        "most_recent_instance": {
            "ref": "refs/heads/master",
            "analysis_key": ".github/workflows/codeql.yml:analyze",
            "environment": "{\"build-mode\":\"none\",\"language\":\"python\"}",
            "category": "/language:python",
            "state": "open",
            "commit_sha": "521d1348bdff1452ebf6c2370c6806fe788b9777",
            "message": {
                "text": "Suspicious character range that overlaps with \\ufffd-\\ufffd in the same character class."
            },
            "location": {
                "path": "autoviz/AutoViz_NLP.py",
                "start_line": 521,
                "end_line": 521,
                "start_column": 34,
                "end_column": 38
            },
            "classifications": []
        },
        "instances_url": "https://api.github.com/repos/fcas/AutoViz/code-scanning/alerts/1/instances"
    }
]