[
    {
        "number": 7,
        "created_at": "2024-05-20T13:23:23Z",
        "updated_at": "2024-05-20T13:23:24Z",
        "url": "https://api.github.com/repos/fcas/BentoML/code-scanning/alerts/7",
        "html_url": "https://github.com/fcas/BentoML/security/code-scanning/7",
        "state": "open",
        "fixed_at": null,
        "dismissed_by": null,
        "dismissed_at": null,
        "dismissed_reason": null,
        "dismissed_comment": null,
        "rule": {
            "id": "py/bind-socket-all-network-interfaces",
            "severity": "error",
            "description": "Binding a socket to all network interfaces",
            "name": "py/bind-socket-all-network-interfaces",
            "tags": [
                "external/cwe/cwe-200",
                "security"
            ],
            "security_severity_level": "medium"
        },
        "tool": {
            "name": "CodeQL",
            "guid": null,
            "version": "2.17.2"
        },
        "most_recent_instance": {
            "ref": "refs/heads/main",
            "analysis_key": ".github/workflows/codeql.yml:analyze",
            "environment": "{\"build-mode\":\"none\",\"language\":\"python\"}",
            "category": "/language:python",
            "state": "open",
            "commit_sha": "93036e5f63126860ba7be73c749533a297f7df24",
            "message": {
                "text": "'0.0.0.0' binds a socket to all interfaces."
            },
            "location": {
                "path": "src/bentoml/_internal/utils/__init__.py",
                "start_line": 248,
                "end_line": 248,
                "start_column": 13,
                "end_column": 33
            },
            "classifications": []
        },
        "instances_url": "https://api.github.com/repos/fcas/BentoML/code-scanning/alerts/7/instances"
    },
    {
        "number": 6,
        "created_at": "2024-05-20T13:23:23Z",
        "updated_at": "2024-05-20T13:23:24Z",
        "url": "https://api.github.com/repos/fcas/BentoML/code-scanning/alerts/6",
        "html_url": "https://github.com/fcas/BentoML/security/code-scanning/6",
        "state": "open",
        "fixed_at": null,
        "dismissed_by": null,
        "dismissed_at": null,
        "dismissed_reason": null,
        "dismissed_comment": null,
        "rule": {
            "id": "py/bind-socket-all-network-interfaces",
            "severity": "error",
            "description": "Binding a socket to all network interfaces",
            "name": "py/bind-socket-all-network-interfaces",
            "tags": [
                "external/cwe/cwe-200",
                "security"
            ],
            "security_severity_level": "medium"
        },
        "tool": {
            "name": "CodeQL",
            "guid": null,
            "version": "2.17.2"
        },
        "most_recent_instance": {
            "ref": "refs/heads/main",
            "analysis_key": ".github/workflows/codeql.yml:analyze",
            "environment": "{\"build-mode\":\"none\",\"language\":\"python\"}",
            "category": "/language:python",
            "state": "open",
            "commit_sha": "93036e5f63126860ba7be73c749533a297f7df24",
            "message": {
                "text": "'0.0.0.0' binds a socket to all interfaces."
            },
            "location": {
                "path": "src/bentoml/_internal/utils/__init__.py",
                "start_line": 246,
                "end_line": 246,
                "start_column": 13,
                "end_column": 36
            },
            "classifications": []
        },
        "instances_url": "https://api.github.com/repos/fcas/BentoML/code-scanning/alerts/6/instances"
    },
    {
        "number": 5,
        "created_at": "2024-05-20T13:23:23Z",
        "updated_at": "2024-05-20T13:23:24Z",
        "url": "https://api.github.com/repos/fcas/BentoML/code-scanning/alerts/5",
        "html_url": "https://github.com/fcas/BentoML/security/code-scanning/5",
        "state": "open",
        "fixed_at": null,
        "dismissed_by": null,
        "dismissed_at": null,
        "dismissed_reason": null,
        "dismissed_comment": null,
        "rule": {
            "id": "py/bind-socket-all-network-interfaces",
            "severity": "error",
            "description": "Binding a socket to all network interfaces",
            "name": "py/bind-socket-all-network-interfaces",
            "tags": [
                "external/cwe/cwe-200",
                "security"
            ],
            "security_severity_level": "medium"
        },
        "tool": {
            "name": "CodeQL",
            "guid": null,
            "version": "2.17.2"
        },
        "most_recent_instance": {
            "ref": "refs/heads/main",
            "analysis_key": ".github/workflows/codeql.yml:analyze",
            "environment": "{\"build-mode\":\"none\",\"language\":\"python\"}",
            "category": "/language:python",
            "state": "open",
            "commit_sha": "93036e5f63126860ba7be73c749533a297f7df24",
            "message": {
                "text": "'0.0.0.0' binds a socket to all interfaces."
            },
            "location": {
                "path": "src/bentoml/_internal/utils/__init__.py",
                "start_line": 236,
                "end_line": 236,
                "start_column": 17,
                "end_column": 40
            },
            "classifications": []
        },
        "instances_url": "https://api.github.com/repos/fcas/BentoML/code-scanning/alerts/5/instances"
    },
    {
        "number": 4,
        "created_at": "2024-05-20T13:22:37Z",
        "updated_at": "2024-05-20T13:22:39Z",
        "url": "https://api.github.com/repos/fcas/BentoML/code-scanning/alerts/4",
        "html_url": "https://github.com/fcas/BentoML/security/code-scanning/4",
        "state": "open",
        "fixed_at": null,
        "dismissed_by": null,
        "dismissed_at": null,
        "dismissed_reason": null,
        "dismissed_comment": null,
        "rule": {
            "id": "js/overly-large-range",
            "severity": "warning",
            "description": "Overly permissive regular expression range",
            "name": "js/overly-large-range",
            "tags": [
                "correctness",
                "external/cwe/cwe-020",
                "security"
            ],
            "security_severity_level": "medium"
        },
        "tool": {
            "name": "CodeQL",
            "guid": null,
            "version": "2.17.2"
        },
        "most_recent_instance": {
            "ref": "refs/heads/main",
            "analysis_key": ".github/workflows/codeql.yml:analyze",
            "environment": "{\"build-mode\":\"none\",\"language\":\"javascript-typescript\"}",
            "category": "/language:javascript-typescript",
            "state": "open",
            "commit_sha": "93036e5f63126860ba7be73c749533a297f7df24",
            "message": {
                "text": "Suspicious character range that is equivalent to \\[A-Z\\\\[\\\\\\\\]^_`a-z\\]."
            },
            "location": {
                "path": "src/bentoml/_internal/server/static_content/swagger-ui-bundle.js",
                "start_line": 2,
                "end_line": 2,
                "start_column": 116652,
                "end_column": 116655
            },
            "classifications": []
        },
        "instances_url": "https://api.github.com/repos/fcas/BentoML/code-scanning/alerts/4/instances"
    },
    {
        "number": 3,
        "created_at": "2024-05-20T13:22:37Z",
        "updated_at": "2024-05-20T13:22:39Z",
        "url": "https://api.github.com/repos/fcas/BentoML/code-scanning/alerts/3",
        "html_url": "https://github.com/fcas/BentoML/security/code-scanning/3",
        "state": "open",
        "fixed_at": null,
        "dismissed_by": null,
        "dismissed_at": null,
        "dismissed_reason": null,
        "dismissed_comment": null,
        "rule": {
            "id": "js/overly-large-range",
            "severity": "warning",
            "description": "Overly permissive regular expression range",
            "name": "js/overly-large-range",
            "tags": [
                "correctness",
                "external/cwe/cwe-020",
                "security"
            ],
            "security_severity_level": "medium"
        },
        "tool": {
            "name": "CodeQL",
            "guid": null,
            "version": "2.17.2"
        },
        "most_recent_instance": {
            "ref": "refs/heads/main",
            "analysis_key": ".github/workflows/codeql.yml:analyze",
            "environment": "{\"build-mode\":\"none\",\"language\":\"javascript-typescript\"}",
            "category": "/language:javascript-typescript",
            "state": "open",
            "commit_sha": "93036e5f63126860ba7be73c749533a297f7df24",
            "message": {
                "text": "Suspicious character range that is equivalent to \\[A-Z\\\\[\\\\\\\\]^_`a-z\\]."
            },
            "location": {
                "path": "src/bentoml/_internal/server/static_content/swagger-ui-bundle.js",
                "start_line": 2,
                "end_line": 2,
                "start_column": 116639,
                "end_column": 116642
            },
            "classifications": []
        },
        "instances_url": "https://api.github.com/repos/fcas/BentoML/code-scanning/alerts/3/instances"
    },
    {
        "number": 2,
        "created_at": "2024-05-20T13:22:37Z",
        "updated_at": "2024-05-20T13:22:39Z",
        "url": "https://api.github.com/repos/fcas/BentoML/code-scanning/alerts/2",
        "html_url": "https://github.com/fcas/BentoML/security/code-scanning/2",
        "state": "open",
        "fixed_at": null,
        "dismissed_by": null,
        "dismissed_at": null,
        "dismissed_reason": null,
        "dismissed_comment": null,
        "rule": {
            "id": "js/overly-large-range",
            "severity": "warning",
            "description": "Overly permissive regular expression range",
            "name": "js/overly-large-range",
            "tags": [
                "correctness",
                "external/cwe/cwe-020",
                "security"
            ],
            "security_severity_level": "medium"
        },
        "tool": {
            "name": "CodeQL",
            "guid": null,
            "version": "2.17.2"
        },
        "most_recent_instance": {
            "ref": "refs/heads/main",
            "analysis_key": ".github/workflows/codeql.yml:analyze",
            "environment": "{\"build-mode\":\"none\",\"language\":\"javascript-typescript\"}",
            "category": "/language:javascript-typescript",
            "state": "open",
            "commit_sha": "93036e5f63126860ba7be73c749533a297f7df24",
            "message": {
                "text": "Suspicious character range that is equivalent to \\[A-Z\\\\[\\\\\\\\]^_`a-z\\]."
            },
            "location": {
                "path": "src/bentoml/_internal/server/static_content/swagger-ui-bundle.js",
                "start_line": 2,
                "end_line": 2,
                "start_column": 115479,
                "end_column": 115482
            },
            "classifications": []
        },
        "instances_url": "https://api.github.com/repos/fcas/BentoML/code-scanning/alerts/2/instances"
    },
    {
        "number": 1,
        "created_at": "2024-05-20T13:22:37Z",
        "updated_at": "2024-05-20T13:22:39Z",
        "url": "https://api.github.com/repos/fcas/BentoML/code-scanning/alerts/1",
        "html_url": "https://github.com/fcas/BentoML/security/code-scanning/1",
        "state": "open",
        "fixed_at": null,
        "dismissed_by": null,
        "dismissed_at": null,
        "dismissed_reason": null,
        "dismissed_comment": null,
        "rule": {
            "id": "js/overly-large-range",
            "severity": "warning",
            "description": "Overly permissive regular expression range",
            "name": "js/overly-large-range",
            "tags": [
                "correctness",
                "external/cwe/cwe-020",
                "security"
            ],
            "security_severity_level": "medium"
        },
        "tool": {
            "name": "CodeQL",
            "guid": null,
            "version": "2.17.2"
        },
        "most_recent_instance": {
            "ref": "refs/heads/main",
            "analysis_key": ".github/workflows/codeql.yml:analyze",
            "environment": "{\"build-mode\":\"none\",\"language\":\"javascript-typescript\"}",
            "category": "/language:javascript-typescript",
            "state": "open",
            "commit_sha": "93036e5f63126860ba7be73c749533a297f7df24",
            "message": {
                "text": "Suspicious character range that is equivalent to \\[A-Z\\\\[\\\\\\\\]^_`a-z\\]."
            },
            "location": {
                "path": "src/bentoml/_internal/server/static_content/swagger-ui-bundle.js",
                "start_line": 2,
                "end_line": 2,
                "start_column": 112905,
                "end_column": 112908
            },
            "classifications": []
        },
        "instances_url": "https://api.github.com/repos/fcas/BentoML/code-scanning/alerts/1/instances"
    }
]