[
    {
        "number": 1,
        "state": "open",
        "dependency": {
            "package": {
                "ecosystem": "npm",
                "name": "node-sass"
            },
            "manifest_path": "bowtie/src/package.json",
            "scope": "runtime"
        },
        "security_advisory": {
            "ghsa_id": "GHSA-r8f7-9pfq-mjmv",
            "cve_id": "CVE-2020-24025",
            "summary": "Improper Certificate Validation in node-sass",
            "description": "Certificate validation in node-sass 2.0.0 to 6.0.1 is disabled when requesting binaries even if the user is not specifying an alternative download path.",
            "severity": "medium",
            "identifiers": [
                {
                    "value": "GHSA-r8f7-9pfq-mjmv",
                    "type": "GHSA"
                },
                {
                    "value": "CVE-2020-24025",
                    "type": "CVE"
                }
            ],
            "references": [
                {
                    "url": "https://nvd.nist.gov/vuln/detail/CVE-2020-24025"
                },
                {
                    "url": "https://github.com/sass/node-sass/pull/567#issuecomment-656609236"
                },
                {
                    "url": "https://github.com/sass/node-sass/issues/3067"
                },
                {
                    "url": "https://github.com/sass/node-sass/pull/3149"
                },
                {
                    "url": "https://github.com/sass/node-sass/releases/tag/v7.0.0"
                },
                {
                    "url": "https://github.com/sass/node-sass/commit/0a21792803639851b480fbd8cbcb5540ef974387"
                },
                {
                    "url": "https://github.com/advisories/GHSA-r8f7-9pfq-mjmv"
                }
            ],
            "published_at": "2022-02-09T22:22:24Z",
            "updated_at": "2023-04-30T05:00:22Z",
            "withdrawn_at": null,
            "vulnerabilities": [
                {
                    "package": {
                        "ecosystem": "npm",
                        "name": "node-sass"
                    },
                    "severity": "medium",
                    "vulnerable_version_range": ">= 2.0.0, < 7.0.0",
                    "first_patched_version": {
                        "identifier": "7.0.0"
                    }
                }
            ],
            "cvss": {
                "vector_string": "CVSS:3.1/AV:N/AC:L/PR:N/UI:N/S:U/C:N/I:L/A:N",
                "score": 5.3
            },
            "cwes": [
                {
                    "cwe_id": "CWE-295",
                    "name": "Improper Certificate Validation"
                }
            ]
        },
        "security_vulnerability": {
            "package": {
                "ecosystem": "npm",
                "name": "node-sass"
            },
            "severity": "medium",
            "vulnerable_version_range": ">= 2.0.0, < 7.0.0",
            "first_patched_version": {
                "identifier": "7.0.0"
            }
        },
        "url": "https://api.github.com/repos/fcas/bowtie/dependabot/alerts/1",
        "html_url": "https://github.com/fcas/bowtie/security/dependabot/1",
        "created_at": "2024-05-20T13:34:29Z",
        "updated_at": "2024-05-20T13:34:29Z",
        "dismissed_at": null,
        "dismissed_by": null,
        "dismissed_reason": null,
        "dismissed_comment": null,
        "fixed_at": null,
        "auto_dismissed_at": null
    }
]