[
    {
        "number": 1,
        "created_at": "2024-05-20T13:41:08Z",
        "updated_at": "2024-05-20T13:41:10Z",
        "url": "https://api.github.com/repos/fcas/bqplot/code-scanning/alerts/1",
        "html_url": "https://github.com/fcas/bqplot/security/code-scanning/1",
        "state": "open",
        "fixed_at": null,
        "dismissed_by": null,
        "dismissed_at": null,
        "dismissed_reason": null,
        "dismissed_comment": null,
        "rule": {
            "id": "js/prototype-polluting-assignment",
            "severity": "warning",
            "description": "Prototype-polluting assignment",
            "name": "js/prototype-polluting-assignment",
            "tags": [
                "external/cwe/cwe-078",
                "external/cwe/cwe-079",
                "external/cwe/cwe-094",
                "external/cwe/cwe-400",
                "external/cwe/cwe-471",
                "external/cwe/cwe-915",
                "security"
            ],
            "security_severity_level": "medium"
        },
        "tool": {
            "name": "CodeQL",
            "guid": null,
            "version": "2.17.3"
        },
        "most_recent_instance": {
            "ref": "refs/heads/master",
            "analysis_key": ".github/workflows/codeql.yml:analyze",
            "environment": "{\"build-mode\":\"none\",\"language\":\"javascript-typescript\"}",
            "category": "/language:javascript-typescript",
            "state": "open",
            "commit_sha": "f0a9e18deb9a69c6258f37dbef9962027e20ccdf",
            "message": {
                "text": "This assignment may alter Object.prototype if a malicious '__proto__' string is injected from library input."
            },
            "location": {
                "path": "js/src/Figure.ts",
                "start_line": 756,
                "end_line": 756,
                "start_column": 5,
                "end_column": 19
            },
            "classifications": []
        },
        "instances_url": "https://api.github.com/repos/fcas/bqplot/code-scanning/alerts/1/instances"
    }
]