[
    {
        "number": 1,
        "created_at": "2024-05-19T03:20:48Z",
        "updated_at": "2024-05-19T03:20:49Z",
        "url": "https://api.github.com/repos/fcas/caffe/code-scanning/alerts/1",
        "html_url": "https://github.com/fcas/caffe/security/code-scanning/1",
        "state": "open",
        "fixed_at": null,
        "dismissed_by": null,
        "dismissed_at": null,
        "dismissed_reason": null,
        "dismissed_comment": null,
        "rule": {
            "id": "py/flask-debug",
            "severity": "error",
            "description": "Flask app is run in debug mode",
            "name": "py/flask-debug",
            "tags": [
                "external/cwe/cwe-215",
                "external/cwe/cwe-489",
                "security"
            ],
            "security_severity_level": "high"
        },
        "tool": {
            "name": "CodeQL",
            "guid": null,
            "version": "2.17.2"
        },
        "most_recent_instance": {
            "ref": "refs/heads/master",
            "analysis_key": ".github/workflows/codeql.yml:analyze",
            "environment": "{\"build-mode\":\"none\",\"language\":\"python\"}",
            "category": "/language:python",
            "state": "open",
            "commit_sha": "f36c9f3c4f863b0c3404c4acb6a05d207e4f20d9",
            "message": {
                "text": "A Flask app appears to be run in debug mode. This may allow an attacker to run arbitrary code through the debugger."
            },
            "location": {
                "path": "examples/web_demo/app.py",
                "start_line": 218,
                "end_line": 218,
                "start_column": 9,
                "end_column": 60
            },
            "classifications": []
        },
        "instances_url": "https://api.github.com/repos/fcas/caffe/code-scanning/alerts/1/instances"
    }
]