[
    {
        "number": 3,
        "state": "open",
        "dependency": {
            "package": {
                "ecosystem": "pip",
                "name": "onnx"
            },
            "manifest_path": "docs/requirements.txt",
            "scope": "runtime"
        },
        "security_advisory": {
            "ghsa_id": "GHSA-h8wv-9h96-m4hr",
            "cve_id": "CVE-2024-27319",
            "summary": "Onnx Out-of-bounds Read vulnerability",
            "description": "Versions of the package onnx before and including 1.15.0 are vulnerable to Out-of-bounds Read as the ONNX_ASSERT and ONNX_ASSERTM functions have an off by one string copy.\n",
            "severity": "medium",
            "identifiers": [
                {
                    "value": "GHSA-h8wv-9h96-m4hr",
                    "type": "GHSA"
                },
                {
                    "value": "CVE-2024-27319",
                    "type": "CVE"
                }
            ],
            "references": [
                {
                    "url": "https://nvd.nist.gov/vuln/detail/CVE-2024-27319"
                },
                {
                    "url": "https://github.com/onnx/onnx/commit/08a399ba75a805b7813ab8936b91d0e274b08287"
                },
                {
                    "url": "https://lists.fedoraproject.org/archives/list/package-announce@lists.fedoraproject.org/message/FGTBH5ZYL2LGYHIJDHN2MAUURIR5E7PY"
                },
                {
                    "url": "https://lists.fedoraproject.org/archives/list/package-announce@lists.fedoraproject.org/message/TFJJID2IZDOLFDMWVYTBDI75ZJQC6JOL"
                },
                {
                    "url": "https://github.com/advisories/GHSA-h8wv-9h96-m4hr"
                }
            ],
            "published_at": "2024-02-23T18:30:59Z",
            "updated_at": "2024-04-24T14:38:10Z",
            "withdrawn_at": null,
            "vulnerabilities": [
                {
                    "package": {
                        "ecosystem": "pip",
                        "name": "onnx"
                    },
                    "severity": "medium",
                    "vulnerable_version_range": "<= 1.15.0",
                    "first_patched_version": {
                        "identifier": "1.16.0"
                    }
                }
            ],
            "cvss": {
                "vector_string": "CVSS:3.1/AV:L/AC:L/PR:N/UI:R/S:U/C:L/I:N/A:L",
                "score": 4.4
            },
            "cwes": [
                {
                    "cwe_id": "CWE-125",
                    "name": "Out-of-bounds Read"
                }
            ]
        },
        "security_vulnerability": {
            "package": {
                "ecosystem": "pip",
                "name": "onnx"
            },
            "severity": "medium",
            "vulnerable_version_range": "<= 1.15.0",
            "first_patched_version": {
                "identifier": "1.16.0"
            }
        },
        "url": "https://api.github.com/repos/fcas/chainer/dependabot/alerts/3",
        "html_url": "https://github.com/fcas/chainer/security/dependabot/3",
        "created_at": "2024-05-20T17:48:04Z",
        "updated_at": "2024-05-20T17:48:04Z",
        "dismissed_at": null,
        "dismissed_by": null,
        "dismissed_reason": null,
        "dismissed_comment": null,
        "fixed_at": null,
        "auto_dismissed_at": null
    },
    {
        "number": 2,
        "state": "open",
        "dependency": {
            "package": {
                "ecosystem": "pip",
                "name": "onnx"
            },
            "manifest_path": "docs/requirements.txt",
            "scope": "runtime"
        },
        "security_advisory": {
            "ghsa_id": "GHSA-whh8-fjgc-qp73",
            "cve_id": "CVE-2024-27318",
            "summary": "Onnx Directory Traversal vulnerability",
            "description": "Versions of the package onnx before and including 1.15.0 are vulnerable to Directory Traversal as the external_data field of the tensor proto can have a path to the file which is outside the model current directory or user-provided directory. The vulnerability occurs as a bypass for the patch added for CVE-2022-25882.\n",
            "severity": "high",
            "identifiers": [
                {
                    "value": "GHSA-whh8-fjgc-qp73",
                    "type": "GHSA"
                },
                {
                    "value": "CVE-2024-27318",
                    "type": "CVE"
                }
            ],
            "references": [
                {
                    "url": "https://nvd.nist.gov/vuln/detail/CVE-2024-27318"
                },
                {
                    "url": "https://github.com/onnx/onnx/commit/66b7fb630903fdcf3e83b6b6d56d82e904264a20"
                },
                {
                    "url": "https://security.snyk.io/vuln/SNYK-PYTHON-ONNX-2395479"
                },
                {
                    "url": "https://lists.fedoraproject.org/archives/list/package-announce@lists.fedoraproject.org/message/FGTBH5ZYL2LGYHIJDHN2MAUURIR5E7PY"
                },
                {
                    "url": "https://lists.fedoraproject.org/archives/list/package-announce@lists.fedoraproject.org/message/TFJJID2IZDOLFDMWVYTBDI75ZJQC6JOL"
                },
                {
                    "url": "https://github.com/advisories/GHSA-whh8-fjgc-qp73"
                }
            ],
            "published_at": "2024-02-23T18:30:59Z",
            "updated_at": "2024-04-24T14:35:49Z",
            "withdrawn_at": null,
            "vulnerabilities": [
                {
                    "package": {
                        "ecosystem": "pip",
                        "name": "onnx"
                    },
                    "severity": "high",
                    "vulnerable_version_range": "<= 1.15.0",
                    "first_patched_version": {
                        "identifier": "1.16.0"
                    }
                }
            ],
            "cvss": {
                "vector_string": "CVSS:3.1/AV:N/AC:L/PR:N/UI:N/S:U/C:H/I:N/A:N",
                "score": 7.5
            },
            "cwes": [
                {
                    "cwe_id": "CWE-22",
                    "name": "Improper Limitation of a Pathname to a Restricted Directory ('Path Traversal')"
                }
            ]
        },
        "security_vulnerability": {
            "package": {
                "ecosystem": "pip",
                "name": "onnx"
            },
            "severity": "high",
            "vulnerable_version_range": "<= 1.15.0",
            "first_patched_version": {
                "identifier": "1.16.0"
            }
        },
        "url": "https://api.github.com/repos/fcas/chainer/dependabot/alerts/2",
        "html_url": "https://github.com/fcas/chainer/security/dependabot/2",
        "created_at": "2024-05-20T17:48:04Z",
        "updated_at": "2024-05-20T17:48:04Z",
        "dismissed_at": null,
        "dismissed_by": null,
        "dismissed_reason": null,
        "dismissed_comment": null,
        "fixed_at": null,
        "auto_dismissed_at": null
    },
    {
        "number": 1,
        "state": "open",
        "dependency": {
            "package": {
                "ecosystem": "pip",
                "name": "onnx"
            },
            "manifest_path": "docs/requirements.txt",
            "scope": "runtime"
        },
        "security_advisory": {
            "ghsa_id": "GHSA-ffxj-547x-5j7c",
            "cve_id": "CVE-2022-25882",
            "summary": "Directory Traversal in onnx",
            "description": "Versions of the package onnx before 1.13.0 are vulnerable to Directory Traversal as the external_data field of the tensor proto can have a path to the file which is outside the model current directory or user-provided directory, for example \"../../../etc/passwd\"",
            "severity": "high",
            "identifiers": [
                {
                    "value": "GHSA-ffxj-547x-5j7c",
                    "type": "GHSA"
                },
                {
                    "value": "CVE-2022-25882",
                    "type": "CVE"
                }
            ],
            "references": [
                {
                    "url": "https://nvd.nist.gov/vuln/detail/CVE-2022-25882"
                },
                {
                    "url": "https://github.com/onnx/onnx/issues/3991"
                },
                {
                    "url": "https://github.com/onnx/onnx/pull/4400"
                },
                {
                    "url": "https://github.com/onnx/onnx/commit/f369b0e859024095d721f1d1612da5a8fa38988d"
                },
                {
                    "url": "https://gist.github.com/jnovikov/02a9aff9bf2188033e77bd91ff062856"
                },
                {
                    "url": "https://github.com/onnx/onnx/blob/96516aecd4c110b0ac57eba08ac236ebf7205728/onnx/checker.cc%23L129"
                },
                {
                    "url": "https://security.snyk.io/vuln/SNYK-PYTHON-ONNX-2395479"
                },
                {
                    "url": "https://github.com/advisories/GHSA-ffxj-547x-5j7c"
                }
            ],
            "published_at": "2023-01-26T21:30:25Z",
            "updated_at": "2023-02-03T20:29:56Z",
            "withdrawn_at": null,
            "vulnerabilities": [
                {
                    "package": {
                        "ecosystem": "pip",
                        "name": "onnx"
                    },
                    "severity": "high",
                    "vulnerable_version_range": "< 1.13.0",
                    "first_patched_version": {
                        "identifier": "1.13.0"
                    }
                }
            ],
            "cvss": {
                "vector_string": "CVSS:3.1/AV:N/AC:L/PR:N/UI:N/S:U/C:H/I:N/A:N",
                "score": 7.5
            },
            "cwes": [
                {
                    "cwe_id": "CWE-22",
                    "name": "Improper Limitation of a Pathname to a Restricted Directory ('Path Traversal')"
                }
            ]
        },
        "security_vulnerability": {
            "package": {
                "ecosystem": "pip",
                "name": "onnx"
            },
            "severity": "high",
            "vulnerable_version_range": "< 1.13.0",
            "first_patched_version": {
                "identifier": "1.13.0"
            }
        },
        "url": "https://api.github.com/repos/fcas/chainer/dependabot/alerts/1",
        "html_url": "https://github.com/fcas/chainer/security/dependabot/1",
        "created_at": "2024-05-20T17:48:03Z",
        "updated_at": "2024-05-20T17:48:03Z",
        "dismissed_at": null,
        "dismissed_by": null,
        "dismissed_reason": null,
        "dismissed_comment": null,
        "fixed_at": null,
        "auto_dismissed_at": null
    }
]