[
    {
        "number": 6,
        "created_at": "2024-05-23T00:13:53Z",
        "updated_at": "2024-05-23T00:13:55Z",
        "url": "https://api.github.com/repos/fcas/ColossalAI/code-scanning/alerts/6",
        "html_url": "https://github.com/fcas/ColossalAI/security/code-scanning/6",
        "state": "open",
        "fixed_at": null,
        "dismissed_by": null,
        "dismissed_at": null,
        "dismissed_reason": null,
        "dismissed_comment": null,
        "rule": {
            "id": "py/stack-trace-exposure",
            "severity": "error",
            "description": "Information exposure through an exception",
            "name": "py/stack-trace-exposure",
            "tags": [
                "external/cwe/cwe-209",
                "external/cwe/cwe-497",
                "security"
            ],
            "security_severity_level": "medium"
        },
        "tool": {
            "name": "CodeQL",
            "guid": null,
            "version": "2.17.3"
        },
        "most_recent_instance": {
            "ref": "refs/heads/main",
            "analysis_key": ".github/workflows/codeql.yml:analyze",
            "environment": "{\"build-mode\":\"none\",\"language\":\"python\"}",
            "category": "/language:python",
            "state": "open",
            "commit_sha": "d9ee8b16b1b473a616a1ac6d17218f5d31ff2088",
            "message": {
                "text": "Stack trace information flows to this location and may be exposed to an external user."
            },
            "location": {
                "path": "applications/ColossalQA/examples/webui_demo/server.py",
                "start_line": 56,
                "end_line": 56,
                "start_column": 16,
                "end_column": 95
            },
            "classifications": []
        },
        "instances_url": "https://api.github.com/repos/fcas/ColossalAI/code-scanning/alerts/6/instances"
    },
    {
        "number": 5,
        "created_at": "2024-05-23T00:13:53Z",
        "updated_at": "2024-05-23T00:13:55Z",
        "url": "https://api.github.com/repos/fcas/ColossalAI/code-scanning/alerts/5",
        "html_url": "https://github.com/fcas/ColossalAI/security/code-scanning/5",
        "state": "open",
        "fixed_at": null,
        "dismissed_by": null,
        "dismissed_at": null,
        "dismissed_reason": null,
        "dismissed_comment": null,
        "rule": {
            "id": "py/bind-socket-all-network-interfaces",
            "severity": "error",
            "description": "Binding a socket to all network interfaces",
            "name": "py/bind-socket-all-network-interfaces",
            "tags": [
                "external/cwe/cwe-200",
                "security"
            ],
            "security_severity_level": "medium"
        },
        "tool": {
            "name": "CodeQL",
            "guid": null,
            "version": "2.17.3"
        },
        "most_recent_instance": {
            "ref": "refs/heads/main",
            "analysis_key": ".github/workflows/codeql.yml:analyze",
            "environment": "{\"build-mode\":\"none\",\"language\":\"python\"}",
            "category": "/language:python",
            "state": "open",
            "commit_sha": "d9ee8b16b1b473a616a1ac6d17218f5d31ff2088",
            "message": {
                "text": "'' binds a socket to all interfaces."
            },
            "location": {
                "path": "applications/ColossalChat/examples/community/ray/train_prompts_on_ray.py",
                "start_line": 89,
                "end_line": 89,
                "start_column": 13,
                "end_column": 31
            },
            "classifications": []
        },
        "instances_url": "https://api.github.com/repos/fcas/ColossalAI/code-scanning/alerts/5/instances"
    },
    {
        "number": 4,
        "created_at": "2024-05-23T00:13:53Z",
        "updated_at": "2024-05-23T00:13:55Z",
        "url": "https://api.github.com/repos/fcas/ColossalAI/code-scanning/alerts/4",
        "html_url": "https://github.com/fcas/ColossalAI/security/code-scanning/4",
        "state": "open",
        "fixed_at": null,
        "dismissed_by": null,
        "dismissed_at": null,
        "dismissed_reason": null,
        "dismissed_comment": null,
        "rule": {
            "id": "py/bind-socket-all-network-interfaces",
            "severity": "error",
            "description": "Binding a socket to all network interfaces",
            "name": "py/bind-socket-all-network-interfaces",
            "tags": [
                "external/cwe/cwe-200",
                "security"
            ],
            "security_severity_level": "medium"
        },
        "tool": {
            "name": "CodeQL",
            "guid": null,
            "version": "2.17.3"
        },
        "most_recent_instance": {
            "ref": "refs/heads/main",
            "analysis_key": ".github/workflows/codeql.yml:analyze",
            "environment": "{\"build-mode\":\"none\",\"language\":\"python\"}",
            "category": "/language:python",
            "state": "open",
            "commit_sha": "d9ee8b16b1b473a616a1ac6d17218f5d31ff2088",
            "message": {
                "text": "'' binds a socket to all interfaces."
            },
            "location": {
                "path": "applications/ColossalChat/examples/ray/mmmt_prompt.py",
                "start_line": 25,
                "end_line": 25,
                "start_column": 9,
                "end_column": 24
            },
            "classifications": []
        },
        "instances_url": "https://api.github.com/repos/fcas/ColossalAI/code-scanning/alerts/4/instances"
    },
    {
        "number": 3,
        "created_at": "2024-05-23T00:13:53Z",
        "updated_at": "2024-05-23T00:13:55Z",
        "url": "https://api.github.com/repos/fcas/ColossalAI/code-scanning/alerts/3",
        "html_url": "https://github.com/fcas/ColossalAI/security/code-scanning/3",
        "state": "open",
        "fixed_at": null,
        "dismissed_by": null,
        "dismissed_at": null,
        "dismissed_reason": null,
        "dismissed_comment": null,
        "rule": {
            "id": "py/bind-socket-all-network-interfaces",
            "severity": "error",
            "description": "Binding a socket to all network interfaces",
            "name": "py/bind-socket-all-network-interfaces",
            "tags": [
                "external/cwe/cwe-200",
                "security"
            ],
            "security_severity_level": "medium"
        },
        "tool": {
            "name": "CodeQL",
            "guid": null,
            "version": "2.17.3"
        },
        "most_recent_instance": {
            "ref": "refs/heads/main",
            "analysis_key": ".github/workflows/codeql.yml:analyze",
            "environment": "{\"build-mode\":\"none\",\"language\":\"python\"}",
            "category": "/language:python",
            "state": "open",
            "commit_sha": "d9ee8b16b1b473a616a1ac6d17218f5d31ff2088",
            "message": {
                "text": "'' binds a socket to all interfaces."
            },
            "location": {
                "path": "applications/ColossalChat/benchmarks/ray/mmmt_dummy.py",
                "start_line": 25,
                "end_line": 25,
                "start_column": 9,
                "end_column": 24
            },
            "classifications": [
                "test"
            ]
        },
        "instances_url": "https://api.github.com/repos/fcas/ColossalAI/code-scanning/alerts/3/instances"
    },
    {
        "number": 2,
        "created_at": "2024-05-23T00:13:53Z",
        "updated_at": "2024-05-23T00:13:55Z",
        "url": "https://api.github.com/repos/fcas/ColossalAI/code-scanning/alerts/2",
        "html_url": "https://github.com/fcas/ColossalAI/security/code-scanning/2",
        "state": "open",
        "fixed_at": null,
        "dismissed_by": null,
        "dismissed_at": null,
        "dismissed_reason": null,
        "dismissed_comment": null,
        "rule": {
            "id": "py/bind-socket-all-network-interfaces",
            "severity": "error",
            "description": "Binding a socket to all network interfaces",
            "name": "py/bind-socket-all-network-interfaces",
            "tags": [
                "external/cwe/cwe-200",
                "security"
            ],
            "security_severity_level": "medium"
        },
        "tool": {
            "name": "CodeQL",
            "guid": null,
            "version": "2.17.3"
        },
        "most_recent_instance": {
            "ref": "refs/heads/main",
            "analysis_key": ".github/workflows/codeql.yml:analyze",
            "environment": "{\"build-mode\":\"none\",\"language\":\"python\"}",
            "category": "/language:python",
            "state": "open",
            "commit_sha": "d9ee8b16b1b473a616a1ac6d17218f5d31ff2088",
            "message": {
                "text": "'' binds a socket to all interfaces."
            },
            "location": {
                "path": "applications/ColossalChat/benchmarks/ray/1mmt_dummy.py",
                "start_line": 25,
                "end_line": 25,
                "start_column": 9,
                "end_column": 24
            },
            "classifications": [
                "test"
            ]
        },
        "instances_url": "https://api.github.com/repos/fcas/ColossalAI/code-scanning/alerts/2/instances"
    },
    {
        "number": 1,
        "created_at": "2024-05-23T00:13:53Z",
        "updated_at": "2024-05-23T00:13:55Z",
        "url": "https://api.github.com/repos/fcas/ColossalAI/code-scanning/alerts/1",
        "html_url": "https://github.com/fcas/ColossalAI/security/code-scanning/1",
        "state": "open",
        "fixed_at": null,
        "dismissed_by": null,
        "dismissed_at": null,
        "dismissed_reason": null,
        "dismissed_comment": null,
        "rule": {
            "id": "py/bind-socket-all-network-interfaces",
            "severity": "error",
            "description": "Binding a socket to all network interfaces",
            "name": "py/bind-socket-all-network-interfaces",
            "tags": [
                "external/cwe/cwe-200",
                "security"
            ],
            "security_severity_level": "medium"
        },
        "tool": {
            "name": "CodeQL",
            "guid": null,
            "version": "2.17.3"
        },
        "most_recent_instance": {
            "ref": "refs/heads/main",
            "analysis_key": ".github/workflows/codeql.yml:analyze",
            "environment": "{\"build-mode\":\"none\",\"language\":\"python\"}",
            "category": "/language:python",
            "state": "open",
            "commit_sha": "d9ee8b16b1b473a616a1ac6d17218f5d31ff2088",
            "message": {
                "text": "'' binds a socket to all interfaces."
            },
            "location": {
                "path": "applications/ColossalChat/examples/ray/1mmt_prompt.py",
                "start_line": 25,
                "end_line": 25,
                "start_column": 9,
                "end_column": 24
            },
            "classifications": []
        },
        "instances_url": "https://api.github.com/repos/fcas/ColossalAI/code-scanning/alerts/1/instances"
    }
]