[
    {
        "number": 2,
        "created_at": "2024-05-19T15:41:18Z",
        "updated_at": "2024-05-19T15:41:20Z",
        "url": "https://api.github.com/repos/fcas/cornac/code-scanning/alerts/2",
        "html_url": "https://github.com/fcas/cornac/security/code-scanning/2",
        "state": "open",
        "fixed_at": null,
        "dismissed_by": null,
        "dismissed_at": null,
        "dismissed_reason": null,
        "dismissed_comment": null,
        "rule": {
            "id": "py/code-injection",
            "severity": "error",
            "description": "Code injection",
            "name": "py/code-injection",
            "tags": [
                "external/cwe/cwe-094",
                "external/cwe/cwe-095",
                "external/cwe/cwe-116",
                "security"
            ],
            "security_severity_level": "critical"
        },
        "tool": {
            "name": "CodeQL",
            "guid": null,
            "version": "2.17.3"
        },
        "most_recent_instance": {
            "ref": "refs/heads/master",
            "analysis_key": ".github/workflows/codeql.yml:analyze",
            "environment": "{\"build-mode\":\"none\",\"language\":\"python\"}",
            "category": "/language:python",
            "state": "open",
            "commit_sha": "621404c4199db9142823cd083c715b7814e535f3",
            "message": {
                "text": "This code execution depends on a user-provided value."
            },
            "location": {
                "path": "cornac/serving/app.py",
                "start_line": 46,
                "end_line": 46,
                "start_column": 17,
                "end_column": 21
            },
            "classifications": []
        },
        "instances_url": "https://api.github.com/repos/fcas/cornac/code-scanning/alerts/2/instances"
    },
    {
        "number": 1,
        "created_at": "2024-05-19T15:41:18Z",
        "updated_at": "2024-05-19T15:41:20Z",
        "url": "https://api.github.com/repos/fcas/cornac/code-scanning/alerts/1",
        "html_url": "https://github.com/fcas/cornac/security/code-scanning/1",
        "state": "open",
        "fixed_at": null,
        "dismissed_by": null,
        "dismissed_at": null,
        "dismissed_reason": null,
        "dismissed_comment": null,
        "rule": {
            "id": "py/reflective-xss",
            "severity": "error",
            "description": "Reflected server-side cross-site scripting",
            "name": "py/reflective-xss",
            "tags": [
                "external/cwe/cwe-079",
                "external/cwe/cwe-116",
                "security"
            ],
            "security_severity_level": "medium"
        },
        "tool": {
            "name": "CodeQL",
            "guid": null,
            "version": "2.17.3"
        },
        "most_recent_instance": {
            "ref": "refs/heads/master",
            "analysis_key": ".github/workflows/codeql.yml:analyze",
            "environment": "{\"build-mode\":\"none\",\"language\":\"python\"}",
            "category": "/language:python",
            "state": "open",
            "commit_sha": "621404c4199db9142823cd083c715b7814e535f3",
            "message": {
                "text": "Cross-site scripting vulnerability due to a user-provided value."
            },
            "location": {
                "path": "cornac/serving/app.py",
                "start_line": 227,
                "end_line": 227,
                "start_column": 12,
                "end_column": 65
            },
            "classifications": []
        },
        "instances_url": "https://api.github.com/repos/fcas/cornac/code-scanning/alerts/1/instances"
    }
]