[
    {
        "number": 1,
        "created_at": "2024-05-19T02:15:19Z",
        "updated_at": "2024-05-19T02:15:21Z",
        "url": "https://api.github.com/repos/fcas/couler/code-scanning/alerts/1",
        "html_url": "https://github.com/fcas/couler/security/code-scanning/1",
        "state": "open",
        "fixed_at": null,
        "dismissed_by": null,
        "dismissed_at": null,
        "dismissed_reason": null,
        "dismissed_comment": null,
        "rule": {
            "id": "py/weak-sensitive-data-hashing",
            "severity": "warning",
            "description": "Use of a broken or weak cryptographic hashing algorithm on sensitive data",
            "name": "py/weak-sensitive-data-hashing",
            "tags": [
                "external/cwe/cwe-327",
                "external/cwe/cwe-328",
                "external/cwe/cwe-916",
                "security"
            ],
            "security_severity_level": "high"
        },
        "tool": {
            "name": "CodeQL",
            "guid": null,
            "version": "2.17.3"
        },
        "most_recent_instance": {
            "ref": "refs/heads/master",
            "analysis_key": ".github/workflows/codeql.yml:analyze",
            "environment": "{\"build-mode\":\"none\",\"language\":\"python\"}",
            "category": "/language:python",
            "state": "open",
            "commit_sha": "b710db9188aeea8ab6aaa4d92fa05f8985a56770",
            "message": {
                "text": "Sensitive data (secret) is used in a hashing algorithm (MD5) that is insecure.\nSensitive data (secret) is used in a hashing algorithm (MD5) that is insecure.\nSensitive data (secret) is used in a hashing algorithm (MD5) that is insecure.\nSensitive data (secret) is used in a hashing algorithm (MD5) that is insecure.\nSensitive data (secret) is used in a hashing algorithm (MD5) that is insecure.\nSensitive data (secret) is used in a hashing algorithm (MD5) that is insecure.\nSensitive data (secret) is used in a hashing algorithm (MD5) that is insecure.\nSensitive data (secret) is used in a hashing algorithm (MD5) that is insecure.\nSensitive data (secret) is used in a hashing algorithm (MD5) that is insecure.\nSensitive data (secret) is used in a hashing algorithm (MD5) that is insecure.\nSensitive data (secret) is used in a hashing algorithm (MD5) that is insecure.\nSensitive data (secret) is used in a hashing algorithm (MD5) that is insecure.\nSensitive data (secret) is used in a hashing algorithm (MD5) that is insecure.\nSensitive data (secret) is used in a hashing algorithm (MD5) that is insecure."
            },
            "location": {
                "path": "couler/core/templates/secret.py",
                "start_line": 34,
                "end_line": 34,
                "start_column": 13,
                "end_column": 61
            },
            "classifications": []
        },
        "instances_url": "https://api.github.com/repos/fcas/couler/code-scanning/alerts/1/instances"
    }
]