[
    {
        "number": 2,
        "created_at": "2024-05-23T09:41:46Z",
        "updated_at": "2024-05-23T09:41:47Z",
        "url": "https://api.github.com/repos/fcas/deeplake/code-scanning/alerts/2",
        "html_url": "https://github.com/fcas/deeplake/security/code-scanning/2",
        "state": "open",
        "fixed_at": null,
        "dismissed_by": null,
        "dismissed_at": null,
        "dismissed_reason": null,
        "dismissed_comment": null,
        "rule": {
            "id": "py/polynomial-redos",
            "severity": "warning",
            "description": "Polynomial regular expression used on uncontrolled data",
            "name": "py/polynomial-redos",
            "tags": [
                "external/cwe/cwe-1333",
                "external/cwe/cwe-400",
                "external/cwe/cwe-730",
                "security"
            ],
            "security_severity_level": "high"
        },
        "tool": {
            "name": "CodeQL",
            "guid": null,
            "version": "2.17.3"
        },
        "most_recent_instance": {
            "ref": "refs/heads/main",
            "analysis_key": ".github/workflows/codeql.yml:analyze",
            "environment": "{\"build-mode\":\"none\",\"language\":\"python\"}",
            "category": "/language:python",
            "state": "open",
            "commit_sha": "d4b53dd888fd8a5bd8ce2c34f5efb567599bac03",
            "message": {
                "text": "This regular expression that depends on a user-provided value may run slow on strings with many repetitions of '0'."
            },
            "location": {
                "path": "deeplake/visualizer/visualizer.py",
                "start_line": 202,
                "end_line": 202,
                "start_column": 47,
                "end_column": 59
            },
            "classifications": []
        },
        "instances_url": "https://api.github.com/repos/fcas/deeplake/code-scanning/alerts/2/instances"
    },
    {
        "number": 1,
        "created_at": "2024-05-23T09:41:46Z",
        "updated_at": "2024-05-23T09:41:47Z",
        "url": "https://api.github.com/repos/fcas/deeplake/code-scanning/alerts/1",
        "html_url": "https://github.com/fcas/deeplake/security/code-scanning/1",
        "state": "open",
        "fixed_at": null,
        "dismissed_by": null,
        "dismissed_at": null,
        "dismissed_reason": null,
        "dismissed_comment": null,
        "rule": {
            "id": "py/polynomial-redos",
            "severity": "warning",
            "description": "Polynomial regular expression used on uncontrolled data",
            "name": "py/polynomial-redos",
            "tags": [
                "external/cwe/cwe-1333",
                "external/cwe/cwe-400",
                "external/cwe/cwe-730",
                "security"
            ],
            "security_severity_level": "high"
        },
        "tool": {
            "name": "CodeQL",
            "guid": null,
            "version": "2.17.3"
        },
        "most_recent_instance": {
            "ref": "refs/heads/main",
            "analysis_key": ".github/workflows/codeql.yml:analyze",
            "environment": "{\"build-mode\":\"none\",\"language\":\"python\"}",
            "category": "/language:python",
            "state": "open",
            "commit_sha": "d4b53dd888fd8a5bd8ce2c34f5efb567599bac03",
            "message": {
                "text": "This regular expression that depends on a user-provided value may run slow on strings with many repetitions of '0'."
            },
            "location": {
                "path": "deeplake/visualizer/video_streaming.py",
                "start_line": 191,
                "end_line": 191,
                "start_column": 43,
                "end_column": 55
            },
            "classifications": []
        },
        "instances_url": "https://api.github.com/repos/fcas/deeplake/code-scanning/alerts/1/instances"
    }
]