[
    {
        "number": 6,
        "created_at": "2024-05-18T23:43:54Z",
        "updated_at": "2024-05-18T23:43:55Z",
        "url": "https://api.github.com/repos/fcas/deepface/code-scanning/alerts/6",
        "html_url": "https://github.com/fcas/deepface/security/code-scanning/6",
        "state": "open",
        "fixed_at": null,
        "dismissed_by": null,
        "dismissed_at": null,
        "dismissed_reason": null,
        "dismissed_comment": null,
        "rule": {
            "id": "py/path-injection",
            "severity": "error",
            "description": "Uncontrolled data used in path expression",
            "name": "py/path-injection",
            "tags": [
                "correctness",
                "external/cwe/cwe-022",
                "external/cwe/cwe-023",
                "external/cwe/cwe-036",
                "external/cwe/cwe-073",
                "external/cwe/cwe-099",
                "security"
            ],
            "security_severity_level": "high"
        },
        "tool": {
            "name": "CodeQL",
            "guid": null,
            "version": "2.17.3"
        },
        "most_recent_instance": {
            "ref": "refs/heads/master",
            "analysis_key": ".github/workflows/codeql.yml:analyze",
            "environment": "{\"build-mode\":\"none\",\"language\":\"python\"}",
            "category": "/language:python",
            "state": "open",
            "commit_sha": "92c22a93bed42e83d9c2324377966850ce6e0327",
            "message": {
                "text": "This path depends on a user-provided value."
            },
            "location": {
                "path": "deepface/commons/image_utils.py",
                "start_line": 93,
                "end_line": 93,
                "start_column": 23,
                "end_column": 26
            },
            "classifications": []
        },
        "instances_url": "https://api.github.com/repos/fcas/deepface/code-scanning/alerts/6/instances"
    },
    {
        "number": 5,
        "created_at": "2024-05-18T23:43:54Z",
        "updated_at": "2024-05-18T23:43:55Z",
        "url": "https://api.github.com/repos/fcas/deepface/code-scanning/alerts/5",
        "html_url": "https://github.com/fcas/deepface/security/code-scanning/5",
        "state": "open",
        "fixed_at": null,
        "dismissed_by": null,
        "dismissed_at": null,
        "dismissed_reason": null,
        "dismissed_comment": null,
        "rule": {
            "id": "py/reflective-xss",
            "severity": "error",
            "description": "Reflected server-side cross-site scripting",
            "name": "py/reflective-xss",
            "tags": [
                "external/cwe/cwe-079",
                "external/cwe/cwe-116",
                "security"
            ],
            "security_severity_level": "medium"
        },
        "tool": {
            "name": "CodeQL",
            "guid": null,
            "version": "2.17.3"
        },
        "most_recent_instance": {
            "ref": "refs/heads/master",
            "analysis_key": ".github/workflows/codeql.yml:analyze",
            "environment": "{\"build-mode\":\"none\",\"language\":\"python\"}",
            "category": "/language:python",
            "state": "open",
            "commit_sha": "92c22a93bed42e83d9c2324377966850ce6e0327",
            "message": {
                "text": "Cross-site scripting vulnerability due to a user-provided value."
            },
            "location": {
                "path": "deepface/api/src/modules/core/routes.py",
                "start_line": 78,
                "end_line": 78,
                "start_column": 12,
                "end_column": 24
            },
            "classifications": []
        },
        "instances_url": "https://api.github.com/repos/fcas/deepface/code-scanning/alerts/5/instances"
    },
    {
        "number": 4,
        "created_at": "2024-05-18T23:43:54Z",
        "updated_at": "2024-05-18T23:43:55Z",
        "url": "https://api.github.com/repos/fcas/deepface/code-scanning/alerts/4",
        "html_url": "https://github.com/fcas/deepface/security/code-scanning/4",
        "state": "open",
        "fixed_at": null,
        "dismissed_by": null,
        "dismissed_at": null,
        "dismissed_reason": null,
        "dismissed_comment": null,
        "rule": {
            "id": "py/stack-trace-exposure",
            "severity": "error",
            "description": "Information exposure through an exception",
            "name": "py/stack-trace-exposure",
            "tags": [
                "external/cwe/cwe-209",
                "external/cwe/cwe-497",
                "security"
            ],
            "security_severity_level": "medium"
        },
        "tool": {
            "name": "CodeQL",
            "guid": null,
            "version": "2.17.3"
        },
        "most_recent_instance": {
            "ref": "refs/heads/master",
            "analysis_key": ".github/workflows/codeql.yml:analyze",
            "environment": "{\"build-mode\":\"none\",\"language\":\"python\"}",
            "category": "/language:python",
            "state": "open",
            "commit_sha": "92c22a93bed42e83d9c2324377966850ce6e0327",
            "message": {
                "text": "Stack trace information flows to this location and may be exposed to an external user."
            },
            "location": {
                "path": "deepface/api/src/modules/core/routes.py",
                "start_line": 107,
                "end_line": 107,
                "start_column": 12,
                "end_column": 24
            },
            "classifications": []
        },
        "instances_url": "https://api.github.com/repos/fcas/deepface/code-scanning/alerts/4/instances"
    },
    {
        "number": 3,
        "created_at": "2024-05-18T23:43:54Z",
        "updated_at": "2024-05-18T23:43:55Z",
        "url": "https://api.github.com/repos/fcas/deepface/code-scanning/alerts/3",
        "html_url": "https://github.com/fcas/deepface/security/code-scanning/3",
        "state": "open",
        "fixed_at": null,
        "dismissed_by": null,
        "dismissed_at": null,
        "dismissed_reason": null,
        "dismissed_comment": null,
        "rule": {
            "id": "py/stack-trace-exposure",
            "severity": "error",
            "description": "Information exposure through an exception",
            "name": "py/stack-trace-exposure",
            "tags": [
                "external/cwe/cwe-209",
                "external/cwe/cwe-497",
                "security"
            ],
            "security_severity_level": "medium"
        },
        "tool": {
            "name": "CodeQL",
            "guid": null,
            "version": "2.17.3"
        },
        "most_recent_instance": {
            "ref": "refs/heads/master",
            "analysis_key": ".github/workflows/codeql.yml:analyze",
            "environment": "{\"build-mode\":\"none\",\"language\":\"python\"}",
            "category": "/language:python",
            "state": "open",
            "commit_sha": "92c22a93bed42e83d9c2324377966850ce6e0327",
            "message": {
                "text": "Stack trace information flows to this location and may be exposed to an external user."
            },
            "location": {
                "path": "deepface/api/src/modules/core/routes.py",
                "start_line": 78,
                "end_line": 78,
                "start_column": 12,
                "end_column": 24
            },
            "classifications": []
        },
        "instances_url": "https://api.github.com/repos/fcas/deepface/code-scanning/alerts/3/instances"
    },
    {
        "number": 2,
        "created_at": "2024-05-18T23:43:54Z",
        "updated_at": "2024-05-18T23:43:55Z",
        "url": "https://api.github.com/repos/fcas/deepface/code-scanning/alerts/2",
        "html_url": "https://github.com/fcas/deepface/security/code-scanning/2",
        "state": "open",
        "fixed_at": null,
        "dismissed_by": null,
        "dismissed_at": null,
        "dismissed_reason": null,
        "dismissed_comment": null,
        "rule": {
            "id": "py/stack-trace-exposure",
            "severity": "error",
            "description": "Information exposure through an exception",
            "name": "py/stack-trace-exposure",
            "tags": [
                "external/cwe/cwe-209",
                "external/cwe/cwe-497",
                "security"
            ],
            "security_severity_level": "medium"
        },
        "tool": {
            "name": "CodeQL",
            "guid": null,
            "version": "2.17.3"
        },
        "most_recent_instance": {
            "ref": "refs/heads/master",
            "analysis_key": ".github/workflows/codeql.yml:analyze",
            "environment": "{\"build-mode\":\"none\",\"language\":\"python\"}",
            "category": "/language:python",
            "state": "open",
            "commit_sha": "92c22a93bed42e83d9c2324377966850ce6e0327",
            "message": {
                "text": "Stack trace information flows to this location and may be exposed to an external user."
            },
            "location": {
                "path": "deepface/api/src/modules/core/routes.py",
                "start_line": 41,
                "end_line": 41,
                "start_column": 12,
                "end_column": 15
            },
            "classifications": []
        },
        "instances_url": "https://api.github.com/repos/fcas/deepface/code-scanning/alerts/2/instances"
    },
    {
        "number": 1,
        "created_at": "2024-05-18T23:43:54Z",
        "updated_at": "2024-05-18T23:43:55Z",
        "url": "https://api.github.com/repos/fcas/deepface/code-scanning/alerts/1",
        "html_url": "https://github.com/fcas/deepface/security/code-scanning/1",
        "state": "open",
        "fixed_at": null,
        "dismissed_by": null,
        "dismissed_at": null,
        "dismissed_reason": null,
        "dismissed_comment": null,
        "rule": {
            "id": "py/full-ssrf",
            "severity": "error",
            "description": "Full server-side request forgery",
            "name": "py/full-ssrf",
            "tags": [
                "external/cwe/cwe-918",
                "security"
            ],
            "security_severity_level": "critical"
        },
        "tool": {
            "name": "CodeQL",
            "guid": null,
            "version": "2.17.3"
        },
        "most_recent_instance": {
            "ref": "refs/heads/master",
            "analysis_key": ".github/workflows/codeql.yml:analyze",
            "environment": "{\"build-mode\":\"none\",\"language\":\"python\"}",
            "category": "/language:python",
            "state": "open",
            "commit_sha": "92c22a93bed42e83d9c2324377966850ce6e0327",
            "message": {
                "text": "The full URL of this request depends on a user-provided value."
            },
            "location": {
                "path": "deepface/commons/image_utils.py",
                "start_line": 145,
                "end_line": 145,
                "start_column": 16,
                "end_column": 58
            },
            "classifications": []
        },
        "instances_url": "https://api.github.com/repos/fcas/deepface/code-scanning/alerts/1/instances"
    }
]