[
    {
        "number": 3,
        "state": "open",
        "dependency": {
            "package": {
                "ecosystem": "pip",
                "name": "transformers"
            },
            "manifest_path": "requirements/nlp-requirements.txt",
            "scope": "runtime"
        },
        "security_advisory": {
            "ghsa_id": "GHSA-37q5-v5qm-c9v8",
            "cve_id": "CVE-2024-3568",
            "summary": "Transformers Deserialization of Untrusted Data vulnerability",
            "description": "The huggingface/transformers library is vulnerable to arbitrary code execution through deserialization of untrusted data within the `load_repo_checkpoint()` function of the `TFPreTrainedModel()` class. Attackers can execute arbitrary code and commands by crafting a malicious serialized payload, exploiting the use of `pickle.load()` on data from potentially untrusted sources. This vulnerability allows for remote code execution (RCE) by deceiving victims into loading a seemingly harmless checkpoint during a normal training process, thereby enabling attackers to execute arbitrary code on the targeted machine.",
            "severity": "low",
            "identifiers": [
                {
                    "value": "GHSA-37q5-v5qm-c9v8",
                    "type": "GHSA"
                },
                {
                    "value": "CVE-2024-3568",
                    "type": "CVE"
                }
            ],
            "references": [
                {
                    "url": "https://nvd.nist.gov/vuln/detail/CVE-2024-3568"
                },
                {
                    "url": "https://github.com/huggingface/transformers/commit/693667b8ac8138b83f8adb6522ddaf42fa07c125"
                },
                {
                    "url": "https://huntr.com/bounties/b3c36992-5264-4d7f-9906-a996efafba8f"
                },
                {
                    "url": "https://github.com/advisories/GHSA-37q5-v5qm-c9v8"
                }
            ],
            "published_at": "2024-04-10T18:30:48Z",
            "updated_at": "2024-04-10T22:20:57Z",
            "withdrawn_at": null,
            "vulnerabilities": [
                {
                    "package": {
                        "ecosystem": "pip",
                        "name": "transformers"
                    },
                    "severity": "low",
                    "vulnerable_version_range": "< 4.38.0",
                    "first_patched_version": {
                        "identifier": "4.38.0"
                    }
                }
            ],
            "cvss": {
                "vector_string": "CVSS:3.0/AV:N/AC:H/PR:N/UI:R/S:C/C:N/I:N/A:L",
                "score": 3.4
            },
            "cwes": [
                {
                    "cwe_id": "CWE-502",
                    "name": "Deserialization of Untrusted Data"
                }
            ]
        },
        "security_vulnerability": {
            "package": {
                "ecosystem": "pip",
                "name": "transformers"
            },
            "severity": "low",
            "vulnerable_version_range": "< 4.38.0",
            "first_patched_version": {
                "identifier": "4.38.0"
            }
        },
        "url": "https://api.github.com/repos/fcas/deepchecks/dependabot/alerts/3",
        "html_url": "https://github.com/fcas/deepchecks/security/dependabot/3",
        "created_at": "2024-05-24T01:34:30Z",
        "updated_at": "2024-05-24T01:34:30Z",
        "dismissed_at": null,
        "dismissed_by": null,
        "dismissed_reason": null,
        "dismissed_comment": null,
        "fixed_at": null,
        "auto_dismissed_at": null
    },
    {
        "number": 2,
        "state": "open",
        "dependency": {
            "package": {
                "ecosystem": "pip",
                "name": "transformers"
            },
            "manifest_path": "requirements/dev-nlp-requirements.txt",
            "scope": "development"
        },
        "security_advisory": {
            "ghsa_id": "GHSA-37q5-v5qm-c9v8",
            "cve_id": "CVE-2024-3568",
            "summary": "Transformers Deserialization of Untrusted Data vulnerability",
            "description": "The huggingface/transformers library is vulnerable to arbitrary code execution through deserialization of untrusted data within the `load_repo_checkpoint()` function of the `TFPreTrainedModel()` class. Attackers can execute arbitrary code and commands by crafting a malicious serialized payload, exploiting the use of `pickle.load()` on data from potentially untrusted sources. This vulnerability allows for remote code execution (RCE) by deceiving victims into loading a seemingly harmless checkpoint during a normal training process, thereby enabling attackers to execute arbitrary code on the targeted machine.",
            "severity": "low",
            "identifiers": [
                {
                    "value": "GHSA-37q5-v5qm-c9v8",
                    "type": "GHSA"
                },
                {
                    "value": "CVE-2024-3568",
                    "type": "CVE"
                }
            ],
            "references": [
                {
                    "url": "https://nvd.nist.gov/vuln/detail/CVE-2024-3568"
                },
                {
                    "url": "https://github.com/huggingface/transformers/commit/693667b8ac8138b83f8adb6522ddaf42fa07c125"
                },
                {
                    "url": "https://huntr.com/bounties/b3c36992-5264-4d7f-9906-a996efafba8f"
                },
                {
                    "url": "https://github.com/advisories/GHSA-37q5-v5qm-c9v8"
                }
            ],
            "published_at": "2024-04-10T18:30:48Z",
            "updated_at": "2024-04-10T22:20:57Z",
            "withdrawn_at": null,
            "vulnerabilities": [
                {
                    "package": {
                        "ecosystem": "pip",
                        "name": "transformers"
                    },
                    "severity": "low",
                    "vulnerable_version_range": "< 4.38.0",
                    "first_patched_version": {
                        "identifier": "4.38.0"
                    }
                }
            ],
            "cvss": {
                "vector_string": "CVSS:3.0/AV:N/AC:H/PR:N/UI:R/S:C/C:N/I:N/A:L",
                "score": 3.4
            },
            "cwes": [
                {
                    "cwe_id": "CWE-502",
                    "name": "Deserialization of Untrusted Data"
                }
            ]
        },
        "security_vulnerability": {
            "package": {
                "ecosystem": "pip",
                "name": "transformers"
            },
            "severity": "low",
            "vulnerable_version_range": "< 4.38.0",
            "first_patched_version": {
                "identifier": "4.38.0"
            }
        },
        "url": "https://api.github.com/repos/fcas/deepchecks/dependabot/alerts/2",
        "html_url": "https://github.com/fcas/deepchecks/security/dependabot/2",
        "created_at": "2024-05-24T01:34:30Z",
        "updated_at": "2024-05-24T01:34:30Z",
        "dismissed_at": null,
        "dismissed_by": null,
        "dismissed_reason": null,
        "dismissed_comment": null,
        "fixed_at": null,
        "auto_dismissed_at": null
    },
    {
        "number": 1,
        "state": "open",
        "dependency": {
            "package": {
                "ecosystem": "pip",
                "name": "torch"
            },
            "manifest_path": "requirements/dev-nlp-requirements.txt",
            "scope": "development"
        },
        "security_advisory": {
            "ghsa_id": "GHSA-47fc-vmwq-366v",
            "cve_id": "CVE-2022-45907",
            "summary": "PyTorch vulnerable to arbitrary code execution",
            "description": "In PyTorch before trunk/89695, torch.jit.annotations.parse_type_line can cause arbitrary code execution because eval is used unsafely. The fix for this issue is available in version 1.13.1. There is a release checker in [issue #89855](https://github.com/pytorch/pytorch/issues/89855).",
            "severity": "critical",
            "identifiers": [
                {
                    "value": "GHSA-47fc-vmwq-366v",
                    "type": "GHSA"
                },
                {
                    "value": "CVE-2022-45907",
                    "type": "CVE"
                }
            ],
            "references": [
                {
                    "url": "https://nvd.nist.gov/vuln/detail/CVE-2022-45907"
                },
                {
                    "url": "https://github.com/pytorch/pytorch/issues/88868"
                },
                {
                    "url": "https://github.com/pytorch/pytorch/commit/767f6aa49fe20a2766b9843d01e3b7f7793df6a3"
                },
                {
                    "url": "https://github.com/pytorch/pytorch/issues/89855"
                },
                {
                    "url": "https://github.com/pytorch/pytorch/pull/89189"
                },
                {
                    "url": "https://github.com/pytorch/pytorch/releases/tag/v1.13.1"
                },
                {
                    "url": "https://github.com/advisories/GHSA-47fc-vmwq-366v"
                }
            ],
            "published_at": "2022-11-26T03:30:27Z",
            "updated_at": "2023-01-30T05:01:22Z",
            "withdrawn_at": null,
            "vulnerabilities": [
                {
                    "package": {
                        "ecosystem": "pip",
                        "name": "torch"
                    },
                    "severity": "critical",
                    "vulnerable_version_range": "<= 1.13.0",
                    "first_patched_version": {
                        "identifier": "1.13.1"
                    }
                }
            ],
            "cvss": {
                "vector_string": "CVSS:3.1/AV:N/AC:L/PR:N/UI:N/S:U/C:H/I:H/A:H",
                "score": 9.8
            },
            "cwes": [
                {
                    "cwe_id": "CWE-77",
                    "name": "Improper Neutralization of Special Elements used in a Command ('Command Injection')"
                }
            ]
        },
        "security_vulnerability": {
            "package": {
                "ecosystem": "pip",
                "name": "torch"
            },
            "severity": "critical",
            "vulnerable_version_range": "<= 1.13.0",
            "first_patched_version": {
                "identifier": "1.13.1"
            }
        },
        "url": "https://api.github.com/repos/fcas/deepchecks/dependabot/alerts/1",
        "html_url": "https://github.com/fcas/deepchecks/security/dependabot/1",
        "created_at": "2024-05-24T01:34:29Z",
        "updated_at": "2024-05-24T01:34:29Z",
        "dismissed_at": null,
        "dismissed_by": null,
        "dismissed_reason": null,
        "dismissed_comment": null,
        "fixed_at": null,
        "auto_dismissed_at": null
    }
]