[
    {
        "number": 1,
        "state": "open",
        "dependency": {
            "package": {
                "ecosystem": "pip",
                "name": "pillow"
            },
            "manifest_path": "deeplake/requirements/common.txt",
            "scope": "runtime"
        },
        "security_advisory": {
            "ghsa_id": "GHSA-44wm-f244-xhp3",
            "cve_id": "CVE-2024-28219",
            "summary": "Pillow buffer overflow vulnerability",
            "description": "In _imagingcms.c in Pillow before 10.3.0, a buffer overflow exists because strcpy is used instead of strncpy.",
            "severity": "medium",
            "identifiers": [
                {
                    "value": "GHSA-44wm-f244-xhp3",
                    "type": "GHSA"
                },
                {
                    "value": "CVE-2024-28219",
                    "type": "CVE"
                }
            ],
            "references": [
                {
                    "url": "https://nvd.nist.gov/vuln/detail/CVE-2024-28219"
                },
                {
                    "url": "https://pillow.readthedocs.io/en/stable/releasenotes/10.3.0.html#security"
                },
                {
                    "url": "https://github.com/python-pillow/Pillow/commit/2a93aba5cfcf6e241ab4f9392c13e3b74032c061"
                },
                {
                    "url": "https://lists.debian.org/debian-lts-announce/2024/04/msg00008.html"
                },
                {
                    "url": "https://lists.fedoraproject.org/archives/list/package-announce%40lists.fedoraproject.org/message/4XLPUT3VK4GQ6EVY525TT2QNUIXNRU5M"
                },
                {
                    "url": "https://github.com/advisories/GHSA-44wm-f244-xhp3"
                }
            ],
            "published_at": "2024-04-03T03:30:30Z",
            "updated_at": "2024-04-20T05:06:18Z",
            "withdrawn_at": null,
            "vulnerabilities": [
                {
                    "package": {
                        "ecosystem": "pip",
                        "name": "pillow"
                    },
                    "severity": "medium",
                    "vulnerable_version_range": "< 10.3.0",
                    "first_patched_version": {
                        "identifier": "10.3.0"
                    }
                }
            ],
            "cvss": {
                "vector_string": "CVSS:3.1/AV:L/AC:H/PR:L/UI:R/S:U/C:H/I:H/A:H",
                "score": 6.7
            },
            "cwes": [
                {
                    "cwe_id": "CWE-120",
                    "name": "Buffer Copy without Checking Size of Input ('Classic Buffer Overflow')"
                },
                {
                    "cwe_id": "CWE-676",
                    "name": "Use of Potentially Dangerous Function"
                }
            ]
        },
        "security_vulnerability": {
            "package": {
                "ecosystem": "pip",
                "name": "pillow"
            },
            "severity": "medium",
            "vulnerable_version_range": "< 10.3.0",
            "first_patched_version": {
                "identifier": "10.3.0"
            }
        },
        "url": "https://api.github.com/repos/fcas/deeplake/dependabot/alerts/1",
        "html_url": "https://github.com/fcas/deeplake/security/dependabot/1",
        "created_at": "2024-05-24T01:34:07Z",
        "updated_at": "2024-05-24T01:34:07Z",
        "dismissed_at": null,
        "dismissed_by": null,
        "dismissed_reason": null,
        "dismissed_comment": null,
        "fixed_at": null,
        "auto_dismissed_at": null
    }
]