[
    {
        "number": 2,
        "created_at": "2024-05-23T09:44:50Z",
        "updated_at": "2024-05-23T09:44:52Z",
        "url": "https://api.github.com/repos/fcas/detectron2/code-scanning/alerts/2",
        "html_url": "https://github.com/fcas/detectron2/security/code-scanning/2",
        "state": "open",
        "fixed_at": null,
        "dismissed_by": null,
        "dismissed_at": null,
        "dismissed_reason": null,
        "dismissed_comment": null,
        "rule": {
            "id": "py/bind-socket-all-network-interfaces",
            "severity": "error",
            "description": "Binding a socket to all network interfaces",
            "name": "py/bind-socket-all-network-interfaces",
            "tags": [
                "external/cwe/cwe-200",
                "security"
            ],
            "security_severity_level": "medium"
        },
        "tool": {
            "name": "CodeQL",
            "guid": null,
            "version": "2.17.3"
        },
        "most_recent_instance": {
            "ref": "refs/heads/main",
            "analysis_key": ".github/workflows/codeql.yml:analyze",
            "environment": "{\"build-mode\":\"none\",\"language\":\"python\"}",
            "category": "/language:python",
            "state": "open",
            "commit_sha": "b15b95571a9ee4a3a42f51d5dcbe00b0757c0680",
            "message": {
                "text": "'' binds a socket to all interfaces."
            },
            "location": {
                "path": "projects/DensePose/tests/test_tensor_storage.py",
                "start_line": 95,
                "end_line": 95,
                "start_column": 5,
                "end_column": 23
            },
            "classifications": [
                "test"
            ]
        },
        "instances_url": "https://api.github.com/repos/fcas/detectron2/code-scanning/alerts/2/instances"
    },
    {
        "number": 1,
        "created_at": "2024-05-23T09:44:50Z",
        "updated_at": "2024-05-23T09:44:52Z",
        "url": "https://api.github.com/repos/fcas/detectron2/code-scanning/alerts/1",
        "html_url": "https://github.com/fcas/detectron2/security/code-scanning/1",
        "state": "open",
        "fixed_at": null,
        "dismissed_by": null,
        "dismissed_at": null,
        "dismissed_reason": null,
        "dismissed_comment": null,
        "rule": {
            "id": "py/bind-socket-all-network-interfaces",
            "severity": "error",
            "description": "Binding a socket to all network interfaces",
            "name": "py/bind-socket-all-network-interfaces",
            "tags": [
                "external/cwe/cwe-200",
                "security"
            ],
            "security_severity_level": "medium"
        },
        "tool": {
            "name": "CodeQL",
            "guid": null,
            "version": "2.17.3"
        },
        "most_recent_instance": {
            "ref": "refs/heads/main",
            "analysis_key": ".github/workflows/codeql.yml:analyze",
            "environment": "{\"build-mode\":\"none\",\"language\":\"python\"}",
            "category": "/language:python",
            "state": "open",
            "commit_sha": "b15b95571a9ee4a3a42f51d5dcbe00b0757c0680",
            "message": {
                "text": "'' binds a socket to all interfaces."
            },
            "location": {
                "path": "detectron2/engine/launch.py",
                "start_line": 20,
                "end_line": 20,
                "start_column": 5,
                "end_column": 23
            },
            "classifications": []
        },
        "instances_url": "https://api.github.com/repos/fcas/detectron2/code-scanning/alerts/1/instances"
    }
]