[
    {
        "number": 10,
        "created_at": "2024-05-23T09:46:00Z",
        "updated_at": "2024-05-23T09:46:02Z",
        "url": "https://api.github.com/repos/fcas/determined/code-scanning/alerts/10",
        "html_url": "https://github.com/fcas/determined/security/code-scanning/10",
        "state": "open",
        "fixed_at": null,
        "dismissed_by": null,
        "dismissed_at": null,
        "dismissed_reason": null,
        "dismissed_comment": null,
        "rule": {
            "id": "py/clear-text-logging-sensitive-data",
            "severity": "error",
            "description": "Clear-text logging of sensitive information",
            "name": "py/clear-text-logging-sensitive-data",
            "tags": [
                "external/cwe/cwe-312",
                "external/cwe/cwe-359",
                "external/cwe/cwe-532",
                "security"
            ],
            "security_severity_level": "high"
        },
        "tool": {
            "name": "CodeQL",
            "guid": null,
            "version": "2.17.3"
        },
        "most_recent_instance": {
            "ref": "refs/heads/main",
            "analysis_key": ".github/workflows/codeql.yml:analyze",
            "environment": "{\"build-mode\":\"none\",\"language\":\"python\"}",
            "category": "/language:python",
            "state": "open",
            "commit_sha": "f00648e4561090d078e3ddec2dcfdc5114a75b8a",
            "message": {
                "text": "This expression logs sensitive data (password) as clear text."
            },
            "location": {
                "path": "e2e_tests/tests/cluster/test_rbac_misc.py",
                "start_line": 126,
                "end_line": 126,
                "start_column": 23,
                "end_column": 62
            },
            "classifications": [
                "test"
            ]
        },
        "instances_url": "https://api.github.com/repos/fcas/determined/code-scanning/alerts/10/instances"
    },
    {
        "number": 9,
        "created_at": "2024-05-23T09:46:00Z",
        "updated_at": "2024-05-23T09:46:02Z",
        "url": "https://api.github.com/repos/fcas/determined/code-scanning/alerts/9",
        "html_url": "https://github.com/fcas/determined/security/code-scanning/9",
        "state": "open",
        "fixed_at": null,
        "dismissed_by": null,
        "dismissed_at": null,
        "dismissed_reason": null,
        "dismissed_comment": null,
        "rule": {
            "id": "py/clear-text-logging-sensitive-data",
            "severity": "error",
            "description": "Clear-text logging of sensitive information",
            "name": "py/clear-text-logging-sensitive-data",
            "tags": [
                "external/cwe/cwe-312",
                "external/cwe/cwe-359",
                "external/cwe/cwe-532",
                "security"
            ],
            "security_severity_level": "high"
        },
        "tool": {
            "name": "CodeQL",
            "guid": null,
            "version": "2.17.3"
        },
        "most_recent_instance": {
            "ref": "refs/heads/main",
            "analysis_key": ".github/workflows/codeql.yml:analyze",
            "environment": "{\"build-mode\":\"none\",\"language\":\"python\"}",
            "category": "/language:python",
            "state": "open",
            "commit_sha": "f00648e4561090d078e3ddec2dcfdc5114a75b8a",
            "message": {
                "text": "This expression logs sensitive data (certificate) as clear text."
            },
            "location": {
                "path": "master/static/srv/ship_logs.py",
                "start_line": 466,
                "end_line": 476,
                "start_column": 17,
                "end_column": 58
            },
            "classifications": []
        },
        "instances_url": "https://api.github.com/repos/fcas/determined/code-scanning/alerts/9/instances"
    },
    {
        "number": 8,
        "created_at": "2024-05-23T09:46:00Z",
        "updated_at": "2024-05-23T09:46:02Z",
        "url": "https://api.github.com/repos/fcas/determined/code-scanning/alerts/8",
        "html_url": "https://github.com/fcas/determined/security/code-scanning/8",
        "state": "open",
        "fixed_at": null,
        "dismissed_by": null,
        "dismissed_at": null,
        "dismissed_reason": null,
        "dismissed_comment": null,
        "rule": {
            "id": "py/clear-text-logging-sensitive-data",
            "severity": "error",
            "description": "Clear-text logging of sensitive information",
            "name": "py/clear-text-logging-sensitive-data",
            "tags": [
                "external/cwe/cwe-312",
                "external/cwe/cwe-359",
                "external/cwe/cwe-532",
                "security"
            ],
            "security_severity_level": "high"
        },
        "tool": {
            "name": "CodeQL",
            "guid": null,
            "version": "2.17.3"
        },
        "most_recent_instance": {
            "ref": "refs/heads/main",
            "analysis_key": ".github/workflows/codeql.yml:analyze",
            "environment": "{\"build-mode\":\"none\",\"language\":\"python\"}",
            "category": "/language:python",
            "state": "open",
            "commit_sha": "f00648e4561090d078e3ddec2dcfdc5114a75b8a",
            "message": {
                "text": "This expression logs sensitive data (secret) as clear text."
            },
            "location": {
                "path": "harness/determined/cli/oauth.py",
                "start_line": 30,
                "end_line": 30,
                "start_column": 11,
                "end_column": 50
            },
            "classifications": []
        },
        "instances_url": "https://api.github.com/repos/fcas/determined/code-scanning/alerts/8/instances"
    },
    {
        "number": 7,
        "created_at": "2024-05-23T09:46:00Z",
        "updated_at": "2024-05-23T09:46:02Z",
        "url": "https://api.github.com/repos/fcas/determined/code-scanning/alerts/7",
        "html_url": "https://github.com/fcas/determined/security/code-scanning/7",
        "state": "open",
        "fixed_at": null,
        "dismissed_by": null,
        "dismissed_at": null,
        "dismissed_reason": null,
        "dismissed_comment": null,
        "rule": {
            "id": "py/clear-text-logging-sensitive-data",
            "severity": "error",
            "description": "Clear-text logging of sensitive information",
            "name": "py/clear-text-logging-sensitive-data",
            "tags": [
                "external/cwe/cwe-312",
                "external/cwe/cwe-359",
                "external/cwe/cwe-532",
                "security"
            ],
            "security_severity_level": "high"
        },
        "tool": {
            "name": "CodeQL",
            "guid": null,
            "version": "2.17.3"
        },
        "most_recent_instance": {
            "ref": "refs/heads/main",
            "analysis_key": ".github/workflows/codeql.yml:analyze",
            "environment": "{\"build-mode\":\"none\",\"language\":\"python\"}",
            "category": "/language:python",
            "state": "open",
            "commit_sha": "f00648e4561090d078e3ddec2dcfdc5114a75b8a",
            "message": {
                "text": "This expression logs sensitive data (certificate) as clear text."
            },
            "location": {
                "path": "harness/determined/common/api/certs.py",
                "start_line": 206,
                "end_line": 206,
                "start_column": 17,
                "end_column": 91
            },
            "classifications": []
        },
        "instances_url": "https://api.github.com/repos/fcas/determined/code-scanning/alerts/7/instances"
    },
    {
        "number": 6,
        "created_at": "2024-05-23T09:46:00Z",
        "updated_at": "2024-05-23T09:46:02Z",
        "url": "https://api.github.com/repos/fcas/determined/code-scanning/alerts/6",
        "html_url": "https://github.com/fcas/determined/security/code-scanning/6",
        "state": "open",
        "fixed_at": null,
        "dismissed_by": null,
        "dismissed_at": null,
        "dismissed_reason": null,
        "dismissed_comment": null,
        "rule": {
            "id": "py/clear-text-storage-sensitive-data",
            "severity": "error",
            "description": "Clear-text storage of sensitive information",
            "name": "py/clear-text-storage-sensitive-data",
            "tags": [
                "external/cwe/cwe-312",
                "external/cwe/cwe-315",
                "external/cwe/cwe-359",
                "security"
            ],
            "security_severity_level": "high"
        },
        "tool": {
            "name": "CodeQL",
            "guid": null,
            "version": "2.17.3"
        },
        "most_recent_instance": {
            "ref": "refs/heads/main",
            "analysis_key": ".github/workflows/codeql.yml:analyze",
            "environment": "{\"build-mode\":\"none\",\"language\":\"python\"}",
            "category": "/language:python",
            "state": "open",
            "commit_sha": "f00648e4561090d078e3ddec2dcfdc5114a75b8a",
            "message": {
                "text": "This expression stores sensitive data (certificate) as clear text.\nThis expression stores sensitive data (certificate) as clear text.\nThis expression stores sensitive data (certificate) as clear text.\nThis expression stores sensitive data (certificate) as clear text.\nThis expression stores sensitive data (certificate) as clear text.\nThis expression stores sensitive data (certificate) as clear text.\nThis expression stores sensitive data (certificate) as clear text.\nThis expression stores sensitive data (certificate) as clear text.\nThis expression stores sensitive data (certificate) as clear text."
            },
            "location": {
                "path": "harness/determined/common/api/certs.py",
                "start_line": 47,
                "end_line": 47,
                "start_column": 27,
                "end_column": 50
            },
            "classifications": []
        },
        "instances_url": "https://api.github.com/repos/fcas/determined/code-scanning/alerts/6/instances"
    },
    {
        "number": 5,
        "created_at": "2024-05-23T09:46:00Z",
        "updated_at": "2024-05-23T09:46:02Z",
        "url": "https://api.github.com/repos/fcas/determined/code-scanning/alerts/5",
        "html_url": "https://github.com/fcas/determined/security/code-scanning/5",
        "state": "open",
        "fixed_at": null,
        "dismissed_by": null,
        "dismissed_at": null,
        "dismissed_reason": null,
        "dismissed_comment": null,
        "rule": {
            "id": "py/clear-text-storage-sensitive-data",
            "severity": "error",
            "description": "Clear-text storage of sensitive information",
            "name": "py/clear-text-storage-sensitive-data",
            "tags": [
                "external/cwe/cwe-312",
                "external/cwe/cwe-315",
                "external/cwe/cwe-359",
                "security"
            ],
            "security_severity_level": "high"
        },
        "tool": {
            "name": "CodeQL",
            "guid": null,
            "version": "2.17.3"
        },
        "most_recent_instance": {
            "ref": "refs/heads/main",
            "analysis_key": ".github/workflows/codeql.yml:analyze",
            "environment": "{\"build-mode\":\"none\",\"language\":\"python\"}",
            "category": "/language:python",
            "state": "open",
            "commit_sha": "f00648e4561090d078e3ddec2dcfdc5114a75b8a",
            "message": {
                "text": "This expression stores sensitive data (certificate) as clear text."
            },
            "location": {
                "path": "harness/determined/common/api/certs.py",
                "start_line": 45,
                "end_line": 45,
                "start_column": 31,
                "end_column": 48
            },
            "classifications": []
        },
        "instances_url": "https://api.github.com/repos/fcas/determined/code-scanning/alerts/5/instances"
    },
    {
        "number": 4,
        "created_at": "2024-05-23T09:46:00Z",
        "updated_at": "2024-05-23T09:46:02Z",
        "url": "https://api.github.com/repos/fcas/determined/code-scanning/alerts/4",
        "html_url": "https://github.com/fcas/determined/security/code-scanning/4",
        "state": "open",
        "fixed_at": null,
        "dismissed_by": null,
        "dismissed_at": null,
        "dismissed_reason": null,
        "dismissed_comment": null,
        "rule": {
            "id": "py/weak-sensitive-data-hashing",
            "severity": "warning",
            "description": "Use of a broken or weak cryptographic hashing algorithm on sensitive data",
            "name": "py/weak-sensitive-data-hashing",
            "tags": [
                "external/cwe/cwe-327",
                "external/cwe/cwe-328",
                "external/cwe/cwe-916",
                "security"
            ],
            "security_severity_level": "high"
        },
        "tool": {
            "name": "CodeQL",
            "guid": null,
            "version": "2.17.3"
        },
        "most_recent_instance": {
            "ref": "refs/heads/main",
            "analysis_key": ".github/workflows/codeql.yml:analyze",
            "environment": "{\"build-mode\":\"none\",\"language\":\"python\"}",
            "category": "/language:python",
            "state": "open",
            "commit_sha": "f00648e4561090d078e3ddec2dcfdc5114a75b8a",
            "message": {
                "text": "Sensitive data (password) is used in a hashing algorithm (SHA512) that is insecure for password hashing, since it is not a computationally expensive hash function.\nSensitive data (password) is used in a hashing algorithm (SHA512) that is insecure for password hashing, since it is not a computationally expensive hash function.\nSensitive data (password) is used in a hashing algorithm (SHA512) that is insecure for password hashing, since it is not a computationally expensive hash function.\nSensitive data (password) is used in a hashing algorithm (SHA512) that is insecure for password hashing, since it is not a computationally expensive hash function.\nSensitive data (password) is used in a hashing algorithm (SHA512) that is insecure for password hashing, since it is not a computationally expensive hash function.\nSensitive data (password) is used in a hashing algorithm (SHA512) that is insecure for password hashing, since it is not a computationally expensive hash function.\nSensitive data (password) is used in a hashing algorithm (SHA512) that is insecure for password hashing, since it is not a computationally expensive hash function.\nSensitive data (password) is used in a hashing algorithm (SHA512) that is insecure for password hashing, since it is not a computationally expensive hash function.\nSensitive data (password) is used in a hashing algorithm (SHA512) that is insecure for password hashing, since it is not a computationally expensive hash function.\nSensitive data (password) is used in a hashing algorithm (SHA512) that is insecure for password hashing, since it is not a computationally expensive hash function.\nSensitive data (password) is used in a hashing algorithm (SHA512) that is insecure for password hashing, since it is not a computationally expensive hash function.\nSensitive data (password) is used in a hashing algorithm (SHA512) that is insecure for password hashing, since it is not a computationally expensive hash function.\nSensitive data (password) is used in a hashing algorithm (SHA512) that is insecure for password hashing, since it is not a computationally expensive hash function.\nSensitive data (password) is used in a hashing algorithm (SHA512) that is insecure for password hashing, since it is not a computationally expensive hash function.\nSensitive data (password) is used in a hashing algorithm (SHA512) that is insecure for password hashing, since it is not a computationally expensive hash function.\nSensitive data (password) is used in a hashing algorithm (SHA512) that is insecure for password hashing, since it is not a computationally expensive hash function.\nSensitive data (password) is used in a hashing algorithm (SHA512) that is insecure for password hashing, since it is not a computationally expensive hash function.\nSensitive data (password) is used in a hashing algorithm (SHA512) that is insecure for password hashing, since it is not a computationally expensive hash function.\nSensitive data (password) is used in a hashing algorithm (SHA512) that is insecure for password hashing, since it is not a computationally expensive hash function.\nSensitive data (password) is used in a hashing algorithm (SHA512) that is insecure for password hashing, since it is not a computationally expensive hash function.\nSensitive data (password) is used in a hashing algorithm (SHA512) that is insecure for password hashing, since it is not a computationally expensive hash function.\nSensitive data (password) is used in a hashing algorithm (SHA512) that is insecure for password hashing, since it is not a computationally expensive hash function.\nSensitive data (password) is used in a hashing algorithm (SHA512) that is insecure for password hashing, since it is not a computationally expensive hash function.\nSensitive data (password) is used in a hashing algorithm (SHA512) that is insecure for password hashing, since it is not a computationally expensive hash function.\n[Sensitive data (password"
            },
            "location": {
                "path": "harness/determined/common/api/authentication.py",
                "start_line": 21,
                "end_line": 21,
                "start_column": 31,
                "end_column": 66
            },
            "classifications": []
        },
        "instances_url": "https://api.github.com/repos/fcas/determined/code-scanning/alerts/4/instances"
    },
    {
        "number": 3,
        "created_at": "2024-05-23T09:46:00Z",
        "updated_at": "2024-05-23T09:46:02Z",
        "url": "https://api.github.com/repos/fcas/determined/code-scanning/alerts/3",
        "html_url": "https://github.com/fcas/determined/security/code-scanning/3",
        "state": "open",
        "fixed_at": null,
        "dismissed_by": null,
        "dismissed_at": null,
        "dismissed_reason": null,
        "dismissed_comment": null,
        "rule": {
            "id": "py/insecure-default-protocol",
            "severity": "warning",
            "description": "Default version of SSL/TLS may be insecure",
            "name": "py/insecure-default-protocol",
            "tags": [
                "external/cwe/cwe-327",
                "security"
            ],
            "security_severity_level": "high"
        },
        "tool": {
            "name": "CodeQL",
            "guid": null,
            "version": "2.17.3"
        },
        "most_recent_instance": {
            "ref": "refs/heads/main",
            "analysis_key": ".github/workflows/codeql.yml:analyze",
            "environment": "{\"build-mode\":\"none\",\"language\":\"python\"}",
            "category": "/language:python",
            "state": "open",
            "commit_sha": "f00648e4561090d078e3ddec2dcfdc5114a75b8a",
            "message": {
                "text": "Call to deprecated method ssl.wrap_socket does not specify a protocol, which may result in an insecure default being used."
            },
            "location": {
                "path": "harness/tests/common/test_tls.py",
                "start_line": 29,
                "end_line": 34,
                "start_column": 21,
                "end_column": 6
            },
            "classifications": [
                "test"
            ]
        },
        "instances_url": "https://api.github.com/repos/fcas/determined/code-scanning/alerts/3/instances"
    },
    {
        "number": 2,
        "created_at": "2024-05-23T09:46:00Z",
        "updated_at": "2024-05-23T09:46:02Z",
        "url": "https://api.github.com/repos/fcas/determined/code-scanning/alerts/2",
        "html_url": "https://github.com/fcas/determined/security/code-scanning/2",
        "state": "open",
        "fixed_at": null,
        "dismissed_by": null,
        "dismissed_at": null,
        "dismissed_reason": null,
        "dismissed_comment": null,
        "rule": {
            "id": "py/insecure-default-protocol",
            "severity": "warning",
            "description": "Default version of SSL/TLS may be insecure",
            "name": "py/insecure-default-protocol",
            "tags": [
                "external/cwe/cwe-327",
                "security"
            ],
            "security_severity_level": "high"
        },
        "tool": {
            "name": "CodeQL",
            "guid": null,
            "version": "2.17.3"
        },
        "most_recent_instance": {
            "ref": "refs/heads/main",
            "analysis_key": ".github/workflows/codeql.yml:analyze",
            "environment": "{\"build-mode\":\"none\",\"language\":\"python\"}",
            "category": "/language:python",
            "state": "open",
            "commit_sha": "f00648e4561090d078e3ddec2dcfdc5114a75b8a",
            "message": {
                "text": "Call to deprecated method ssl.wrap_socket does not specify a protocol, which may result in an insecure default being used."
            },
            "location": {
                "path": "harness/tests/common/api_server.py",
                "start_line": 172,
                "end_line": 177,
                "start_column": 30,
                "end_column": 10
            },
            "classifications": [
                "test"
            ]
        },
        "instances_url": "https://api.github.com/repos/fcas/determined/code-scanning/alerts/2/instances"
    },
    {
        "number": 1,
        "created_at": "2024-05-23T09:46:00Z",
        "updated_at": "2024-05-23T09:46:02Z",
        "url": "https://api.github.com/repos/fcas/determined/code-scanning/alerts/1",
        "html_url": "https://github.com/fcas/determined/security/code-scanning/1",
        "state": "open",
        "fixed_at": null,
        "dismissed_by": null,
        "dismissed_at": null,
        "dismissed_reason": null,
        "dismissed_comment": null,
        "rule": {
            "id": "py/bind-socket-all-network-interfaces",
            "severity": "error",
            "description": "Binding a socket to all network interfaces",
            "name": "py/bind-socket-all-network-interfaces",
            "tags": [
                "external/cwe/cwe-200",
                "security"
            ],
            "security_severity_level": "medium"
        },
        "tool": {
            "name": "CodeQL",
            "guid": null,
            "version": "2.17.3"
        },
        "most_recent_instance": {
            "ref": "refs/heads/main",
            "analysis_key": ".github/workflows/codeql.yml:analyze",
            "environment": "{\"build-mode\":\"none\",\"language\":\"python\"}",
            "category": "/language:python",
            "state": "open",
            "commit_sha": "f00648e4561090d078e3ddec2dcfdc5114a75b8a",
            "message": {
                "text": "'' binds a socket to all interfaces."
            },
            "location": {
                "path": "harness/determined/ipc.py",
                "start_line": 314,
                "end_line": 314,
                "start_column": 17,
                "end_column": 52
            },
            "classifications": []
        },
        "instances_url": "https://api.github.com/repos/fcas/determined/code-scanning/alerts/1/instances"
    }
]