[
    {
        "number": 19,
        "created_at": "2024-05-19T18:17:07Z",
        "updated_at": "2024-05-19T18:17:09Z",
        "url": "https://api.github.com/repos/fcas/DIGITS/code-scanning/alerts/19",
        "html_url": "https://github.com/fcas/DIGITS/security/code-scanning/19",
        "state": "open",
        "fixed_at": null,
        "dismissed_by": null,
        "dismissed_at": null,
        "dismissed_reason": null,
        "dismissed_comment": null,
        "rule": {
            "id": "py/polynomial-redos",
            "severity": "warning",
            "description": "Polynomial regular expression used on uncontrolled data",
            "name": "py/polynomial-redos",
            "tags": [
                "external/cwe/cwe-1333",
                "external/cwe/cwe-400",
                "external/cwe/cwe-730",
                "security"
            ],
            "security_severity_level": "high"
        },
        "tool": {
            "name": "CodeQL",
            "guid": null,
            "version": "2.17.3"
        },
        "most_recent_instance": {
            "ref": "refs/heads/master",
            "analysis_key": ".github/workflows/codeql.yml:analyze",
            "environment": "{\"build-mode\":\"none\",\"language\":\"python\"}",
            "category": "/language:python",
            "state": "open",
            "commit_sha": "98292754c0c397baa0d41282253f811932c2116d",
            "message": {
                "text": "This regular expression that depends on a user-provided value may run slow on strings with many repetitions of 'a'.\nThis regular expression that depends on a user-provided value may run slow on strings with many repetitions of 'a'."
            },
            "location": {
                "path": "digits/model/images/classification/views.py",
                "start_line": 43,
                "end_line": 43,
                "start_column": 46,
                "end_column": 50
            },
            "classifications": []
        },
        "instances_url": "https://api.github.com/repos/fcas/DIGITS/code-scanning/alerts/19/instances"
    },
    {
        "number": 18,
        "created_at": "2024-05-19T18:17:07Z",
        "updated_at": "2024-05-19T18:17:09Z",
        "url": "https://api.github.com/repos/fcas/DIGITS/code-scanning/alerts/18",
        "html_url": "https://github.com/fcas/DIGITS/security/code-scanning/18",
        "state": "open",
        "fixed_at": null,
        "dismissed_by": null,
        "dismissed_at": null,
        "dismissed_reason": null,
        "dismissed_comment": null,
        "rule": {
            "id": "py/polynomial-redos",
            "severity": "warning",
            "description": "Polynomial regular expression used on uncontrolled data",
            "name": "py/polynomial-redos",
            "tags": [
                "external/cwe/cwe-1333",
                "external/cwe/cwe-400",
                "external/cwe/cwe-730",
                "security"
            ],
            "security_severity_level": "high"
        },
        "tool": {
            "name": "CodeQL",
            "guid": null,
            "version": "2.17.3"
        },
        "most_recent_instance": {
            "ref": "refs/heads/master",
            "analysis_key": ".github/workflows/codeql.yml:analyze",
            "environment": "{\"build-mode\":\"none\",\"language\":\"python\"}",
            "category": "/language:python",
            "state": "open",
            "commit_sha": "98292754c0c397baa0d41282253f811932c2116d",
            "message": {
                "text": "This regular expression that depends on a user-provided value may run slow on strings with many repetitions of 'a'."
            },
            "location": {
                "path": "digits/model/images/generic/views.py",
                "start_line": 653,
                "end_line": 653,
                "start_column": 44,
                "end_column": 48
            },
            "classifications": []
        },
        "instances_url": "https://api.github.com/repos/fcas/DIGITS/code-scanning/alerts/18/instances"
    },
    {
        "number": 17,
        "created_at": "2024-05-19T18:17:07Z",
        "updated_at": "2024-05-19T18:17:09Z",
        "url": "https://api.github.com/repos/fcas/DIGITS/code-scanning/alerts/17",
        "html_url": "https://github.com/fcas/DIGITS/security/code-scanning/17",
        "state": "open",
        "fixed_at": null,
        "dismissed_by": null,
        "dismissed_at": null,
        "dismissed_reason": null,
        "dismissed_comment": null,
        "rule": {
            "id": "py/polynomial-redos",
            "severity": "warning",
            "description": "Polynomial regular expression used on uncontrolled data",
            "name": "py/polynomial-redos",
            "tags": [
                "external/cwe/cwe-1333",
                "external/cwe/cwe-400",
                "external/cwe/cwe-730",
                "security"
            ],
            "security_severity_level": "high"
        },
        "tool": {
            "name": "CodeQL",
            "guid": null,
            "version": "2.17.3"
        },
        "most_recent_instance": {
            "ref": "refs/heads/master",
            "analysis_key": ".github/workflows/codeql.yml:analyze",
            "environment": "{\"build-mode\":\"none\",\"language\":\"python\"}",
            "category": "/language:python",
            "state": "open",
            "commit_sha": "98292754c0c397baa0d41282253f811932c2116d",
            "message": {
                "text": "This regular expression that depends on a user-provided value may run slow on strings with many repetitions of '-'.\nThis regular expression that depends on a user-provided value may run slow on strings with many repetitions of '-'.\nThis regular expression that depends on a user-provided value may run slow on strings with many repetitions of '-'."
            },
            "location": {
                "path": "digits/utils/auth.py",
                "start_line": 25,
                "end_line": 25,
                "start_column": 40,
                "end_column": 48
            },
            "classifications": []
        },
        "instances_url": "https://api.github.com/repos/fcas/DIGITS/code-scanning/alerts/17/instances"
    },
    {
        "number": 16,
        "created_at": "2024-05-19T18:17:07Z",
        "updated_at": "2024-05-19T18:17:09Z",
        "url": "https://api.github.com/repos/fcas/DIGITS/code-scanning/alerts/16",
        "html_url": "https://github.com/fcas/DIGITS/security/code-scanning/16",
        "state": "open",
        "fixed_at": null,
        "dismissed_by": null,
        "dismissed_at": null,
        "dismissed_reason": null,
        "dismissed_comment": null,
        "rule": {
            "id": "py/url-redirection",
            "severity": "error",
            "description": "URL redirection from remote source",
            "name": "py/url-redirection",
            "tags": [
                "external/cwe/cwe-601",
                "security"
            ],
            "security_severity_level": "medium"
        },
        "tool": {
            "name": "CodeQL",
            "guid": null,
            "version": "2.17.3"
        },
        "most_recent_instance": {
            "ref": "refs/heads/master",
            "analysis_key": ".github/workflows/codeql.yml:analyze",
            "environment": "{\"build-mode\":\"none\",\"language\":\"python\"}",
            "category": "/language:python",
            "state": "open",
            "commit_sha": "98292754c0c397baa0d41282253f811932c2116d",
            "message": {
                "text": "Untrusted URL redirection depends on a user-provided value.\nUntrusted URL redirection depends on a user-provided value.\nUntrusted URL redirection depends on a user-provided value."
            },
            "location": {
                "path": "digits/views.py",
                "start_line": 359,
                "end_line": 359,
                "start_column": 51,
                "end_column": 59
            },
            "classifications": []
        },
        "instances_url": "https://api.github.com/repos/fcas/DIGITS/code-scanning/alerts/16/instances"
    },
    {
        "number": 15,
        "created_at": "2024-05-19T18:17:07Z",
        "updated_at": "2024-05-19T18:17:09Z",
        "url": "https://api.github.com/repos/fcas/DIGITS/code-scanning/alerts/15",
        "html_url": "https://github.com/fcas/DIGITS/security/code-scanning/15",
        "state": "open",
        "fixed_at": null,
        "dismissed_by": null,
        "dismissed_at": null,
        "dismissed_reason": null,
        "dismissed_comment": null,
        "rule": {
            "id": "py/url-redirection",
            "severity": "error",
            "description": "URL redirection from remote source",
            "name": "py/url-redirection",
            "tags": [
                "external/cwe/cwe-601",
                "security"
            ],
            "security_severity_level": "medium"
        },
        "tool": {
            "name": "CodeQL",
            "guid": null,
            "version": "2.17.3"
        },
        "most_recent_instance": {
            "ref": "refs/heads/master",
            "analysis_key": ".github/workflows/codeql.yml:analyze",
            "environment": "{\"build-mode\":\"none\",\"language\":\"python\"}",
            "category": "/language:python",
            "state": "open",
            "commit_sha": "98292754c0c397baa0d41282253f811932c2116d",
            "message": {
                "text": "Untrusted URL redirection depends on a user-provided value.\nUntrusted URL redirection depends on a user-provided value.\nUntrusted URL redirection depends on a user-provided value."
            },
            "location": {
                "path": "digits/views.py",
                "start_line": 346,
                "end_line": 346,
                "start_column": 51,
                "end_column": 59
            },
            "classifications": []
        },
        "instances_url": "https://api.github.com/repos/fcas/DIGITS/code-scanning/alerts/15/instances"
    },
    {
        "number": 14,
        "created_at": "2024-05-19T18:17:07Z",
        "updated_at": "2024-05-19T18:17:09Z",
        "url": "https://api.github.com/repos/fcas/DIGITS/code-scanning/alerts/14",
        "html_url": "https://github.com/fcas/DIGITS/security/code-scanning/14",
        "state": "open",
        "fixed_at": null,
        "dismissed_by": null,
        "dismissed_at": null,
        "dismissed_reason": null,
        "dismissed_comment": null,
        "rule": {
            "id": "py/url-redirection",
            "severity": "error",
            "description": "URL redirection from remote source",
            "name": "py/url-redirection",
            "tags": [
                "external/cwe/cwe-601",
                "security"
            ],
            "security_severity_level": "medium"
        },
        "tool": {
            "name": "CodeQL",
            "guid": null,
            "version": "2.17.3"
        },
        "most_recent_instance": {
            "ref": "refs/heads/master",
            "analysis_key": ".github/workflows/codeql.yml:analyze",
            "environment": "{\"build-mode\":\"none\",\"language\":\"python\"}",
            "category": "/language:python",
            "state": "open",
            "commit_sha": "98292754c0c397baa0d41282253f811932c2116d",
            "message": {
                "text": "Untrusted URL redirection depends on a user-provided value."
            },
            "location": {
                "path": "digits/model/views.py",
                "start_line": 326,
                "end_line": 326,
                "start_column": 27,
                "end_column": 49
            },
            "classifications": []
        },
        "instances_url": "https://api.github.com/repos/fcas/DIGITS/code-scanning/alerts/14/instances"
    },
    {
        "number": 13,
        "created_at": "2024-05-19T18:17:07Z",
        "updated_at": "2024-05-19T18:17:09Z",
        "url": "https://api.github.com/repos/fcas/DIGITS/code-scanning/alerts/13",
        "html_url": "https://github.com/fcas/DIGITS/security/code-scanning/13",
        "state": "open",
        "fixed_at": null,
        "dismissed_by": null,
        "dismissed_at": null,
        "dismissed_reason": null,
        "dismissed_comment": null,
        "rule": {
            "id": "py/path-injection",
            "severity": "error",
            "description": "Uncontrolled data used in path expression",
            "name": "py/path-injection",
            "tags": [
                "correctness",
                "external/cwe/cwe-022",
                "external/cwe/cwe-023",
                "external/cwe/cwe-036",
                "external/cwe/cwe-073",
                "external/cwe/cwe-099",
                "security"
            ],
            "security_severity_level": "high"
        },
        "tool": {
            "name": "CodeQL",
            "guid": null,
            "version": "2.17.3"
        },
        "most_recent_instance": {
            "ref": "refs/heads/master",
            "analysis_key": ".github/workflows/codeql.yml:analyze",
            "environment": "{\"build-mode\":\"none\",\"language\":\"python\"}",
            "category": "/language:python",
            "state": "open",
            "commit_sha": "98292754c0c397baa0d41282253f811932c2116d",
            "message": {
                "text": "This path depends on a user-provided value."
            },
            "location": {
                "path": "digits/model/images/classification/views.py",
                "start_line": 641,
                "end_line": 641,
                "start_column": 31,
                "end_column": 43
            },
            "classifications": []
        },
        "instances_url": "https://api.github.com/repos/fcas/DIGITS/code-scanning/alerts/13/instances"
    },
    {
        "number": 12,
        "created_at": "2024-05-19T18:17:07Z",
        "updated_at": "2024-05-19T18:17:09Z",
        "url": "https://api.github.com/repos/fcas/DIGITS/code-scanning/alerts/12",
        "html_url": "https://github.com/fcas/DIGITS/security/code-scanning/12",
        "state": "open",
        "fixed_at": null,
        "dismissed_by": null,
        "dismissed_at": null,
        "dismissed_reason": null,
        "dismissed_comment": null,
        "rule": {
            "id": "py/path-injection",
            "severity": "error",
            "description": "Uncontrolled data used in path expression",
            "name": "py/path-injection",
            "tags": [
                "correctness",
                "external/cwe/cwe-022",
                "external/cwe/cwe-023",
                "external/cwe/cwe-036",
                "external/cwe/cwe-073",
                "external/cwe/cwe-099",
                "security"
            ],
            "security_severity_level": "high"
        },
        "tool": {
            "name": "CodeQL",
            "guid": null,
            "version": "2.17.3"
        },
        "most_recent_instance": {
            "ref": "refs/heads/master",
            "analysis_key": ".github/workflows/codeql.yml:analyze",
            "environment": "{\"build-mode\":\"none\",\"language\":\"python\"}",
            "category": "/language:python",
            "state": "open",
            "commit_sha": "98292754c0c397baa0d41282253f811932c2116d",
            "message": {
                "text": "This path depends on a user-provided value."
            },
            "location": {
                "path": "digits/model/images/classification/views.py",
                "start_line": 481,
                "end_line": 481,
                "start_column": 31,
                "end_column": 43
            },
            "classifications": []
        },
        "instances_url": "https://api.github.com/repos/fcas/DIGITS/code-scanning/alerts/12/instances"
    },
    {
        "number": 11,
        "created_at": "2024-05-19T18:17:07Z",
        "updated_at": "2024-05-19T18:17:09Z",
        "url": "https://api.github.com/repos/fcas/DIGITS/code-scanning/alerts/11",
        "html_url": "https://github.com/fcas/DIGITS/security/code-scanning/11",
        "state": "open",
        "fixed_at": null,
        "dismissed_by": null,
        "dismissed_at": null,
        "dismissed_reason": null,
        "dismissed_comment": null,
        "rule": {
            "id": "py/path-injection",
            "severity": "error",
            "description": "Uncontrolled data used in path expression",
            "name": "py/path-injection",
            "tags": [
                "correctness",
                "external/cwe/cwe-022",
                "external/cwe/cwe-023",
                "external/cwe/cwe-036",
                "external/cwe/cwe-073",
                "external/cwe/cwe-099",
                "security"
            ],
            "security_severity_level": "high"
        },
        "tool": {
            "name": "CodeQL",
            "guid": null,
            "version": "2.17.3"
        },
        "most_recent_instance": {
            "ref": "refs/heads/master",
            "analysis_key": ".github/workflows/codeql.yml:analyze",
            "environment": "{\"build-mode\":\"none\",\"language\":\"python\"}",
            "category": "/language:python",
            "state": "open",
            "commit_sha": "98292754c0c397baa0d41282253f811932c2116d",
            "message": {
                "text": "This path depends on a user-provided value."
            },
            "location": {
                "path": "digits/model/images/classification/views.py",
                "start_line": 429,
                "end_line": 429,
                "start_column": 19,
                "end_column": 29
            },
            "classifications": []
        },
        "instances_url": "https://api.github.com/repos/fcas/DIGITS/code-scanning/alerts/11/instances"
    },
    {
        "number": 10,
        "created_at": "2024-05-19T18:17:07Z",
        "updated_at": "2024-05-19T18:17:09Z",
        "url": "https://api.github.com/repos/fcas/DIGITS/code-scanning/alerts/10",
        "html_url": "https://github.com/fcas/DIGITS/security/code-scanning/10",
        "state": "open",
        "fixed_at": null,
        "dismissed_by": null,
        "dismissed_at": null,
        "dismissed_reason": null,
        "dismissed_comment": null,
        "rule": {
            "id": "py/path-injection",
            "severity": "error",
            "description": "Uncontrolled data used in path expression",
            "name": "py/path-injection",
            "tags": [
                "correctness",
                "external/cwe/cwe-022",
                "external/cwe/cwe-023",
                "external/cwe/cwe-036",
                "external/cwe/cwe-073",
                "external/cwe/cwe-099",
                "security"
            ],
            "security_severity_level": "high"
        },
        "tool": {
            "name": "CodeQL",
            "guid": null,
            "version": "2.17.3"
        },
        "most_recent_instance": {
            "ref": "refs/heads/master",
            "analysis_key": ".github/workflows/codeql.yml:analyze",
            "environment": "{\"build-mode\":\"none\",\"language\":\"python\"}",
            "category": "/language:python",
            "state": "open",
            "commit_sha": "98292754c0c397baa0d41282253f811932c2116d",
            "message": {
                "text": "This path depends on a user-provided value."
            },
            "location": {
                "path": "digits/model/images/generic/views.py",
                "start_line": 625,
                "end_line": 625,
                "start_column": 31,
                "end_column": 43
            },
            "classifications": []
        },
        "instances_url": "https://api.github.com/repos/fcas/DIGITS/code-scanning/alerts/10/instances"
    },
    {
        "number": 9,
        "created_at": "2024-05-19T18:17:07Z",
        "updated_at": "2024-05-19T18:17:09Z",
        "url": "https://api.github.com/repos/fcas/DIGITS/code-scanning/alerts/9",
        "html_url": "https://github.com/fcas/DIGITS/security/code-scanning/9",
        "state": "open",
        "fixed_at": null,
        "dismissed_by": null,
        "dismissed_at": null,
        "dismissed_reason": null,
        "dismissed_comment": null,
        "rule": {
            "id": "py/path-injection",
            "severity": "error",
            "description": "Uncontrolled data used in path expression",
            "name": "py/path-injection",
            "tags": [
                "correctness",
                "external/cwe/cwe-022",
                "external/cwe/cwe-023",
                "external/cwe/cwe-036",
                "external/cwe/cwe-073",
                "external/cwe/cwe-099",
                "security"
            ],
            "security_severity_level": "high"
        },
        "tool": {
            "name": "CodeQL",
            "guid": null,
            "version": "2.17.3"
        },
        "most_recent_instance": {
            "ref": "refs/heads/master",
            "analysis_key": ".github/workflows/codeql.yml:analyze",
            "environment": "{\"build-mode\":\"none\",\"language\":\"python\"}",
            "category": "/language:python",
            "state": "open",
            "commit_sha": "98292754c0c397baa0d41282253f811932c2116d",
            "message": {
                "text": "This path depends on a user-provided value."
            },
            "location": {
                "path": "digits/model/images/generic/views.py",
                "start_line": 538,
                "end_line": 538,
                "start_column": 27,
                "end_column": 34
            },
            "classifications": []
        },
        "instances_url": "https://api.github.com/repos/fcas/DIGITS/code-scanning/alerts/9/instances"
    },
    {
        "number": 8,
        "created_at": "2024-05-19T18:17:07Z",
        "updated_at": "2024-05-19T18:17:09Z",
        "url": "https://api.github.com/repos/fcas/DIGITS/code-scanning/alerts/8",
        "html_url": "https://github.com/fcas/DIGITS/security/code-scanning/8",
        "state": "open",
        "fixed_at": null,
        "dismissed_by": null,
        "dismissed_at": null,
        "dismissed_reason": null,
        "dismissed_comment": null,
        "rule": {
            "id": "py/path-injection",
            "severity": "error",
            "description": "Uncontrolled data used in path expression",
            "name": "py/path-injection",
            "tags": [
                "correctness",
                "external/cwe/cwe-022",
                "external/cwe/cwe-023",
                "external/cwe/cwe-036",
                "external/cwe/cwe-073",
                "external/cwe/cwe-099",
                "security"
            ],
            "security_severity_level": "high"
        },
        "tool": {
            "name": "CodeQL",
            "guid": null,
            "version": "2.17.3"
        },
        "most_recent_instance": {
            "ref": "refs/heads/master",
            "analysis_key": ".github/workflows/codeql.yml:analyze",
            "environment": "{\"build-mode\":\"none\",\"language\":\"python\"}",
            "category": "/language:python",
            "state": "open",
            "commit_sha": "98292754c0c397baa0d41282253f811932c2116d",
            "message": {
                "text": "This path depends on a user-provided value."
            },
            "location": {
                "path": "digits/model/images/generic/views.py",
                "start_line": 394,
                "end_line": 394,
                "start_column": 19,
                "end_column": 29
            },
            "classifications": []
        },
        "instances_url": "https://api.github.com/repos/fcas/DIGITS/code-scanning/alerts/8/instances"
    },
    {
        "number": 7,
        "created_at": "2024-05-19T18:17:07Z",
        "updated_at": "2024-05-19T18:17:09Z",
        "url": "https://api.github.com/repos/fcas/DIGITS/code-scanning/alerts/7",
        "html_url": "https://github.com/fcas/DIGITS/security/code-scanning/7",
        "state": "open",
        "fixed_at": null,
        "dismissed_by": null,
        "dismissed_at": null,
        "dismissed_reason": null,
        "dismissed_comment": null,
        "rule": {
            "id": "py/path-injection",
            "severity": "error",
            "description": "Uncontrolled data used in path expression",
            "name": "py/path-injection",
            "tags": [
                "correctness",
                "external/cwe/cwe-022",
                "external/cwe/cwe-023",
                "external/cwe/cwe-036",
                "external/cwe/cwe-073",
                "external/cwe/cwe-099",
                "security"
            ],
            "security_severity_level": "high"
        },
        "tool": {
            "name": "CodeQL",
            "guid": null,
            "version": "2.17.3"
        },
        "most_recent_instance": {
            "ref": "refs/heads/master",
            "analysis_key": ".github/workflows/codeql.yml:analyze",
            "environment": "{\"build-mode\":\"none\",\"language\":\"python\"}",
            "category": "/language:python",
            "state": "open",
            "commit_sha": "98292754c0c397baa0d41282253f811932c2116d",
            "message": {
                "text": "This path depends on a user-provided value.\nThis path depends on a user-provided value."
            },
            "location": {
                "path": "digits/scheduler.py",
                "start_line": 295,
                "end_line": 295,
                "start_column": 27,
                "end_column": 31
            },
            "classifications": []
        },
        "instances_url": "https://api.github.com/repos/fcas/DIGITS/code-scanning/alerts/7/instances"
    },
    {
        "number": 6,
        "created_at": "2024-05-19T18:17:07Z",
        "updated_at": "2024-05-19T18:17:09Z",
        "url": "https://api.github.com/repos/fcas/DIGITS/code-scanning/alerts/6",
        "html_url": "https://github.com/fcas/DIGITS/security/code-scanning/6",
        "state": "open",
        "fixed_at": null,
        "dismissed_by": null,
        "dismissed_at": null,
        "dismissed_reason": null,
        "dismissed_comment": null,
        "rule": {
            "id": "py/path-injection",
            "severity": "error",
            "description": "Uncontrolled data used in path expression",
            "name": "py/path-injection",
            "tags": [
                "correctness",
                "external/cwe/cwe-022",
                "external/cwe/cwe-023",
                "external/cwe/cwe-036",
                "external/cwe/cwe-073",
                "external/cwe/cwe-099",
                "security"
            ],
            "security_severity_level": "high"
        },
        "tool": {
            "name": "CodeQL",
            "guid": null,
            "version": "2.17.3"
        },
        "most_recent_instance": {
            "ref": "refs/heads/master",
            "analysis_key": ".github/workflows/codeql.yml:analyze",
            "environment": "{\"build-mode\":\"none\",\"language\":\"python\"}",
            "category": "/language:python",
            "state": "open",
            "commit_sha": "98292754c0c397baa0d41282253f811932c2116d",
            "message": {
                "text": "This path depends on a user-provided value.\nThis path depends on a user-provided value."
            },
            "location": {
                "path": "digits/scheduler.py",
                "start_line": 294,
                "end_line": 294,
                "start_column": 81,
                "end_column": 85
            },
            "classifications": []
        },
        "instances_url": "https://api.github.com/repos/fcas/DIGITS/code-scanning/alerts/6/instances"
    },
    {
        "number": 5,
        "created_at": "2024-05-19T18:17:07Z",
        "updated_at": "2024-05-19T18:17:09Z",
        "url": "https://api.github.com/repos/fcas/DIGITS/code-scanning/alerts/5",
        "html_url": "https://github.com/fcas/DIGITS/security/code-scanning/5",
        "state": "open",
        "fixed_at": null,
        "dismissed_by": null,
        "dismissed_at": null,
        "dismissed_reason": null,
        "dismissed_comment": null,
        "rule": {
            "id": "py/path-injection",
            "severity": "error",
            "description": "Uncontrolled data used in path expression",
            "name": "py/path-injection",
            "tags": [
                "correctness",
                "external/cwe/cwe-022",
                "external/cwe/cwe-023",
                "external/cwe/cwe-036",
                "external/cwe/cwe-073",
                "external/cwe/cwe-099",
                "security"
            ],
            "security_severity_level": "high"
        },
        "tool": {
            "name": "CodeQL",
            "guid": null,
            "version": "2.17.3"
        },
        "most_recent_instance": {
            "ref": "refs/heads/master",
            "analysis_key": ".github/workflows/codeql.yml:analyze",
            "environment": "{\"build-mode\":\"none\",\"language\":\"python\"}",
            "category": "/language:python",
            "state": "open",
            "commit_sha": "98292754c0c397baa0d41282253f811932c2116d",
            "message": {
                "text": "This path depends on a user-provided value.\nThis path depends on a user-provided value."
            },
            "location": {
                "path": "digits/utils/filesystem.py",
                "start_line": 39,
                "end_line": 39,
                "start_column": 26,
                "end_column": 34
            },
            "classifications": []
        },
        "instances_url": "https://api.github.com/repos/fcas/DIGITS/code-scanning/alerts/5/instances"
    },
    {
        "number": 4,
        "created_at": "2024-05-19T18:17:07Z",
        "updated_at": "2024-05-19T18:17:09Z",
        "url": "https://api.github.com/repos/fcas/DIGITS/code-scanning/alerts/4",
        "html_url": "https://github.com/fcas/DIGITS/security/code-scanning/4",
        "state": "open",
        "fixed_at": null,
        "dismissed_by": null,
        "dismissed_at": null,
        "dismissed_reason": null,
        "dismissed_comment": null,
        "rule": {
            "id": "py/path-injection",
            "severity": "error",
            "description": "Uncontrolled data used in path expression",
            "name": "py/path-injection",
            "tags": [
                "correctness",
                "external/cwe/cwe-022",
                "external/cwe/cwe-023",
                "external/cwe/cwe-036",
                "external/cwe/cwe-073",
                "external/cwe/cwe-099",
                "security"
            ],
            "security_severity_level": "high"
        },
        "tool": {
            "name": "CodeQL",
            "guid": null,
            "version": "2.17.3"
        },
        "most_recent_instance": {
            "ref": "refs/heads/master",
            "analysis_key": ".github/workflows/codeql.yml:analyze",
            "environment": "{\"build-mode\":\"none\",\"language\":\"python\"}",
            "category": "/language:python",
            "state": "open",
            "commit_sha": "98292754c0c397baa0d41282253f811932c2116d",
            "message": {
                "text": "This path depends on a user-provided value.\nThis path depends on a user-provided value."
            },
            "location": {
                "path": "digits/utils/filesystem.py",
                "start_line": 31,
                "end_line": 31,
                "start_column": 23,
                "end_column": 31
            },
            "classifications": []
        },
        "instances_url": "https://api.github.com/repos/fcas/DIGITS/code-scanning/alerts/4/instances"
    },
    {
        "number": 3,
        "created_at": "2024-05-19T18:17:07Z",
        "updated_at": "2024-05-19T18:17:09Z",
        "url": "https://api.github.com/repos/fcas/DIGITS/code-scanning/alerts/3",
        "html_url": "https://github.com/fcas/DIGITS/security/code-scanning/3",
        "state": "open",
        "fixed_at": null,
        "dismissed_by": null,
        "dismissed_at": null,
        "dismissed_reason": null,
        "dismissed_comment": null,
        "rule": {
            "id": "py/path-injection",
            "severity": "error",
            "description": "Uncontrolled data used in path expression",
            "name": "py/path-injection",
            "tags": [
                "correctness",
                "external/cwe/cwe-022",
                "external/cwe/cwe-023",
                "external/cwe/cwe-036",
                "external/cwe/cwe-073",
                "external/cwe/cwe-099",
                "security"
            ],
            "security_severity_level": "high"
        },
        "tool": {
            "name": "CodeQL",
            "guid": null,
            "version": "2.17.3"
        },
        "most_recent_instance": {
            "ref": "refs/heads/master",
            "analysis_key": ".github/workflows/codeql.yml:analyze",
            "environment": "{\"build-mode\":\"none\",\"language\":\"python\"}",
            "category": "/language:python",
            "state": "open",
            "commit_sha": "98292754c0c397baa0d41282253f811932c2116d",
            "message": {
                "text": "This path depends on a user-provided value.\nThis path depends on a user-provided value.\nThis path depends on a user-provided value."
            },
            "location": {
                "path": "digits/utils/__init__.py",
                "start_line": 23,
                "end_line": 23,
                "start_column": 82,
                "end_column": 85
            },
            "classifications": []
        },
        "instances_url": "https://api.github.com/repos/fcas/DIGITS/code-scanning/alerts/3/instances"
    },
    {
        "number": 2,
        "created_at": "2024-05-19T18:17:07Z",
        "updated_at": "2024-05-19T18:17:09Z",
        "url": "https://api.github.com/repos/fcas/DIGITS/code-scanning/alerts/2",
        "html_url": "https://github.com/fcas/DIGITS/security/code-scanning/2",
        "state": "open",
        "fixed_at": null,
        "dismissed_by": null,
        "dismissed_at": null,
        "dismissed_reason": null,
        "dismissed_comment": null,
        "rule": {
            "id": "py/stack-trace-exposure",
            "severity": "error",
            "description": "Information exposure through an exception",
            "name": "py/stack-trace-exposure",
            "tags": [
                "external/cwe/cwe-209",
                "external/cwe/cwe-497",
                "security"
            ],
            "security_severity_level": "medium"
        },
        "tool": {
            "name": "CodeQL",
            "guid": null,
            "version": "2.17.3"
        },
        "most_recent_instance": {
            "ref": "refs/heads/master",
            "analysis_key": ".github/workflows/codeql.yml:analyze",
            "environment": "{\"build-mode\":\"none\",\"language\":\"python\"}",
            "category": "/language:python",
            "state": "open",
            "commit_sha": "98292754c0c397baa0d41282253f811932c2116d",
            "message": {
                "text": "Stack trace information flows to this location and may be exposed to an external user."
            },
            "location": {
                "path": "digits/model/views.py",
                "start_line": 321,
                "end_line": 321,
                "start_column": 36,
                "end_column": 37
            },
            "classifications": []
        },
        "instances_url": "https://api.github.com/repos/fcas/DIGITS/code-scanning/alerts/2/instances"
    },
    {
        "number": 1,
        "created_at": "2024-05-19T18:17:07Z",
        "updated_at": "2024-05-19T18:17:09Z",
        "url": "https://api.github.com/repos/fcas/DIGITS/code-scanning/alerts/1",
        "html_url": "https://github.com/fcas/DIGITS/security/code-scanning/1",
        "state": "open",
        "fixed_at": null,
        "dismissed_by": null,
        "dismissed_at": null,
        "dismissed_reason": null,
        "dismissed_comment": null,
        "rule": {
            "id": "py/stack-trace-exposure",
            "severity": "error",
            "description": "Information exposure through an exception",
            "name": "py/stack-trace-exposure",
            "tags": [
                "external/cwe/cwe-209",
                "external/cwe/cwe-497",
                "security"
            ],
            "security_severity_level": "medium"
        },
        "tool": {
            "name": "CodeQL",
            "guid": null,
            "version": "2.17.3"
        },
        "most_recent_instance": {
            "ref": "refs/heads/master",
            "analysis_key": ".github/workflows/codeql.yml:analyze",
            "environment": "{\"build-mode\":\"none\",\"language\":\"python\"}",
            "category": "/language:python",
            "state": "open",
            "commit_sha": "98292754c0c397baa0d41282253f811932c2116d",
            "message": {
                "text": "Stack trace information flows to this location and may be exposed to an external user."
            },
            "location": {
                "path": "digits/dataset/images/views.py",
                "start_line": 64,
                "end_line": 64,
                "start_column": 16,
                "end_column": 48
            },
            "classifications": []
        },
        "instances_url": "https://api.github.com/repos/fcas/DIGITS/code-scanning/alerts/1/instances"
    }
]