[
    {
        "number": 2,
        "state": "open",
        "dependency": {
            "package": {
                "ecosystem": "pip",
                "name": "Jinja2"
            },
            "manifest_path": "docs/requirements.txt",
            "scope": "runtime"
        },
        "security_advisory": {
            "ghsa_id": "GHSA-h75v-3vvj-5mfj",
            "cve_id": "CVE-2024-34064",
            "summary": "Jinja vulnerable to HTML attribute injection when passing user input as keys to xmlattr filter",
            "description": "The `xmlattr` filter in affected versions of Jinja accepts keys containing non-attribute characters. XML/HTML attributes cannot contain spaces, `/`, `>`, or `=`, as each would then be interpreted as starting a separate attribute. If an application accepts keys (as opposed to only values) as user input, and renders these in pages that other users see as well, an attacker could use this to inject other attributes and perform XSS. The fix for the previous GHSA-h5c8-rqwp-cp95 CVE-2024-22195 only addressed spaces but not other characters.\n\nAccepting keys as user input is now explicitly considered an unintended use case of the `xmlattr` filter, and code that does so without otherwise validating the input should be flagged as insecure, regardless of Jinja version. Accepting _values_ as user input continues to be safe.",
            "severity": "medium",
            "identifiers": [
                {
                    "value": "GHSA-h75v-3vvj-5mfj",
                    "type": "GHSA"
                },
                {
                    "value": "CVE-2024-34064",
                    "type": "CVE"
                }
            ],
            "references": [
                {
                    "url": "https://github.com/pallets/jinja/security/advisories/GHSA-h75v-3vvj-5mfj"
                },
                {
                    "url": "https://github.com/pallets/jinja/commit/0668239dc6b44ef38e7a6c9f91f312fd4ca581cb"
                },
                {
                    "url": "https://nvd.nist.gov/vuln/detail/CVE-2024-34064"
                },
                {
                    "url": "https://github.com/advisories/GHSA-h75v-3vvj-5mfj"
                }
            ],
            "published_at": "2024-05-06T14:20:59Z",
            "updated_at": "2024-05-06T16:17:32Z",
            "withdrawn_at": null,
            "vulnerabilities": [
                {
                    "package": {
                        "ecosystem": "pip",
                        "name": "Jinja2"
                    },
                    "severity": "medium",
                    "vulnerable_version_range": "< 3.1.4",
                    "first_patched_version": {
                        "identifier": "3.1.4"
                    }
                }
            ],
            "cvss": {
                "vector_string": "CVSS:3.1/AV:N/AC:L/PR:N/UI:R/S:U/C:L/I:L/A:N",
                "score": 5.4
            },
            "cwes": [
                {
                    "cwe_id": "CWE-79",
                    "name": "Improper Neutralization of Input During Web Page Generation ('Cross-site Scripting')"
                }
            ]
        },
        "security_vulnerability": {
            "package": {
                "ecosystem": "pip",
                "name": "Jinja2"
            },
            "severity": "medium",
            "vulnerable_version_range": "< 3.1.4",
            "first_patched_version": {
                "identifier": "3.1.4"
            }
        },
        "url": "https://api.github.com/repos/fcas/dl-translate/dependabot/alerts/2",
        "html_url": "https://github.com/fcas/dl-translate/security/dependabot/2",
        "created_at": "2024-05-24T01:33:42Z",
        "updated_at": "2024-05-24T01:33:42Z",
        "dismissed_at": null,
        "dismissed_by": null,
        "dismissed_reason": null,
        "dismissed_comment": null,
        "fixed_at": null,
        "auto_dismissed_at": null
    },
    {
        "number": 1,
        "state": "open",
        "dependency": {
            "package": {
                "ecosystem": "pip",
                "name": "jinja2"
            },
            "manifest_path": "docs/requirements.txt",
            "scope": "runtime"
        },
        "security_advisory": {
            "ghsa_id": "GHSA-h5c8-rqwp-cp95",
            "cve_id": "CVE-2024-22195",
            "summary": "Jinja vulnerable to HTML attribute injection when passing user input as keys to xmlattr filter",
            "description": "The `xmlattr` filter in affected versions of Jinja accepts keys containing spaces. XML/HTML attributes cannot contain spaces, as each would then be interpreted as a separate attribute. If an application accepts keys (as opposed to only values) as user input, and renders these in pages that other users see as well, an attacker could use this to inject other attributes and perform XSS. Note that accepting keys as user input is not common or a particularly intended use case of the `xmlattr` filter, and an application doing so should already be verifying what keys are provided regardless of this fix.",
            "severity": "medium",
            "identifiers": [
                {
                    "value": "GHSA-h5c8-rqwp-cp95",
                    "type": "GHSA"
                },
                {
                    "value": "CVE-2024-22195",
                    "type": "CVE"
                }
            ],
            "references": [
                {
                    "url": "https://github.com/pallets/jinja/security/advisories/GHSA-h5c8-rqwp-cp95"
                },
                {
                    "url": "https://nvd.nist.gov/vuln/detail/CVE-2024-22195"
                },
                {
                    "url": "https://github.com/pallets/jinja/commit/716795349a41d4983a9a4771f7d883c96ea17be7"
                },
                {
                    "url": "https://github.com/pallets/jinja/releases/tag/3.1.3"
                },
                {
                    "url": "https://lists.fedoraproject.org/archives/list/package-announce@lists.fedoraproject.org/message/5XCWZD464AJJJUBOO7CMPXQ4ROBC6JX2/"
                },
                {
                    "url": "https://lists.debian.org/debian-lts-announce/2024/01/msg00010.html"
                },
                {
                    "url": "https://lists.fedoraproject.org/archives/list/package-announce@lists.fedoraproject.org/message/DELCVUUYX75I5K4Q5WMJG4MUZJA6VAIP/"
                },
                {
                    "url": "https://lists.fedoraproject.org/archives/list/package-announce@lists.fedoraproject.org/message/O7YWRBX6JQCWC2XXCTZ55C7DPMGICCN3/"
                },
                {
                    "url": "https://github.com/advisories/GHSA-h5c8-rqwp-cp95"
                }
            ],
            "published_at": "2024-01-11T15:20:48Z",
            "updated_at": "2024-01-27T03:30:20Z",
            "withdrawn_at": null,
            "vulnerabilities": [
                {
                    "package": {
                        "ecosystem": "pip",
                        "name": "jinja2"
                    },
                    "severity": "medium",
                    "vulnerable_version_range": "< 3.1.3",
                    "first_patched_version": {
                        "identifier": "3.1.3"
                    }
                }
            ],
            "cvss": {
                "vector_string": "CVSS:3.1/AV:N/AC:L/PR:N/UI:R/S:U/C:L/I:L/A:N",
                "score": 5.4
            },
            "cwes": [
                {
                    "cwe_id": "CWE-79",
                    "name": "Improper Neutralization of Input During Web Page Generation ('Cross-site Scripting')"
                }
            ]
        },
        "security_vulnerability": {
            "package": {
                "ecosystem": "pip",
                "name": "jinja2"
            },
            "severity": "medium",
            "vulnerable_version_range": "< 3.1.3",
            "first_patched_version": {
                "identifier": "3.1.3"
            }
        },
        "url": "https://api.github.com/repos/fcas/dl-translate/dependabot/alerts/1",
        "html_url": "https://github.com/fcas/dl-translate/security/dependabot/1",
        "created_at": "2024-05-24T01:33:42Z",
        "updated_at": "2024-05-24T01:33:42Z",
        "dismissed_at": null,
        "dismissed_by": null,
        "dismissed_reason": null,
        "dismissed_comment": null,
        "fixed_at": null,
        "auto_dismissed_at": null
    }
]