[
    {
        "number": 6,
        "created_at": "2024-05-18T23:43:10Z",
        "updated_at": "2024-05-18T23:43:12Z",
        "url": "https://api.github.com/repos/fcas/face_recognition/code-scanning/alerts/6",
        "html_url": "https://github.com/fcas/face_recognition/security/code-scanning/6",
        "state": "open",
        "fixed_at": null,
        "dismissed_by": null,
        "dismissed_at": null,
        "dismissed_reason": null,
        "dismissed_comment": null,
        "rule": {
            "id": "py/url-redirection",
            "severity": "error",
            "description": "URL redirection from remote source",
            "name": "py/url-redirection",
            "tags": [
                "external/cwe/cwe-601",
                "security"
            ],
            "security_severity_level": "medium"
        },
        "tool": {
            "name": "CodeQL",
            "guid": null,
            "version": "2.17.3"
        },
        "most_recent_instance": {
            "ref": "refs/heads/master",
            "analysis_key": ".github/workflows/codeql.yml:analyze",
            "environment": "{\"build-mode\":\"none\",\"language\":\"python\"}",
            "category": "/language:python",
            "state": "open",
            "commit_sha": "db0af331d0bc52b73d5a2e961c4f4c3ae59a0fe8",
            "message": {
                "text": "Untrusted URL redirection depends on a user-provided value."
            },
            "location": {
                "path": "examples/web_service_example_Simplified_Chinese.py",
                "start_line": 39,
                "end_line": 39,
                "start_column": 29,
                "end_column": 40
            },
            "classifications": []
        },
        "instances_url": "https://api.github.com/repos/fcas/face_recognition/code-scanning/alerts/6/instances"
    },
    {
        "number": 5,
        "created_at": "2024-05-18T23:43:10Z",
        "updated_at": "2024-05-18T23:43:12Z",
        "url": "https://api.github.com/repos/fcas/face_recognition/code-scanning/alerts/5",
        "html_url": "https://github.com/fcas/face_recognition/security/code-scanning/5",
        "state": "open",
        "fixed_at": null,
        "dismissed_by": null,
        "dismissed_at": null,
        "dismissed_reason": null,
        "dismissed_comment": null,
        "rule": {
            "id": "py/url-redirection",
            "severity": "error",
            "description": "URL redirection from remote source",
            "name": "py/url-redirection",
            "tags": [
                "external/cwe/cwe-601",
                "security"
            ],
            "security_severity_level": "medium"
        },
        "tool": {
            "name": "CodeQL",
            "guid": null,
            "version": "2.17.3"
        },
        "most_recent_instance": {
            "ref": "refs/heads/master",
            "analysis_key": ".github/workflows/codeql.yml:analyze",
            "environment": "{\"build-mode\":\"none\",\"language\":\"python\"}",
            "category": "/language:python",
            "state": "open",
            "commit_sha": "db0af331d0bc52b73d5a2e961c4f4c3ae59a0fe8",
            "message": {
                "text": "Untrusted URL redirection depends on a user-provided value."
            },
            "location": {
                "path": "examples/web_service_example_Simplified_Chinese.py",
                "start_line": 34,
                "end_line": 34,
                "start_column": 29,
                "end_column": 40
            },
            "classifications": []
        },
        "instances_url": "https://api.github.com/repos/fcas/face_recognition/code-scanning/alerts/5/instances"
    },
    {
        "number": 4,
        "created_at": "2024-05-18T23:43:10Z",
        "updated_at": "2024-05-18T23:43:12Z",
        "url": "https://api.github.com/repos/fcas/face_recognition/code-scanning/alerts/4",
        "html_url": "https://github.com/fcas/face_recognition/security/code-scanning/4",
        "state": "open",
        "fixed_at": null,
        "dismissed_by": null,
        "dismissed_at": null,
        "dismissed_reason": null,
        "dismissed_comment": null,
        "rule": {
            "id": "py/url-redirection",
            "severity": "error",
            "description": "URL redirection from remote source",
            "name": "py/url-redirection",
            "tags": [
                "external/cwe/cwe-601",
                "security"
            ],
            "security_severity_level": "medium"
        },
        "tool": {
            "name": "CodeQL",
            "guid": null,
            "version": "2.17.3"
        },
        "most_recent_instance": {
            "ref": "refs/heads/master",
            "analysis_key": ".github/workflows/codeql.yml:analyze",
            "environment": "{\"build-mode\":\"none\",\"language\":\"python\"}",
            "category": "/language:python",
            "state": "open",
            "commit_sha": "db0af331d0bc52b73d5a2e961c4f4c3ae59a0fe8",
            "message": {
                "text": "Untrusted URL redirection depends on a user-provided value."
            },
            "location": {
                "path": "examples/web_service_example.py",
                "start_line": 43,
                "end_line": 43,
                "start_column": 29,
                "end_column": 40
            },
            "classifications": []
        },
        "instances_url": "https://api.github.com/repos/fcas/face_recognition/code-scanning/alerts/4/instances"
    },
    {
        "number": 3,
        "created_at": "2024-05-18T23:43:10Z",
        "updated_at": "2024-05-18T23:43:12Z",
        "url": "https://api.github.com/repos/fcas/face_recognition/code-scanning/alerts/3",
        "html_url": "https://github.com/fcas/face_recognition/security/code-scanning/3",
        "state": "open",
        "fixed_at": null,
        "dismissed_by": null,
        "dismissed_at": null,
        "dismissed_reason": null,
        "dismissed_comment": null,
        "rule": {
            "id": "py/url-redirection",
            "severity": "error",
            "description": "URL redirection from remote source",
            "name": "py/url-redirection",
            "tags": [
                "external/cwe/cwe-601",
                "security"
            ],
            "security_severity_level": "medium"
        },
        "tool": {
            "name": "CodeQL",
            "guid": null,
            "version": "2.17.3"
        },
        "most_recent_instance": {
            "ref": "refs/heads/master",
            "analysis_key": ".github/workflows/codeql.yml:analyze",
            "environment": "{\"build-mode\":\"none\",\"language\":\"python\"}",
            "category": "/language:python",
            "state": "open",
            "commit_sha": "db0af331d0bc52b73d5a2e961c4f4c3ae59a0fe8",
            "message": {
                "text": "Untrusted URL redirection depends on a user-provided value."
            },
            "location": {
                "path": "examples/web_service_example.py",
                "start_line": 38,
                "end_line": 38,
                "start_column": 29,
                "end_column": 40
            },
            "classifications": []
        },
        "instances_url": "https://api.github.com/repos/fcas/face_recognition/code-scanning/alerts/3/instances"
    },
    {
        "number": 2,
        "created_at": "2024-05-18T23:43:10Z",
        "updated_at": "2024-05-18T23:43:12Z",
        "url": "https://api.github.com/repos/fcas/face_recognition/code-scanning/alerts/2",
        "html_url": "https://github.com/fcas/face_recognition/security/code-scanning/2",
        "state": "open",
        "fixed_at": null,
        "dismissed_by": null,
        "dismissed_at": null,
        "dismissed_reason": null,
        "dismissed_comment": null,
        "rule": {
            "id": "py/flask-debug",
            "severity": "error",
            "description": "Flask app is run in debug mode",
            "name": "py/flask-debug",
            "tags": [
                "external/cwe/cwe-215",
                "external/cwe/cwe-489",
                "security"
            ],
            "security_severity_level": "high"
        },
        "tool": {
            "name": "CodeQL",
            "guid": null,
            "version": "2.17.3"
        },
        "most_recent_instance": {
            "ref": "refs/heads/master",
            "analysis_key": ".github/workflows/codeql.yml:analyze",
            "environment": "{\"build-mode\":\"none\",\"language\":\"python\"}",
            "category": "/language:python",
            "state": "open",
            "commit_sha": "db0af331d0bc52b73d5a2e961c4f4c3ae59a0fe8",
            "message": {
                "text": "A Flask app appears to be run in debug mode. This may allow an attacker to run arbitrary code through the debugger."
            },
            "location": {
                "path": "examples/web_service_example_Simplified_Chinese.py",
                "start_line": 110,
                "end_line": 110,
                "start_column": 5,
                "end_column": 51
            },
            "classifications": []
        },
        "instances_url": "https://api.github.com/repos/fcas/face_recognition/code-scanning/alerts/2/instances"
    },
    {
        "number": 1,
        "created_at": "2024-05-18T23:43:10Z",
        "updated_at": "2024-05-18T23:43:12Z",
        "url": "https://api.github.com/repos/fcas/face_recognition/code-scanning/alerts/1",
        "html_url": "https://github.com/fcas/face_recognition/security/code-scanning/1",
        "state": "open",
        "fixed_at": null,
        "dismissed_by": null,
        "dismissed_at": null,
        "dismissed_reason": null,
        "dismissed_comment": null,
        "rule": {
            "id": "py/flask-debug",
            "severity": "error",
            "description": "Flask app is run in debug mode",
            "name": "py/flask-debug",
            "tags": [
                "external/cwe/cwe-215",
                "external/cwe/cwe-489",
                "security"
            ],
            "security_severity_level": "high"
        },
        "tool": {
            "name": "CodeQL",
            "guid": null,
            "version": "2.17.3"
        },
        "most_recent_instance": {
            "ref": "refs/heads/master",
            "analysis_key": ".github/workflows/codeql.yml:analyze",
            "environment": "{\"build-mode\":\"none\",\"language\":\"python\"}",
            "category": "/language:python",
            "state": "open",
            "commit_sha": "db0af331d0bc52b73d5a2e961c4f4c3ae59a0fe8",
            "message": {
                "text": "A Flask app appears to be run in debug mode. This may allow an attacker to run arbitrary code through the debugger."
            },
            "location": {
                "path": "examples/web_service_example.py",
                "start_line": 113,
                "end_line": 113,
                "start_column": 5,
                "end_column": 51
            },
            "classifications": []
        },
        "instances_url": "https://api.github.com/repos/fcas/face_recognition/code-scanning/alerts/1/instances"
    }
]