[
    {
        "number": 2,
        "created_at": "2024-05-17T13:30:27Z",
        "updated_at": "2024-05-17T13:30:27Z",
        "url": "https://api.github.com/repos/fcas/fastapi/code-scanning/alerts/2",
        "html_url": "https://github.com/fcas/fastapi/security/code-scanning/2",
        "state": "open",
        "fixed_at": null,
        "dismissed_by": null,
        "dismissed_at": null,
        "dismissed_reason": null,
        "dismissed_comment": null,
        "rule": {
            "id": "py/incomplete-url-substring-sanitization",
            "severity": "warning",
            "description": "Incomplete URL substring sanitization",
            "name": "py/incomplete-url-substring-sanitization",
            "tags": [
                "correctness",
                "external/cwe/cwe-20",
                "security"
            ],
            "security_severity_level": "high"
        },
        "tool": {
            "name": "CodeQL",
            "guid": null,
            "version": "2.17.2"
        },
        "most_recent_instance": {
            "ref": "refs/heads/master",
            "analysis_key": ".github/workflows/codeql.yml:analyze",
            "environment": "{\"build-mode\":\"none\",\"language\":\"python\"}",
            "category": "/language:python",
            "state": "open",
            "commit_sha": "562becce0fbe92d2a93a21b0083f51db3eb804f1",
            "message": {
                "text": "The string fonts.googleapis.com may be at an arbitrary position in the sanitized URL."
            },
            "location": {
                "path": "tests/test_local_docs.py",
                "start_line": 63,
                "end_line": 63,
                "start_column": 12,
                "end_column": 60
            },
            "classifications": [
                "test"
            ]
        },
        "instances_url": "https://api.github.com/repos/fcas/fastapi/code-scanning/alerts/2/instances"
    },
    {
        "number": 1,
        "created_at": "2024-05-17T13:28:55Z",
        "updated_at": "2024-05-17T13:28:57Z",
        "url": "https://api.github.com/repos/fcas/fastapi/code-scanning/alerts/1",
        "html_url": "https://github.com/fcas/fastapi/security/code-scanning/1",
        "state": "open",
        "fixed_at": null,
        "dismissed_by": null,
        "dismissed_at": null,
        "dismissed_reason": null,
        "dismissed_comment": null,
        "rule": {
            "id": "js/xss-through-dom",
            "severity": "warning",
            "description": "DOM text reinterpreted as HTML",
            "name": "js/xss-through-dom",
            "tags": [
                "external/cwe/cwe-079",
                "external/cwe/cwe-116",
                "security"
            ],
            "security_severity_level": "medium"
        },
        "tool": {
            "name": "CodeQL",
            "guid": null,
            "version": "2.17.2"
        },
        "most_recent_instance": {
            "ref": "refs/heads/master",
            "analysis_key": ".github/workflows/codeql.yml:analyze",
            "environment": "{\"build-mode\":\"none\",\"language\":\"javascript-typescript\"}",
            "category": "/language:javascript-typescript",
            "state": "open",
            "commit_sha": "562becce0fbe92d2a93a21b0083f51db3eb804f1",
            "message": {
                "text": "DOM text is reinterpreted as HTML without escaping meta-characters."
            },
            "location": {
                "path": "docs/en/docs/js/termynal.js",
                "start_line": 226,
                "end_line": 226,
                "start_column": 29,
                "end_column": 89
            },
            "classifications": [
                "documentation"
            ]
        },
        "instances_url": "https://api.github.com/repos/fcas/fastapi/code-scanning/alerts/1/instances"
    }
]