[
    {
        "number": 2,
        "created_at": "2024-05-17T12:54:21Z",
        "updated_at": "2024-05-17T13:07:40Z",
        "url": "https://api.github.com/repos/fcas/feast/code-scanning/alerts/2",
        "html_url": "https://github.com/fcas/feast/security/code-scanning/2",
        "state": "open",
        "fixed_at": null,
        "dismissed_by": null,
        "dismissed_at": null,
        "dismissed_reason": null,
        "dismissed_comment": null,
        "rule": {
            "id": "py/clear-text-storage-sensitive-data",
            "severity": "error",
            "description": "Clear-text storage of sensitive information",
            "name": "py/clear-text-storage-sensitive-data",
            "tags": [
                "external/cwe/cwe-312",
                "external/cwe/cwe-315",
                "external/cwe/cwe-359",
                "security"
            ],
            "security_severity_level": "high"
        },
        "tool": {
            "name": "CodeQL",
            "guid": null,
            "version": "2.17.3"
        },
        "most_recent_instance": {
            "ref": "refs/heads/master",
            "analysis_key": ".github/workflows/codeql.yml:analyze",
            "environment": "{\"build-mode\":\"none\",\"language\":\"python\"}",
            "category": "/language:python",
            "state": "open",
            "commit_sha": "1bf26b6f7ff7fa57da2aacad11a96ec5629418f4",
            "message": {
                "text": "This expression stores sensitive data (password) as clear text.\nThis expression stores sensitive data (certificate) as clear text.\nThis expression stores sensitive data (certificate) as clear text.\nThis expression stores sensitive data (certificate) as clear text.\nThis expression stores sensitive data (certificate) as clear text.\nThis expression stores sensitive data (password) as clear text.\nThis expression stores sensitive data (password) as clear text.\nThis expression stores sensitive data (password) as clear text.\nThis expression stores sensitive data (password) as clear text.\nThis expression stores sensitive data (password) as clear text."
            },
            "location": {
                "path": "sdk/python/feast/file_utils.py",
                "start_line": 32,
                "end_line": 32,
                "start_column": 17,
                "end_column": 25
            },
            "classifications": []
        },
        "instances_url": "https://api.github.com/repos/fcas/feast/code-scanning/alerts/2/instances"
    },
    {
        "number": 1,
        "created_at": "2024-05-17T12:54:21Z",
        "updated_at": "2024-05-17T13:07:40Z",
        "url": "https://api.github.com/repos/fcas/feast/code-scanning/alerts/1",
        "html_url": "https://github.com/fcas/feast/security/code-scanning/1",
        "state": "open",
        "fixed_at": null,
        "dismissed_by": null,
        "dismissed_at": null,
        "dismissed_reason": null,
        "dismissed_comment": null,
        "rule": {
            "id": "py/bind-socket-all-network-interfaces",
            "severity": "error",
            "description": "Binding a socket to all network interfaces",
            "name": "py/bind-socket-all-network-interfaces",
            "tags": [
                "external/cwe/cwe-200",
                "security"
            ],
            "security_severity_level": "medium"
        },
        "tool": {
            "name": "CodeQL",
            "guid": null,
            "version": "2.17.3"
        },
        "most_recent_instance": {
            "ref": "refs/heads/master",
            "analysis_key": ".github/workflows/codeql.yml:analyze",
            "environment": "{\"build-mode\":\"none\",\"language\":\"python\"}",
            "category": "/language:python",
            "state": "open",
            "commit_sha": "1bf26b6f7ff7fa57da2aacad11a96ec5629418f4",
            "message": {
                "text": "'' binds a socket to all interfaces."
            },
            "location": {
                "path": "sdk/python/tests/utils/http_server.py",
                "start_line": 7,
                "end_line": 7,
                "start_column": 5,
                "end_column": 23
            },
            "classifications": [
                "test"
            ]
        },
        "instances_url": "https://api.github.com/repos/fcas/feast/code-scanning/alerts/1/instances"
    }
]