[
    {
        "number": 1,
        "state": "open",
        "dependency": {
            "package": {
                "ecosystem": "pip",
                "name": "h2o"
            },
            "manifest_path": "other_requirements/examples.txt",
            "scope": "runtime"
        },
        "security_advisory": {
            "ghsa_id": "GHSA-gqrq-j6pm-98c2",
            "cve_id": "CVE-2023-6569",
            "summary": "External Control of File Name or Path in h2oai/h2o-3",
            "description": "Remote unauthenticated attackers can overwrite arbitrary server files with attacker-controllable data. The data that the attacker can control is not entirely arbitrary. h2o writes a CSV/XLS/etc file to disk, so the attacker data is wrapped in quotations and starts with \"C1\", if they're exporting as CSV.",
            "severity": "critical",
            "identifiers": [
                {
                    "value": "GHSA-gqrq-j6pm-98c2",
                    "type": "GHSA"
                },
                {
                    "value": "CVE-2023-6569",
                    "type": "CVE"
                }
            ],
            "references": [
                {
                    "url": "https://nvd.nist.gov/vuln/detail/CVE-2023-6569"
                },
                {
                    "url": "https://huntr.com/bounties/a5d003dc-c23e-4c98-8dcf-35ba9252fa3c"
                },
                {
                    "url": "https://github.com/advisories/GHSA-gqrq-j6pm-98c2"
                }
            ],
            "published_at": "2023-12-14T15:30:22Z",
            "updated_at": "2023-12-18T22:08:47Z",
            "withdrawn_at": null,
            "vulnerabilities": [
                {
                    "package": {
                        "ecosystem": "pip",
                        "name": "h2o"
                    },
                    "severity": "critical",
                    "vulnerable_version_range": "<= 3.44.0.2",
                    "first_patched_version": null
                }
            ],
            "cvss": {
                "vector_string": "CVSS:3.0/AV:N/AC:L/PR:N/UI:N/S:C/C:N/I:L/A:H",
                "score": 9.3
            },
            "cwes": [
                {
                    "cwe_id": "CWE-73",
                    "name": "External Control of File Name or Path"
                },
                {
                    "cwe_id": "CWE-610",
                    "name": "Externally Controlled Reference to a Resource in Another Sphere"
                }
            ]
        },
        "security_vulnerability": {
            "package": {
                "ecosystem": "pip",
                "name": "h2o"
            },
            "severity": "critical",
            "vulnerable_version_range": "<= 3.44.0.2",
            "first_patched_version": null
        },
        "url": "https://api.github.com/repos/fcas/FEDOT/dependabot/alerts/1",
        "html_url": "https://github.com/fcas/FEDOT/security/dependabot/1",
        "created_at": "2024-05-24T01:34:08Z",
        "updated_at": "2024-05-24T01:34:08Z",
        "dismissed_at": null,
        "dismissed_by": null,
        "dismissed_reason": null,
        "dismissed_comment": null,
        "fixed_at": null,
        "auto_dismissed_at": null
    }
]