[
    {
        "number": 1,
        "created_at": "2024-05-19T00:30:29Z",
        "updated_at": "2024-05-19T00:30:31Z",
        "url": "https://api.github.com/repos/fcas/gan/code-scanning/alerts/1",
        "html_url": "https://github.com/fcas/gan/security/code-scanning/1",
        "state": "open",
        "fixed_at": null,
        "dismissed_by": null,
        "dismissed_at": null,
        "dismissed_reason": null,
        "dismissed_comment": null,
        "rule": {
            "id": "py/bind-socket-all-network-interfaces",
            "severity": "error",
            "description": "Binding a socket to all network interfaces",
            "name": "py/bind-socket-all-network-interfaces",
            "tags": [
                "external/cwe/cwe-200",
                "security"
            ],
            "security_severity_level": "medium"
        },
        "tool": {
            "name": "CodeQL",
            "guid": null,
            "version": "2.17.3"
        },
        "most_recent_instance": {
            "ref": "refs/heads/master",
            "analysis_key": ".github/workflows/codeql.yml:analyze",
            "environment": "{\"build-mode\":\"none\",\"language\":\"python\"}",
            "category": "/language:python",
            "state": "open",
            "commit_sha": "3f892c922e4a07b97cbbbe5f24cfd1bd8cab2d94",
            "message": {
                "text": "'' binds a socket to all interfaces."
            },
            "location": {
                "path": "tensorflow_gan/python/features/variable_clipping_optimizer_test.py",
                "start_line": 42,
                "end_line": 42,
                "start_column": 7,
                "end_column": 22
            },
            "classifications": []
        },
        "instances_url": "https://api.github.com/repos/fcas/gan/code-scanning/alerts/1/instances"
    }
]