[
    {
        "number": 1,
        "state": "open",
        "dependency": {
            "package": {
                "ecosystem": "pip",
                "name": "torch"
            },
            "manifest_path": "setup.py",
            "scope": "runtime"
        },
        "security_advisory": {
            "ghsa_id": "GHSA-47fc-vmwq-366v",
            "cve_id": "CVE-2022-45907",
            "summary": "PyTorch vulnerable to arbitrary code execution",
            "description": "In PyTorch before trunk/89695, torch.jit.annotations.parse_type_line can cause arbitrary code execution because eval is used unsafely. The fix for this issue is available in version 1.13.1. There is a release checker in [issue #89855](https://github.com/pytorch/pytorch/issues/89855).",
            "severity": "critical",
            "identifiers": [
                {
                    "value": "GHSA-47fc-vmwq-366v",
                    "type": "GHSA"
                },
                {
                    "value": "CVE-2022-45907",
                    "type": "CVE"
                }
            ],
            "references": [
                {
                    "url": "https://nvd.nist.gov/vuln/detail/CVE-2022-45907"
                },
                {
                    "url": "https://github.com/pytorch/pytorch/issues/88868"
                },
                {
                    "url": "https://github.com/pytorch/pytorch/commit/767f6aa49fe20a2766b9843d01e3b7f7793df6a3"
                },
                {
                    "url": "https://github.com/pytorch/pytorch/issues/89855"
                },
                {
                    "url": "https://github.com/pytorch/pytorch/pull/89189"
                },
                {
                    "url": "https://github.com/pytorch/pytorch/releases/tag/v1.13.1"
                },
                {
                    "url": "https://github.com/advisories/GHSA-47fc-vmwq-366v"
                }
            ],
            "published_at": "2022-11-26T03:30:27Z",
            "updated_at": "2023-01-30T05:01:22Z",
            "withdrawn_at": null,
            "vulnerabilities": [
                {
                    "package": {
                        "ecosystem": "pip",
                        "name": "torch"
                    },
                    "severity": "critical",
                    "vulnerable_version_range": "<= 1.13.0",
                    "first_patched_version": {
                        "identifier": "1.13.1"
                    }
                }
            ],
            "cvss": {
                "vector_string": "CVSS:3.1/AV:N/AC:L/PR:N/UI:N/S:U/C:H/I:H/A:H",
                "score": 9.8
            },
            "cwes": [
                {
                    "cwe_id": "CWE-77",
                    "name": "Improper Neutralization of Special Elements used in a Command ('Command Injection')"
                }
            ]
        },
        "security_vulnerability": {
            "package": {
                "ecosystem": "pip",
                "name": "torch"
            },
            "severity": "critical",
            "vulnerable_version_range": "<= 1.13.0",
            "first_patched_version": {
                "identifier": "1.13.1"
            }
        },
        "url": "https://api.github.com/repos/fcas/garage/dependabot/alerts/1",
        "html_url": "https://github.com/fcas/garage/security/dependabot/1",
        "created_at": "2024-05-24T01:34:43Z",
        "updated_at": "2024-05-24T01:34:43Z",
        "dismissed_at": null,
        "dismissed_by": null,
        "dismissed_reason": null,
        "dismissed_comment": null,
        "fixed_at": null,
        "auto_dismissed_at": null
    }
]