[
    {
        "number": 3,
        "created_at": "2024-05-19T02:54:14Z",
        "updated_at": "2024-05-23T09:44:12Z",
        "url": "https://api.github.com/repos/fcas/gensim/code-scanning/alerts/3",
        "html_url": "https://github.com/fcas/gensim/security/code-scanning/3",
        "state": "open",
        "fixed_at": null,
        "dismissed_by": null,
        "dismissed_at": null,
        "dismissed_reason": null,
        "dismissed_comment": null,
        "rule": {
            "id": "py/insecure-temporary-file",
            "severity": "error",
            "description": "Insecure temporary file",
            "name": "py/insecure-temporary-file",
            "tags": [
                "external/cwe/cwe-377",
                "security"
            ],
            "security_severity_level": "high"
        },
        "tool": {
            "name": "CodeQL",
            "guid": null,
            "version": "2.17.3"
        },
        "most_recent_instance": {
            "ref": "refs/heads/develop",
            "analysis_key": ".github/workflows/codeql.yml:analyze",
            "environment": "{\"build-mode\":\"none\",\"language\":\"python\"}",
            "category": "/language:python",
            "state": "open",
            "commit_sha": "4293bd8d83c0376e4719d8f1c891cdb7690a7dad",
            "message": {
                "text": "Call to deprecated function tempfile.mktemp may be insecure."
            },
            "location": {
                "path": "gensim/test/test_corpora.py",
                "start_line": 561,
                "end_line": 561,
                "start_column": 17,
                "end_column": 34
            },
            "classifications": [
                "test"
            ]
        },
        "instances_url": "https://api.github.com/repos/fcas/gensim/code-scanning/alerts/3/instances"
    },
    {
        "number": 2,
        "created_at": "2024-05-19T02:54:14Z",
        "updated_at": "2024-05-23T09:44:12Z",
        "url": "https://api.github.com/repos/fcas/gensim/code-scanning/alerts/2",
        "html_url": "https://github.com/fcas/gensim/security/code-scanning/2",
        "state": "open",
        "fixed_at": null,
        "dismissed_by": null,
        "dismissed_at": null,
        "dismissed_reason": null,
        "dismissed_comment": null,
        "rule": {
            "id": "py/redos",
            "severity": "error",
            "description": "Inefficient regular expression",
            "name": "py/redos",
            "tags": [
                "external/cwe/cwe-1333",
                "external/cwe/cwe-400",
                "external/cwe/cwe-730",
                "security"
            ],
            "security_severity_level": "high"
        },
        "tool": {
            "name": "CodeQL",
            "guid": null,
            "version": "2.17.3"
        },
        "most_recent_instance": {
            "ref": "refs/heads/develop",
            "analysis_key": ".github/workflows/codeql.yml:analyze",
            "environment": "{\"build-mode\":\"none\",\"language\":\"python\"}",
            "category": "/language:python",
            "state": "open",
            "commit_sha": "4293bd8d83c0376e4719d8f1c891cdb7690a7dad",
            "message": {
                "text": "This part of the regular expression may cause exponential backtracking on strings starting with '\\n\\[\\[File|' and containing many repetitions of '|'."
            },
            "location": {
                "path": "gensim/corpora/wikicorpus.py",
                "start_line": 60,
                "end_line": 60,
                "start_column": 43,
                "end_column": 46
            },
            "classifications": []
        },
        "instances_url": "https://api.github.com/repos/fcas/gensim/code-scanning/alerts/2/instances"
    },
    {
        "number": 1,
        "created_at": "2024-05-19T02:54:14Z",
        "updated_at": "2024-05-23T09:44:12Z",
        "url": "https://api.github.com/repos/fcas/gensim/code-scanning/alerts/1",
        "html_url": "https://github.com/fcas/gensim/security/code-scanning/1",
        "state": "open",
        "fixed_at": null,
        "dismissed_by": null,
        "dismissed_at": null,
        "dismissed_reason": null,
        "dismissed_comment": null,
        "rule": {
            "id": "py/redos",
            "severity": "error",
            "description": "Inefficient regular expression",
            "name": "py/redos",
            "tags": [
                "external/cwe/cwe-1333",
                "external/cwe/cwe-400",
                "external/cwe/cwe-730",
                "security"
            ],
            "security_severity_level": "high"
        },
        "tool": {
            "name": "CodeQL",
            "guid": null,
            "version": "2.17.3"
        },
        "most_recent_instance": {
            "ref": "refs/heads/develop",
            "analysis_key": ".github/workflows/codeql.yml:analyze",
            "environment": "{\"build-mode\":\"none\",\"language\":\"python\"}",
            "category": "/language:python",
            "state": "open",
            "commit_sha": "4293bd8d83c0376e4719d8f1c891cdb7690a7dad",
            "message": {
                "text": "This part of the regular expression may cause exponential backtracking on strings starting with '\\n\\[\\[Image|' and containing many repetitions of '|'."
            },
            "location": {
                "path": "gensim/corpora/wikicorpus.py",
                "start_line": 58,
                "end_line": 58,
                "start_column": 44,
                "end_column": 47
            },
            "classifications": []
        },
        "instances_url": "https://api.github.com/repos/fcas/gensim/code-scanning/alerts/1/instances"
    }
]