[
    {
        "number": 5,
        "state": "open",
        "dependency": {
            "package": {
                "ecosystem": "pip",
                "name": "Jinja2"
            },
            "manifest_path": "requirements-dev.txt",
            "scope": "development"
        },
        "security_advisory": {
            "ghsa_id": "GHSA-h75v-3vvj-5mfj",
            "cve_id": "CVE-2024-34064",
            "summary": "Jinja vulnerable to HTML attribute injection when passing user input as keys to xmlattr filter",
            "description": "The `xmlattr` filter in affected versions of Jinja accepts keys containing non-attribute characters. XML/HTML attributes cannot contain spaces, `/`, `>`, or `=`, as each would then be interpreted as starting a separate attribute. If an application accepts keys (as opposed to only values) as user input, and renders these in pages that other users see as well, an attacker could use this to inject other attributes and perform XSS. The fix for the previous GHSA-h5c8-rqwp-cp95 CVE-2024-22195 only addressed spaces but not other characters.\n\nAccepting keys as user input is now explicitly considered an unintended use case of the `xmlattr` filter, and code that does so without otherwise validating the input should be flagged as insecure, regardless of Jinja version. Accepting _values_ as user input continues to be safe.",
            "severity": "medium",
            "identifiers": [
                {
                    "value": "GHSA-h75v-3vvj-5mfj",
                    "type": "GHSA"
                },
                {
                    "value": "CVE-2024-34064",
                    "type": "CVE"
                }
            ],
            "references": [
                {
                    "url": "https://github.com/pallets/jinja/security/advisories/GHSA-h75v-3vvj-5mfj"
                },
                {
                    "url": "https://github.com/pallets/jinja/commit/0668239dc6b44ef38e7a6c9f91f312fd4ca581cb"
                },
                {
                    "url": "https://nvd.nist.gov/vuln/detail/CVE-2024-34064"
                },
                {
                    "url": "https://github.com/advisories/GHSA-h75v-3vvj-5mfj"
                }
            ],
            "published_at": "2024-05-06T14:20:59Z",
            "updated_at": "2024-05-06T16:17:32Z",
            "withdrawn_at": null,
            "vulnerabilities": [
                {
                    "package": {
                        "ecosystem": "pip",
                        "name": "Jinja2"
                    },
                    "severity": "medium",
                    "vulnerable_version_range": "< 3.1.4",
                    "first_patched_version": {
                        "identifier": "3.1.4"
                    }
                }
            ],
            "cvss": {
                "vector_string": "CVSS:3.1/AV:N/AC:L/PR:N/UI:R/S:U/C:L/I:L/A:N",
                "score": 5.4
            },
            "cwes": [
                {
                    "cwe_id": "CWE-79",
                    "name": "Improper Neutralization of Input During Web Page Generation ('Cross-site Scripting')"
                }
            ]
        },
        "security_vulnerability": {
            "package": {
                "ecosystem": "pip",
                "name": "Jinja2"
            },
            "severity": "medium",
            "vulnerable_version_range": "< 3.1.4",
            "first_patched_version": {
                "identifier": "3.1.4"
            }
        },
        "url": "https://api.github.com/repos/fcas/Lasagne/dependabot/alerts/5",
        "html_url": "https://github.com/fcas/Lasagne/security/dependabot/5",
        "created_at": "2024-05-24T01:33:50Z",
        "updated_at": "2024-05-24T01:33:50Z",
        "dismissed_at": null,
        "dismissed_by": null,
        "dismissed_reason": null,
        "dismissed_comment": null,
        "fixed_at": null,
        "auto_dismissed_at": null
    },
    {
        "number": 4,
        "state": "open",
        "dependency": {
            "package": {
                "ecosystem": "pip",
                "name": "jinja2"
            },
            "manifest_path": "requirements-dev.txt",
            "scope": "development"
        },
        "security_advisory": {
            "ghsa_id": "GHSA-h5c8-rqwp-cp95",
            "cve_id": "CVE-2024-22195",
            "summary": "Jinja vulnerable to HTML attribute injection when passing user input as keys to xmlattr filter",
            "description": "The `xmlattr` filter in affected versions of Jinja accepts keys containing spaces. XML/HTML attributes cannot contain spaces, as each would then be interpreted as a separate attribute. If an application accepts keys (as opposed to only values) as user input, and renders these in pages that other users see as well, an attacker could use this to inject other attributes and perform XSS. Note that accepting keys as user input is not common or a particularly intended use case of the `xmlattr` filter, and an application doing so should already be verifying what keys are provided regardless of this fix.",
            "severity": "medium",
            "identifiers": [
                {
                    "value": "GHSA-h5c8-rqwp-cp95",
                    "type": "GHSA"
                },
                {
                    "value": "CVE-2024-22195",
                    "type": "CVE"
                }
            ],
            "references": [
                {
                    "url": "https://github.com/pallets/jinja/security/advisories/GHSA-h5c8-rqwp-cp95"
                },
                {
                    "url": "https://nvd.nist.gov/vuln/detail/CVE-2024-22195"
                },
                {
                    "url": "https://github.com/pallets/jinja/commit/716795349a41d4983a9a4771f7d883c96ea17be7"
                },
                {
                    "url": "https://github.com/pallets/jinja/releases/tag/3.1.3"
                },
                {
                    "url": "https://lists.fedoraproject.org/archives/list/package-announce@lists.fedoraproject.org/message/5XCWZD464AJJJUBOO7CMPXQ4ROBC6JX2/"
                },
                {
                    "url": "https://lists.debian.org/debian-lts-announce/2024/01/msg00010.html"
                },
                {
                    "url": "https://lists.fedoraproject.org/archives/list/package-announce@lists.fedoraproject.org/message/DELCVUUYX75I5K4Q5WMJG4MUZJA6VAIP/"
                },
                {
                    "url": "https://lists.fedoraproject.org/archives/list/package-announce@lists.fedoraproject.org/message/O7YWRBX6JQCWC2XXCTZ55C7DPMGICCN3/"
                },
                {
                    "url": "https://github.com/advisories/GHSA-h5c8-rqwp-cp95"
                }
            ],
            "published_at": "2024-01-11T15:20:48Z",
            "updated_at": "2024-01-27T03:30:20Z",
            "withdrawn_at": null,
            "vulnerabilities": [
                {
                    "package": {
                        "ecosystem": "pip",
                        "name": "jinja2"
                    },
                    "severity": "medium",
                    "vulnerable_version_range": "< 3.1.3",
                    "first_patched_version": {
                        "identifier": "3.1.3"
                    }
                }
            ],
            "cvss": {
                "vector_string": "CVSS:3.1/AV:N/AC:L/PR:N/UI:R/S:U/C:L/I:L/A:N",
                "score": 5.4
            },
            "cwes": [
                {
                    "cwe_id": "CWE-79",
                    "name": "Improper Neutralization of Input During Web Page Generation ('Cross-site Scripting')"
                }
            ]
        },
        "security_vulnerability": {
            "package": {
                "ecosystem": "pip",
                "name": "jinja2"
            },
            "severity": "medium",
            "vulnerable_version_range": "< 3.1.3",
            "first_patched_version": {
                "identifier": "3.1.3"
            }
        },
        "url": "https://api.github.com/repos/fcas/Lasagne/dependabot/alerts/4",
        "html_url": "https://github.com/fcas/Lasagne/security/dependabot/4",
        "created_at": "2024-05-24T01:33:50Z",
        "updated_at": "2024-05-24T01:33:50Z",
        "dismissed_at": null,
        "dismissed_by": null,
        "dismissed_reason": null,
        "dismissed_comment": null,
        "fixed_at": null,
        "auto_dismissed_at": null
    },
    {
        "number": 3,
        "state": "open",
        "dependency": {
            "package": {
                "ecosystem": "pip",
                "name": "jinja2"
            },
            "manifest_path": "requirements-dev.txt",
            "scope": "development"
        },
        "security_advisory": {
            "ghsa_id": "GHSA-g3rq-g295-4j3m",
            "cve_id": "CVE-2020-28493",
            "summary": "Regular Expression Denial of Service (ReDoS) in Jinja2",
            "description": "This affects the package jinja2 from 0.0.0 and before 2.11.3. The ReDOS vulnerability of the regex is mainly due to the sub-pattern [a-zA-Z0-9._-]+.[a-zA-Z0-9._-]+ This issue can be mitigated by Markdown to format user content instead of the urlize filter, or by implementing request timeouts and limiting process memory.",
            "severity": "medium",
            "identifiers": [
                {
                    "value": "GHSA-g3rq-g295-4j3m",
                    "type": "GHSA"
                },
                {
                    "value": "CVE-2020-28493",
                    "type": "CVE"
                }
            ],
            "references": [
                {
                    "url": "https://nvd.nist.gov/vuln/detail/CVE-2020-28493"
                },
                {
                    "url": "https://github.com/pallets/jinja/pull/1343"
                },
                {
                    "url": "https://github.com/pallets/jinja/blob/ab81fd9c277900c85da0c322a2ff9d68a235b2e6/src/jinja2/utils.py%23L20"
                },
                {
                    "url": "https://snyk.io/vuln/SNYK-PYTHON-JINJA2-1012994"
                },
                {
                    "url": "https://lists.fedoraproject.org/archives/list/package-announce@lists.fedoraproject.org/message/PVAKCOO7VBVUBM3Q6CBBTPBFNP5NDXF4/"
                },
                {
                    "url": "https://security.gentoo.org/glsa/202107-19"
                },
                {
                    "url": "https://github.com/pallets/jinja/commit/15ef8f09b659f9100610583938005a7a10472d4d"
                },
                {
                    "url": "https://github.com/advisories/GHSA-g3rq-g295-4j3m"
                }
            ],
            "published_at": "2021-03-19T21:28:05Z",
            "updated_at": "2023-09-07T19:35:25Z",
            "withdrawn_at": null,
            "vulnerabilities": [
                {
                    "package": {
                        "ecosystem": "pip",
                        "name": "jinja2"
                    },
                    "severity": "medium",
                    "vulnerable_version_range": "< 2.11.3",
                    "first_patched_version": {
                        "identifier": "2.11.3"
                    }
                }
            ],
            "cvss": {
                "vector_string": "CVSS:3.1/AV:N/AC:L/PR:N/UI:N/S:U/C:N/I:N/A:L",
                "score": 5.3
            },
            "cwes": [
                {
                    "cwe_id": "CWE-400",
                    "name": "Uncontrolled Resource Consumption"
                }
            ]
        },
        "security_vulnerability": {
            "package": {
                "ecosystem": "pip",
                "name": "jinja2"
            },
            "severity": "medium",
            "vulnerable_version_range": "< 2.11.3",
            "first_patched_version": {
                "identifier": "2.11.3"
            }
        },
        "url": "https://api.github.com/repos/fcas/Lasagne/dependabot/alerts/3",
        "html_url": "https://github.com/fcas/Lasagne/security/dependabot/3",
        "created_at": "2024-05-24T01:33:50Z",
        "updated_at": "2024-05-24T01:33:50Z",
        "dismissed_at": null,
        "dismissed_by": null,
        "dismissed_reason": null,
        "dismissed_comment": null,
        "fixed_at": null,
        "auto_dismissed_at": null
    },
    {
        "number": 2,
        "state": "open",
        "dependency": {
            "package": {
                "ecosystem": "pip",
                "name": "Jinja2"
            },
            "manifest_path": "requirements-dev.txt",
            "scope": "development"
        },
        "security_advisory": {
            "ghsa_id": "GHSA-462w-v97r-4m45",
            "cve_id": "CVE-2019-10906",
            "summary": "Jinja2 sandbox escape via string formatting",
            "description": "In Pallets Jinja before 2.10.1, `str.format_map` allows a sandbox escape.\n\nThe sandbox is used to restrict what code can be evaluated when rendering untrusted, user-provided templates. Due to the way string formatting works in Python, the `str.format_map` method could be used to escape the sandbox.\n\nThis issue was previously addressed for the `str.format` method in Jinja 2.8.1, which discusses the issue in detail. However, the less-common `str.format_map` method was overlooked. This release applies the same sandboxing to both methods.\n\nIf you cannot upgrade Jinja, you can override the `is_safe_attribute` method on the sandbox and explicitly disallow the `format_map` method on string objects.",
            "severity": "high",
            "identifiers": [
                {
                    "value": "GHSA-462w-v97r-4m45",
                    "type": "GHSA"
                },
                {
                    "value": "CVE-2019-10906",
                    "type": "CVE"
                }
            ],
            "references": [
                {
                    "url": "https://nvd.nist.gov/vuln/detail/CVE-2019-10906"
                },
                {
                    "url": "https://access.redhat.com/errata/RHSA-2019:1152"
                },
                {
                    "url": "https://access.redhat.com/errata/RHSA-2019:1237"
                },
                {
                    "url": "https://access.redhat.com/errata/RHSA-2019:1329"
                },
                {
                    "url": "https://github.com/advisories/GHSA-462w-v97r-4m45"
                },
                {
                    "url": "https://lists.apache.org/thread.html/09fc842ff444cd43d9d4c510756fec625ef8eb1175f14fd21de2605f@%3Cdevnull.infra.apache.org%3E"
                },
                {
                    "url": "https://lists.apache.org/thread.html/2b52b9c8b9d6366a4f1b407a8bde6af28d9fc73fdb3b37695fd0d9ac@%3Cdevnull.infra.apache.org%3E"
                },
                {
                    "url": "https://lists.apache.org/thread.html/320441dccbd9a545320f5f07306d711d4bbd31ba43dc9eebcfc602df@%3Cdevnull.infra.apache.org%3E"
                },
                {
                    "url": "https://lists.apache.org/thread.html/46c055e173b52d599c648a98199972dbd6a89d2b4c4647b0500f2284@%3Cdevnull.infra.apache.org%3E"
                },
                {
                    "url": "https://lists.apache.org/thread.html/57673a78c4d5c870d3f21465c7e2946b9f8285c7c57e54c2ae552f02@%3Ccommits.airflow.apache.org%3E"
                },
                {
                    "url": "https://lists.apache.org/thread.html/7f39f01392d320dfb48e4901db68daeece62fd60ef20955966739993@%3Ccommits.airflow.apache.org%3E"
                },
                {
                    "url": "https://lists.apache.org/thread.html/b2380d147b508bbcb90d2cad443c159e63e12555966ab4f320ee22da@%3Ccommits.airflow.apache.org%3E"
                },
                {
                    "url": "https://lists.apache.org/thread.html/f0c4a03418bcfe70c539c5dbaf99c04c98da13bfa1d3266f08564316@%3Ccommits.airflow.apache.org%3E"
                },
                {
                    "url": "https://lists.fedoraproject.org/archives/list/package-announce@lists.fedoraproject.org/message/DSW3QZMFVVR7YE3UT4YRQA272TYAL5AF/"
                },
                {
                    "url": "https://lists.fedoraproject.org/archives/list/package-announce@lists.fedoraproject.org/message/QCDYIS254EJMBNWOG4S5QY6AOTOR4TZU/"
                },
                {
                    "url": "https://lists.fedoraproject.org/archives/list/package-announce@lists.fedoraproject.org/message/TS7IVZAJBWOHNRDMFJDIZVFCMRP6YIUQ/"
                },
                {
                    "url": "https://palletsprojects.com/blog/jinja-2-10-1-released"
                },
                {
                    "url": "https://usn.ubuntu.com/4011-1/"
                },
                {
                    "url": "https://usn.ubuntu.com/4011-2/"
                },
                {
                    "url": "http://lists.opensuse.org/opensuse-security-announce/2019-05/msg00030.html"
                },
                {
                    "url": "http://lists.opensuse.org/opensuse-security-announce/2019-06/msg00064.html"
                }
            ],
            "published_at": "2019-04-10T14:30:24Z",
            "updated_at": "2023-08-30T21:01:32Z",
            "withdrawn_at": null,
            "vulnerabilities": [
                {
                    "package": {
                        "ecosystem": "pip",
                        "name": "Jinja2"
                    },
                    "severity": "high",
                    "vulnerable_version_range": "< 2.10.1",
                    "first_patched_version": {
                        "identifier": "2.10.1"
                    }
                }
            ],
            "cvss": {
                "vector_string": "CVSS:3.0/AV:N/AC:L/PR:N/UI:N/S:C/C:H/I:N/A:N",
                "score": 8.6
            },
            "cwes": [
                {
                    "cwe_id": "CWE-693",
                    "name": "Protection Mechanism Failure"
                }
            ]
        },
        "security_vulnerability": {
            "package": {
                "ecosystem": "pip",
                "name": "Jinja2"
            },
            "severity": "high",
            "vulnerable_version_range": "< 2.10.1",
            "first_patched_version": {
                "identifier": "2.10.1"
            }
        },
        "url": "https://api.github.com/repos/fcas/Lasagne/dependabot/alerts/2",
        "html_url": "https://github.com/fcas/Lasagne/security/dependabot/2",
        "created_at": "2024-05-24T01:33:50Z",
        "updated_at": "2024-05-24T01:33:50Z",
        "dismissed_at": null,
        "dismissed_by": null,
        "dismissed_reason": null,
        "dismissed_comment": null,
        "fixed_at": null,
        "auto_dismissed_at": null
    },
    {
        "number": 1,
        "state": "open",
        "dependency": {
            "package": {
                "ecosystem": "pip",
                "name": "Jinja2"
            },
            "manifest_path": "requirements-dev.txt",
            "scope": "development"
        },
        "security_advisory": {
            "ghsa_id": "GHSA-hj2j-77xm-mc5v",
            "cve_id": "CVE-2016-10745",
            "summary": "High severity vulnerability that affects Jinja2",
            "description": "In Pallets Jinja before 2.8.1, str.format allows a sandbox escape.",
            "severity": "high",
            "identifiers": [
                {
                    "value": "GHSA-hj2j-77xm-mc5v",
                    "type": "GHSA"
                },
                {
                    "value": "CVE-2016-10745",
                    "type": "CVE"
                }
            ],
            "references": [
                {
                    "url": "https://nvd.nist.gov/vuln/detail/CVE-2016-10745"
                },
                {
                    "url": "https://github.com/pallets/jinja/commit/9b53045c34e61013dc8f09b7e52a555fa16bed16"
                },
                {
                    "url": "https://access.redhat.com/errata/RHSA-2019:1022"
                },
                {
                    "url": "https://access.redhat.com/errata/RHSA-2019:1237"
                },
                {
                    "url": "https://access.redhat.com/errata/RHSA-2019:1260"
                },
                {
                    "url": "https://access.redhat.com/errata/RHSA-2019:3964"
                },
                {
                    "url": "https://access.redhat.com/errata/RHSA-2019:4062"
                },
                {
                    "url": "https://github.com/advisories/GHSA-hj2j-77xm-mc5v"
                },
                {
                    "url": "https://palletsprojects.com/blog/jinja-281-released/"
                },
                {
                    "url": "https://usn.ubuntu.com/4011-1/"
                },
                {
                    "url": "https://usn.ubuntu.com/4011-2/"
                },
                {
                    "url": "http://lists.opensuse.org/opensuse-security-announce/2019-05/msg00030.html"
                },
                {
                    "url": "http://lists.opensuse.org/opensuse-security-announce/2019-06/msg00064.html"
                }
            ],
            "published_at": "2019-04-10T14:30:13Z",
            "updated_at": "2023-01-09T05:03:09Z",
            "withdrawn_at": null,
            "vulnerabilities": [
                {
                    "package": {
                        "ecosystem": "pip",
                        "name": "Jinja2"
                    },
                    "severity": "high",
                    "vulnerable_version_range": "< 2.8.1",
                    "first_patched_version": {
                        "identifier": "2.8.1"
                    }
                }
            ],
            "cvss": {
                "vector_string": "CVSS:3.0/AV:N/AC:L/PR:N/UI:N/S:C/C:H/I:N/A:N",
                "score": 8.6
            },
            "cwes": [
                {
                    "cwe_id": "CWE-134",
                    "name": "Use of Externally-Controlled Format String"
                }
            ]
        },
        "security_vulnerability": {
            "package": {
                "ecosystem": "pip",
                "name": "Jinja2"
            },
            "severity": "high",
            "vulnerable_version_range": "< 2.8.1",
            "first_patched_version": {
                "identifier": "2.8.1"
            }
        },
        "url": "https://api.github.com/repos/fcas/Lasagne/dependabot/alerts/1",
        "html_url": "https://github.com/fcas/Lasagne/security/dependabot/1",
        "created_at": "2024-05-24T01:33:50Z",
        "updated_at": "2024-05-24T01:33:50Z",
        "dismissed_at": null,
        "dismissed_by": null,
        "dismissed_reason": null,
        "dismissed_comment": null,
        "fixed_at": null,
        "auto_dismissed_at": null
    }
]