[
    {
        "number": 2,
        "created_at": "2024-05-16T12:56:08Z",
        "updated_at": "2024-05-16T12:56:10Z",
        "url": "https://api.github.com/repos/fcas/LightGBM/code-scanning/alerts/2",
        "html_url": "https://github.com/fcas/LightGBM/security/code-scanning/2",
        "state": "open",
        "fixed_at": null,
        "dismissed_by": null,
        "dismissed_at": null,
        "dismissed_reason": null,
        "dismissed_comment": null,
        "rule": {
            "id": "py/bind-socket-all-network-interfaces",
            "severity": "error",
            "description": "Binding a socket to all network interfaces",
            "name": "py/bind-socket-all-network-interfaces",
            "tags": [
                "external/cwe/cwe-200",
                "security"
            ],
            "security_severity_level": "medium"
        },
        "tool": {
            "name": "CodeQL",
            "guid": null,
            "version": "2.17.3"
        },
        "most_recent_instance": {
            "ref": "refs/heads/master",
            "analysis_key": ".github/workflows/codeql.yml:analyze",
            "environment": "{\"build-mode\":\"none\",\"language\":\"python\"}",
            "category": "/language:python",
            "state": "open",
            "commit_sha": "7b0c349750ff571ad3e776963c0951bea539b2c6",
            "message": {
                "text": "'' binds a socket to all interfaces."
            },
            "location": {
                "path": "python-package/lightgbm/dask.py",
                "start_line": 70,
                "end_line": 70,
                "start_column": 9,
                "end_column": 34
            },
            "classifications": []
        },
        "instances_url": "https://api.github.com/repos/fcas/LightGBM/code-scanning/alerts/2/instances"
    },
    {
        "number": 1,
        "created_at": "2024-05-16T12:56:08Z",
        "updated_at": "2024-05-16T12:56:10Z",
        "url": "https://api.github.com/repos/fcas/LightGBM/code-scanning/alerts/1",
        "html_url": "https://github.com/fcas/LightGBM/security/code-scanning/1",
        "state": "open",
        "fixed_at": null,
        "dismissed_by": null,
        "dismissed_at": null,
        "dismissed_reason": null,
        "dismissed_comment": null,
        "rule": {
            "id": "py/bind-socket-all-network-interfaces",
            "severity": "error",
            "description": "Binding a socket to all network interfaces",
            "name": "py/bind-socket-all-network-interfaces",
            "tags": [
                "external/cwe/cwe-200",
                "security"
            ],
            "security_severity_level": "medium"
        },
        "tool": {
            "name": "CodeQL",
            "guid": null,
            "version": "2.17.3"
        },
        "most_recent_instance": {
            "ref": "refs/heads/master",
            "analysis_key": ".github/workflows/codeql.yml:analyze",
            "environment": "{\"build-mode\":\"none\",\"language\":\"python\"}",
            "category": "/language:python",
            "state": "open",
            "commit_sha": "7b0c349750ff571ad3e776963c0951bea539b2c6",
            "message": {
                "text": "'' binds a socket to all interfaces."
            },
            "location": {
                "path": "tests/distributed/_test_distributed.py",
                "start_line": 26,
                "end_line": 26,
                "start_column": 9,
                "end_column": 24
            },
            "classifications": [
                "test"
            ]
        },
        "instances_url": "https://api.github.com/repos/fcas/LightGBM/code-scanning/alerts/1/instances"
    }
]