[
    {
        "number": 1,
        "state": "open",
        "dependency": {
            "package": {
                "ecosystem": "npm",
                "name": "webpack-dev-server"
            },
            "manifest_path": "lime/package.json",
            "scope": "development"
        },
        "security_advisory": {
            "ghsa_id": "GHSA-cf66-xwfp-gvc4",
            "cve_id": "CVE-2018-14732",
            "summary": "Missing Origin Validation in webpack-dev-server",
            "description": "Versions of `webpack-dev-server` before 3.1.10 are missing origin validation on the websocket server. This vulnerability allows a remote attacker to steal a developer's source code because the origin of requests to the websocket server that is used for Hot Module Replacement (HMR) are not validated.\n\n\n## Recommendation\nFor `webpack-dev-server` update to version 3.1.11 or later.",
            "severity": "high",
            "identifiers": [
                {
                    "value": "GHSA-cf66-xwfp-gvc4",
                    "type": "GHSA"
                },
                {
                    "value": "CVE-2018-14732",
                    "type": "CVE"
                }
            ],
            "references": [
                {
                    "url": "https://nvd.nist.gov/vuln/detail/CVE-2018-14732"
                },
                {
                    "url": "https://github.com/webpack/webpack-dev-server/commit/f18e5adf123221a1015be63e1ca2491ca45b8d10"
                },
                {
                    "url": "https://www.npmjs.com/advisories/725"
                },
                {
                    "url": "https://github.com/webpack/webpack-dev-server/issues/1445"
                },
                {
                    "url": "https://github.com/webpack/webpack-dev-server/blob/master/CHANGELOG.md#3111-2018-12-21"
                },
                {
                    "url": "https://github.com/webpack/webpack-dev-server/issues/1620"
                },
                {
                    "url": "https://github.com/advisories/GHSA-cf66-xwfp-gvc4"
                }
            ],
            "published_at": "2019-01-04T17:40:59Z",
            "updated_at": "2023-01-09T05:03:00Z",
            "withdrawn_at": null,
            "vulnerabilities": [
                {
                    "package": {
                        "ecosystem": "npm",
                        "name": "webpack-dev-server"
                    },
                    "severity": "high",
                    "vulnerable_version_range": "< 3.1.11",
                    "first_patched_version": {
                        "identifier": "3.1.11"
                    }
                }
            ],
            "cvss": {
                "vector_string": "CVSS:3.0/AV:N/AC:L/PR:N/UI:N/S:U/C:H/I:N/A:N",
                "score": 7.5
            },
            "cwes": [
                {
                    "cwe_id": "CWE-20",
                    "name": "Improper Input Validation"
                }
            ]
        },
        "security_vulnerability": {
            "package": {
                "ecosystem": "npm",
                "name": "webpack-dev-server"
            },
            "severity": "high",
            "vulnerable_version_range": "< 3.1.11",
            "first_patched_version": {
                "identifier": "3.1.11"
            }
        },
        "url": "https://api.github.com/repos/fcas/lime/dependabot/alerts/1",
        "html_url": "https://github.com/fcas/lime/security/dependabot/1",
        "created_at": "2024-05-24T01:34:19Z",
        "updated_at": "2024-05-24T01:34:19Z",
        "dismissed_at": null,
        "dismissed_by": null,
        "dismissed_reason": null,
        "dismissed_comment": null,
        "fixed_at": null,
        "auto_dismissed_at": null
    }
]