[
    {
        "number": 17,
        "created_at": "2024-05-19T02:20:04Z",
        "updated_at": "2024-05-19T02:20:06Z",
        "url": "https://api.github.com/repos/fcas/machine-learning/code-scanning/alerts/17",
        "html_url": "https://github.com/fcas/machine-learning/security/code-scanning/17",
        "state": "open",
        "fixed_at": null,
        "dismissed_by": null,
        "dismissed_at": null,
        "dismissed_reason": null,
        "dismissed_comment": null,
        "rule": {
            "id": "py/reflective-xss",
            "severity": "error",
            "description": "Reflected server-side cross-site scripting",
            "name": "py/reflective-xss",
            "tags": [
                "external/cwe/cwe-079",
                "external/cwe/cwe-116",
                "security"
            ],
            "security_severity_level": "medium"
        },
        "tool": {
            "name": "CodeQL",
            "guid": null,
            "version": "2.17.3"
        },
        "most_recent_instance": {
            "ref": "refs/heads/master",
            "analysis_key": ".github/workflows/codeql.yml:analyze",
            "environment": "{\"build-mode\":\"none\",\"language\":\"python\"}",
            "category": "/language:python",
            "state": "open",
            "commit_sha": "99d6d99d1f372f120044267d52136c466ced3b6b",
            "message": {
                "text": "Cross-site scripting vulnerability due to a user-provided value."
            },
            "location": {
                "path": "interface/views_web.py",
                "start_line": 277,
                "end_line": 280,
                "start_column": 20,
                "end_column": 15
            },
            "classifications": []
        },
        "instances_url": "https://api.github.com/repos/fcas/machine-learning/code-scanning/alerts/17/instances"
    },
    {
        "number": 16,
        "created_at": "2024-05-19T02:20:04Z",
        "updated_at": "2024-05-19T02:20:06Z",
        "url": "https://api.github.com/repos/fcas/machine-learning/code-scanning/alerts/16",
        "html_url": "https://github.com/fcas/machine-learning/security/code-scanning/16",
        "state": "open",
        "fixed_at": null,
        "dismissed_by": null,
        "dismissed_at": null,
        "dismissed_reason": null,
        "dismissed_comment": null,
        "rule": {
            "id": "py/reflective-xss",
            "severity": "error",
            "description": "Reflected server-side cross-site scripting",
            "name": "py/reflective-xss",
            "tags": [
                "external/cwe/cwe-079",
                "external/cwe/cwe-116",
                "security"
            ],
            "security_severity_level": "medium"
        },
        "tool": {
            "name": "CodeQL",
            "guid": null,
            "version": "2.17.3"
        },
        "most_recent_instance": {
            "ref": "refs/heads/master",
            "analysis_key": ".github/workflows/codeql.yml:analyze",
            "environment": "{\"build-mode\":\"none\",\"language\":\"python\"}",
            "category": "/language:python",
            "state": "open",
            "commit_sha": "99d6d99d1f372f120044267d52136c466ced3b6b",
            "message": {
                "text": "Cross-site scripting vulnerability due to a user-provided value."
            },
            "location": {
                "path": "interface/views_web.py",
                "start_line": 270,
                "end_line": 273,
                "start_column": 24,
                "end_column": 19
            },
            "classifications": []
        },
        "instances_url": "https://api.github.com/repos/fcas/machine-learning/code-scanning/alerts/16/instances"
    },
    {
        "number": 15,
        "created_at": "2024-05-19T02:20:04Z",
        "updated_at": "2024-05-19T02:20:06Z",
        "url": "https://api.github.com/repos/fcas/machine-learning/code-scanning/alerts/15",
        "html_url": "https://github.com/fcas/machine-learning/security/code-scanning/15",
        "state": "open",
        "fixed_at": null,
        "dismissed_by": null,
        "dismissed_at": null,
        "dismissed_reason": null,
        "dismissed_comment": null,
        "rule": {
            "id": "py/reflective-xss",
            "severity": "error",
            "description": "Reflected server-side cross-site scripting",
            "name": "py/reflective-xss",
            "tags": [
                "external/cwe/cwe-079",
                "external/cwe/cwe-116",
                "security"
            ],
            "security_severity_level": "medium"
        },
        "tool": {
            "name": "CodeQL",
            "guid": null,
            "version": "2.17.3"
        },
        "most_recent_instance": {
            "ref": "refs/heads/master",
            "analysis_key": ".github/workflows/codeql.yml:analyze",
            "environment": "{\"build-mode\":\"none\",\"language\":\"python\"}",
            "category": "/language:python",
            "state": "open",
            "commit_sha": "99d6d99d1f372f120044267d52136c466ced3b6b",
            "message": {
                "text": "Cross-site scripting vulnerability due to a user-provided value."
            },
            "location": {
                "path": "interface/views_web.py",
                "start_line": 262,
                "end_line": 266,
                "start_column": 28,
                "end_column": 23
            },
            "classifications": []
        },
        "instances_url": "https://api.github.com/repos/fcas/machine-learning/code-scanning/alerts/15/instances"
    },
    {
        "number": 14,
        "created_at": "2024-05-19T02:20:04Z",
        "updated_at": "2024-05-19T02:20:06Z",
        "url": "https://api.github.com/repos/fcas/machine-learning/code-scanning/alerts/14",
        "html_url": "https://github.com/fcas/machine-learning/security/code-scanning/14",
        "state": "open",
        "fixed_at": null,
        "dismissed_by": null,
        "dismissed_at": null,
        "dismissed_reason": null,
        "dismissed_comment": null,
        "rule": {
            "id": "py/reflective-xss",
            "severity": "error",
            "description": "Reflected server-side cross-site scripting",
            "name": "py/reflective-xss",
            "tags": [
                "external/cwe/cwe-079",
                "external/cwe/cwe-116",
                "security"
            ],
            "security_severity_level": "medium"
        },
        "tool": {
            "name": "CodeQL",
            "guid": null,
            "version": "2.17.3"
        },
        "most_recent_instance": {
            "ref": "refs/heads/master",
            "analysis_key": ".github/workflows/codeql.yml:analyze",
            "environment": "{\"build-mode\":\"none\",\"language\":\"python\"}",
            "category": "/language:python",
            "state": "open",
            "commit_sha": "99d6d99d1f372f120044267d52136c466ced3b6b",
            "message": {
                "text": "Cross-site scripting vulnerability due to a user-provided value."
            },
            "location": {
                "path": "interface/views_web.py",
                "start_line": 255,
                "end_line": 258,
                "start_column": 32,
                "end_column": 27
            },
            "classifications": []
        },
        "instances_url": "https://api.github.com/repos/fcas/machine-learning/code-scanning/alerts/14/instances"
    },
    {
        "number": 13,
        "created_at": "2024-05-19T02:20:04Z",
        "updated_at": "2024-05-19T02:20:06Z",
        "url": "https://api.github.com/repos/fcas/machine-learning/code-scanning/alerts/13",
        "html_url": "https://github.com/fcas/machine-learning/security/code-scanning/13",
        "state": "open",
        "fixed_at": null,
        "dismissed_by": null,
        "dismissed_at": null,
        "dismissed_reason": null,
        "dismissed_comment": null,
        "rule": {
            "id": "py/reflective-xss",
            "severity": "error",
            "description": "Reflected server-side cross-site scripting",
            "name": "py/reflective-xss",
            "tags": [
                "external/cwe/cwe-079",
                "external/cwe/cwe-116",
                "security"
            ],
            "security_severity_level": "medium"
        },
        "tool": {
            "name": "CodeQL",
            "guid": null,
            "version": "2.17.3"
        },
        "most_recent_instance": {
            "ref": "refs/heads/master",
            "analysis_key": ".github/workflows/codeql.yml:analyze",
            "environment": "{\"build-mode\":\"none\",\"language\":\"python\"}",
            "category": "/language:python",
            "state": "open",
            "commit_sha": "99d6d99d1f372f120044267d52136c466ced3b6b",
            "message": {
                "text": "Cross-site scripting vulnerability due to a user-provided value."
            },
            "location": {
                "path": "interface/views_web.py",
                "start_line": 248,
                "end_line": 252,
                "start_column": 32,
                "end_column": 27
            },
            "classifications": []
        },
        "instances_url": "https://api.github.com/repos/fcas/machine-learning/code-scanning/alerts/13/instances"
    },
    {
        "number": 12,
        "created_at": "2024-05-19T02:20:04Z",
        "updated_at": "2024-05-19T02:20:06Z",
        "url": "https://api.github.com/repos/fcas/machine-learning/code-scanning/alerts/12",
        "html_url": "https://github.com/fcas/machine-learning/security/code-scanning/12",
        "state": "open",
        "fixed_at": null,
        "dismissed_by": null,
        "dismissed_at": null,
        "dismissed_reason": null,
        "dismissed_comment": null,
        "rule": {
            "id": "py/reflective-xss",
            "severity": "error",
            "description": "Reflected server-side cross-site scripting",
            "name": "py/reflective-xss",
            "tags": [
                "external/cwe/cwe-079",
                "external/cwe/cwe-116",
                "security"
            ],
            "security_severity_level": "medium"
        },
        "tool": {
            "name": "CodeQL",
            "guid": null,
            "version": "2.17.3"
        },
        "most_recent_instance": {
            "ref": "refs/heads/master",
            "analysis_key": ".github/workflows/codeql.yml:analyze",
            "environment": "{\"build-mode\":\"none\",\"language\":\"python\"}",
            "category": "/language:python",
            "state": "open",
            "commit_sha": "99d6d99d1f372f120044267d52136c466ced3b6b",
            "message": {
                "text": "Cross-site scripting vulnerability due to a user-provided value."
            },
            "location": {
                "path": "interface/views_web.py",
                "start_line": 108,
                "end_line": 108,
                "start_column": 20,
                "end_column": 28
            },
            "classifications": []
        },
        "instances_url": "https://api.github.com/repos/fcas/machine-learning/code-scanning/alerts/12/instances"
    },
    {
        "number": 11,
        "created_at": "2024-05-19T02:20:04Z",
        "updated_at": "2024-05-19T02:20:06Z",
        "url": "https://api.github.com/repos/fcas/machine-learning/code-scanning/alerts/11",
        "html_url": "https://github.com/fcas/machine-learning/security/code-scanning/11",
        "state": "open",
        "fixed_at": null,
        "dismissed_by": null,
        "dismissed_at": null,
        "dismissed_reason": null,
        "dismissed_comment": null,
        "rule": {
            "id": "py/reflective-xss",
            "severity": "error",
            "description": "Reflected server-side cross-site scripting",
            "name": "py/reflective-xss",
            "tags": [
                "external/cwe/cwe-079",
                "external/cwe/cwe-116",
                "security"
            ],
            "security_severity_level": "medium"
        },
        "tool": {
            "name": "CodeQL",
            "guid": null,
            "version": "2.17.3"
        },
        "most_recent_instance": {
            "ref": "refs/heads/master",
            "analysis_key": ".github/workflows/codeql.yml:analyze",
            "environment": "{\"build-mode\":\"none\",\"language\":\"python\"}",
            "category": "/language:python",
            "state": "open",
            "commit_sha": "99d6d99d1f372f120044267d52136c466ced3b6b",
            "message": {
                "text": "Cross-site scripting vulnerability due to a user-provided value."
            },
            "location": {
                "path": "interface/views_api.py",
                "start_line": 86,
                "end_line": 86,
                "start_column": 20,
                "end_column": 28
            },
            "classifications": []
        },
        "instances_url": "https://api.github.com/repos/fcas/machine-learning/code-scanning/alerts/11/instances"
    },
    {
        "number": 10,
        "created_at": "2024-05-19T02:20:04Z",
        "updated_at": "2024-05-19T02:20:06Z",
        "url": "https://api.github.com/repos/fcas/machine-learning/code-scanning/alerts/10",
        "html_url": "https://github.com/fcas/machine-learning/security/code-scanning/10",
        "state": "open",
        "fixed_at": null,
        "dismissed_by": null,
        "dismissed_at": null,
        "dismissed_reason": null,
        "dismissed_comment": null,
        "rule": {
            "id": "py/stack-trace-exposure",
            "severity": "error",
            "description": "Information exposure through an exception",
            "name": "py/stack-trace-exposure",
            "tags": [
                "external/cwe/cwe-209",
                "external/cwe/cwe-497",
                "security"
            ],
            "security_severity_level": "medium"
        },
        "tool": {
            "name": "CodeQL",
            "guid": null,
            "version": "2.17.3"
        },
        "most_recent_instance": {
            "ref": "refs/heads/master",
            "analysis_key": ".github/workflows/codeql.yml:analyze",
            "environment": "{\"build-mode\":\"none\",\"language\":\"python\"}",
            "category": "/language:python",
            "state": "open",
            "commit_sha": "99d6d99d1f372f120044267d52136c466ced3b6b",
            "message": {
                "text": "Stack trace information flows to this location and may be exposed to an external user.\nStack trace information flows to this location and may be exposed to an external user."
            },
            "location": {
                "path": "interface/views_web.py",
                "start_line": 372,
                "end_line": 372,
                "start_column": 20,
                "end_column": 62
            },
            "classifications": []
        },
        "instances_url": "https://api.github.com/repos/fcas/machine-learning/code-scanning/alerts/10/instances"
    },
    {
        "number": 9,
        "created_at": "2024-05-19T02:20:04Z",
        "updated_at": "2024-05-19T02:20:06Z",
        "url": "https://api.github.com/repos/fcas/machine-learning/code-scanning/alerts/9",
        "html_url": "https://github.com/fcas/machine-learning/security/code-scanning/9",
        "state": "open",
        "fixed_at": null,
        "dismissed_by": null,
        "dismissed_at": null,
        "dismissed_reason": null,
        "dismissed_comment": null,
        "rule": {
            "id": "py/stack-trace-exposure",
            "severity": "error",
            "description": "Information exposure through an exception",
            "name": "py/stack-trace-exposure",
            "tags": [
                "external/cwe/cwe-209",
                "external/cwe/cwe-497",
                "security"
            ],
            "security_severity_level": "medium"
        },
        "tool": {
            "name": "CodeQL",
            "guid": null,
            "version": "2.17.3"
        },
        "most_recent_instance": {
            "ref": "refs/heads/master",
            "analysis_key": ".github/workflows/codeql.yml:analyze",
            "environment": "{\"build-mode\":\"none\",\"language\":\"python\"}",
            "category": "/language:python",
            "state": "open",
            "commit_sha": "99d6d99d1f372f120044267d52136c466ced3b6b",
            "message": {
                "text": "Stack trace information flows to this location and may be exposed to an external user.\nStack trace information flows to this location and may be exposed to an external user."
            },
            "location": {
                "path": "interface/views_web.py",
                "start_line": 370,
                "end_line": 370,
                "start_column": 20,
                "end_column": 52
            },
            "classifications": []
        },
        "instances_url": "https://api.github.com/repos/fcas/machine-learning/code-scanning/alerts/9/instances"
    },
    {
        "number": 8,
        "created_at": "2024-05-19T02:20:04Z",
        "updated_at": "2024-05-19T02:20:06Z",
        "url": "https://api.github.com/repos/fcas/machine-learning/code-scanning/alerts/8",
        "html_url": "https://github.com/fcas/machine-learning/security/code-scanning/8",
        "state": "open",
        "fixed_at": null,
        "dismissed_by": null,
        "dismissed_at": null,
        "dismissed_reason": null,
        "dismissed_comment": null,
        "rule": {
            "id": "py/stack-trace-exposure",
            "severity": "error",
            "description": "Information exposure through an exception",
            "name": "py/stack-trace-exposure",
            "tags": [
                "external/cwe/cwe-209",
                "external/cwe/cwe-497",
                "security"
            ],
            "security_severity_level": "medium"
        },
        "tool": {
            "name": "CodeQL",
            "guid": null,
            "version": "2.17.3"
        },
        "most_recent_instance": {
            "ref": "refs/heads/master",
            "analysis_key": ".github/workflows/codeql.yml:analyze",
            "environment": "{\"build-mode\":\"none\",\"language\":\"python\"}",
            "category": "/language:python",
            "state": "open",
            "commit_sha": "99d6d99d1f372f120044267d52136c466ced3b6b",
            "message": {
                "text": "Stack trace information flows to this location and may be exposed to an external user.\nStack trace information flows to this location and may be exposed to an external user."
            },
            "location": {
                "path": "interface/views_web.py",
                "start_line": 337,
                "end_line": 337,
                "start_column": 20,
                "end_column": 47
            },
            "classifications": []
        },
        "instances_url": "https://api.github.com/repos/fcas/machine-learning/code-scanning/alerts/8/instances"
    },
    {
        "number": 7,
        "created_at": "2024-05-19T02:20:04Z",
        "updated_at": "2024-05-19T02:20:06Z",
        "url": "https://api.github.com/repos/fcas/machine-learning/code-scanning/alerts/7",
        "html_url": "https://github.com/fcas/machine-learning/security/code-scanning/7",
        "state": "open",
        "fixed_at": null,
        "dismissed_by": null,
        "dismissed_at": null,
        "dismissed_reason": null,
        "dismissed_comment": null,
        "rule": {
            "id": "py/stack-trace-exposure",
            "severity": "error",
            "description": "Information exposure through an exception",
            "name": "py/stack-trace-exposure",
            "tags": [
                "external/cwe/cwe-209",
                "external/cwe/cwe-497",
                "security"
            ],
            "security_severity_level": "medium"
        },
        "tool": {
            "name": "CodeQL",
            "guid": null,
            "version": "2.17.3"
        },
        "most_recent_instance": {
            "ref": "refs/heads/master",
            "analysis_key": ".github/workflows/codeql.yml:analyze",
            "environment": "{\"build-mode\":\"none\",\"language\":\"python\"}",
            "category": "/language:python",
            "state": "open",
            "commit_sha": "99d6d99d1f372f120044267d52136c466ced3b6b",
            "message": {
                "text": "Stack trace information flows to this location and may be exposed to an external user.\nStack trace information flows to this location and may be exposed to an external user.\nStack trace information flows to this location and may be exposed to an external user.\nStack trace information flows to this location and may be exposed to an external user.\nStack trace information flows to this location and may be exposed to an external user.\nStack trace information flows to this location and may be exposed to an external user."
            },
            "location": {
                "path": "interface/views_web.py",
                "start_line": 108,
                "end_line": 108,
                "start_column": 20,
                "end_column": 28
            },
            "classifications": []
        },
        "instances_url": "https://api.github.com/repos/fcas/machine-learning/code-scanning/alerts/7/instances"
    },
    {
        "number": 6,
        "created_at": "2024-05-19T02:20:04Z",
        "updated_at": "2024-05-19T02:20:06Z",
        "url": "https://api.github.com/repos/fcas/machine-learning/code-scanning/alerts/6",
        "html_url": "https://github.com/fcas/machine-learning/security/code-scanning/6",
        "state": "open",
        "fixed_at": null,
        "dismissed_by": null,
        "dismissed_at": null,
        "dismissed_reason": null,
        "dismissed_comment": null,
        "rule": {
            "id": "py/stack-trace-exposure",
            "severity": "error",
            "description": "Information exposure through an exception",
            "name": "py/stack-trace-exposure",
            "tags": [
                "external/cwe/cwe-209",
                "external/cwe/cwe-497",
                "security"
            ],
            "security_severity_level": "medium"
        },
        "tool": {
            "name": "CodeQL",
            "guid": null,
            "version": "2.17.3"
        },
        "most_recent_instance": {
            "ref": "refs/heads/master",
            "analysis_key": ".github/workflows/codeql.yml:analyze",
            "environment": "{\"build-mode\":\"none\",\"language\":\"python\"}",
            "category": "/language:python",
            "state": "open",
            "commit_sha": "99d6d99d1f372f120044267d52136c466ced3b6b",
            "message": {
                "text": "Stack trace information flows to this location and may be exposed to an external user.\nStack trace information flows to this location and may be exposed to an external user."
            },
            "location": {
                "path": "interface/views_api.py",
                "start_line": 273,
                "end_line": 273,
                "start_column": 20,
                "end_column": 62
            },
            "classifications": []
        },
        "instances_url": "https://api.github.com/repos/fcas/machine-learning/code-scanning/alerts/6/instances"
    },
    {
        "number": 5,
        "created_at": "2024-05-19T02:20:04Z",
        "updated_at": "2024-05-19T02:20:06Z",
        "url": "https://api.github.com/repos/fcas/machine-learning/code-scanning/alerts/5",
        "html_url": "https://github.com/fcas/machine-learning/security/code-scanning/5",
        "state": "open",
        "fixed_at": null,
        "dismissed_by": null,
        "dismissed_at": null,
        "dismissed_reason": null,
        "dismissed_comment": null,
        "rule": {
            "id": "py/stack-trace-exposure",
            "severity": "error",
            "description": "Information exposure through an exception",
            "name": "py/stack-trace-exposure",
            "tags": [
                "external/cwe/cwe-209",
                "external/cwe/cwe-497",
                "security"
            ],
            "security_severity_level": "medium"
        },
        "tool": {
            "name": "CodeQL",
            "guid": null,
            "version": "2.17.3"
        },
        "most_recent_instance": {
            "ref": "refs/heads/master",
            "analysis_key": ".github/workflows/codeql.yml:analyze",
            "environment": "{\"build-mode\":\"none\",\"language\":\"python\"}",
            "category": "/language:python",
            "state": "open",
            "commit_sha": "99d6d99d1f372f120044267d52136c466ced3b6b",
            "message": {
                "text": "Stack trace information flows to this location and may be exposed to an external user.\nStack trace information flows to this location and may be exposed to an external user."
            },
            "location": {
                "path": "interface/views_api.py",
                "start_line": 271,
                "end_line": 271,
                "start_column": 20,
                "end_column": 52
            },
            "classifications": []
        },
        "instances_url": "https://api.github.com/repos/fcas/machine-learning/code-scanning/alerts/5/instances"
    },
    {
        "number": 4,
        "created_at": "2024-05-19T02:20:04Z",
        "updated_at": "2024-05-19T02:20:06Z",
        "url": "https://api.github.com/repos/fcas/machine-learning/code-scanning/alerts/4",
        "html_url": "https://github.com/fcas/machine-learning/security/code-scanning/4",
        "state": "open",
        "fixed_at": null,
        "dismissed_by": null,
        "dismissed_at": null,
        "dismissed_reason": null,
        "dismissed_comment": null,
        "rule": {
            "id": "py/stack-trace-exposure",
            "severity": "error",
            "description": "Information exposure through an exception",
            "name": "py/stack-trace-exposure",
            "tags": [
                "external/cwe/cwe-209",
                "external/cwe/cwe-497",
                "security"
            ],
            "security_severity_level": "medium"
        },
        "tool": {
            "name": "CodeQL",
            "guid": null,
            "version": "2.17.3"
        },
        "most_recent_instance": {
            "ref": "refs/heads/master",
            "analysis_key": ".github/workflows/codeql.yml:analyze",
            "environment": "{\"build-mode\":\"none\",\"language\":\"python\"}",
            "category": "/language:python",
            "state": "open",
            "commit_sha": "99d6d99d1f372f120044267d52136c466ced3b6b",
            "message": {
                "text": "Stack trace information flows to this location and may be exposed to an external user.\nStack trace information flows to this location and may be exposed to an external user."
            },
            "location": {
                "path": "interface/views_api.py",
                "start_line": 237,
                "end_line": 237,
                "start_column": 20,
                "end_column": 47
            },
            "classifications": []
        },
        "instances_url": "https://api.github.com/repos/fcas/machine-learning/code-scanning/alerts/4/instances"
    },
    {
        "number": 3,
        "created_at": "2024-05-19T02:20:04Z",
        "updated_at": "2024-05-19T02:20:06Z",
        "url": "https://api.github.com/repos/fcas/machine-learning/code-scanning/alerts/3",
        "html_url": "https://github.com/fcas/machine-learning/security/code-scanning/3",
        "state": "open",
        "fixed_at": null,
        "dismissed_by": null,
        "dismissed_at": null,
        "dismissed_reason": null,
        "dismissed_comment": null,
        "rule": {
            "id": "py/stack-trace-exposure",
            "severity": "error",
            "description": "Information exposure through an exception",
            "name": "py/stack-trace-exposure",
            "tags": [
                "external/cwe/cwe-209",
                "external/cwe/cwe-497",
                "security"
            ],
            "security_severity_level": "medium"
        },
        "tool": {
            "name": "CodeQL",
            "guid": null,
            "version": "2.17.3"
        },
        "most_recent_instance": {
            "ref": "refs/heads/master",
            "analysis_key": ".github/workflows/codeql.yml:analyze",
            "environment": "{\"build-mode\":\"none\",\"language\":\"python\"}",
            "category": "/language:python",
            "state": "open",
            "commit_sha": "99d6d99d1f372f120044267d52136c466ced3b6b",
            "message": {
                "text": "Stack trace information flows to this location and may be exposed to an external user.\nStack trace information flows to this location and may be exposed to an external user.\nStack trace information flows to this location and may be exposed to an external user.\nStack trace information flows to this location and may be exposed to an external user."
            },
            "location": {
                "path": "interface/views_api.py",
                "start_line": 86,
                "end_line": 86,
                "start_column": 20,
                "end_column": 28
            },
            "classifications": []
        },
        "instances_url": "https://api.github.com/repos/fcas/machine-learning/code-scanning/alerts/3/instances"
    },
    {
        "number": 2,
        "created_at": "2024-05-19T02:20:04Z",
        "updated_at": "2024-05-19T02:20:06Z",
        "url": "https://api.github.com/repos/fcas/machine-learning/code-scanning/alerts/2",
        "html_url": "https://github.com/fcas/machine-learning/security/code-scanning/2",
        "state": "open",
        "fixed_at": null,
        "dismissed_by": null,
        "dismissed_at": null,
        "dismissed_reason": null,
        "dismissed_comment": null,
        "rule": {
            "id": "py/full-ssrf",
            "severity": "error",
            "description": "Full server-side request forgery",
            "name": "py/full-ssrf",
            "tags": [
                "external/cwe/cwe-918",
                "security"
            ],
            "security_severity_level": "critical"
        },
        "tool": {
            "name": "CodeQL",
            "guid": null,
            "version": "2.17.3"
        },
        "most_recent_instance": {
            "ref": "refs/heads/master",
            "analysis_key": ".github/workflows/codeql.yml:analyze",
            "environment": "{\"build-mode\":\"none\",\"language\":\"python\"}",
            "category": "/language:python",
            "state": "open",
            "commit_sha": "99d6d99d1f372f120044267d52136c466ced3b6b",
            "message": {
                "text": "The full URL of this request depends on a user-provided value.\nThe full URL of this request depends on a user-provided value.\nThe full URL of this request depends on a user-provided value.\nThe full URL of this request depends on a user-provided value."
            },
            "location": {
                "path": "brain/session/data/dataset.py",
                "start_line": 83,
                "end_line": 83,
                "start_column": 21,
                "end_column": 42
            },
            "classifications": []
        },
        "instances_url": "https://api.github.com/repos/fcas/machine-learning/code-scanning/alerts/2/instances"
    },
    {
        "number": 1,
        "created_at": "2024-05-19T02:20:04Z",
        "updated_at": "2024-05-19T02:20:06Z",
        "url": "https://api.github.com/repos/fcas/machine-learning/code-scanning/alerts/1",
        "html_url": "https://github.com/fcas/machine-learning/security/code-scanning/1",
        "state": "open",
        "fixed_at": null,
        "dismissed_by": null,
        "dismissed_at": null,
        "dismissed_reason": null,
        "dismissed_comment": null,
        "rule": {
            "id": "py/full-ssrf",
            "severity": "error",
            "description": "Full server-side request forgery",
            "name": "py/full-ssrf",
            "tags": [
                "external/cwe/cwe-918",
                "security"
            ],
            "security_severity_level": "critical"
        },
        "tool": {
            "name": "CodeQL",
            "guid": null,
            "version": "2.17.3"
        },
        "most_recent_instance": {
            "ref": "refs/heads/master",
            "analysis_key": ".github/workflows/codeql.yml:analyze",
            "environment": "{\"build-mode\":\"none\",\"language\":\"python\"}",
            "category": "/language:python",
            "state": "open",
            "commit_sha": "99d6d99d1f372f120044267d52136c466ced3b6b",
            "message": {
                "text": "The full URL of this request depends on a user-provided value.\nThe full URL of this request depends on a user-provided value."
            },
            "location": {
                "path": "brain/session/data/dataset.py",
                "start_line": 47,
                "end_line": 47,
                "start_column": 21,
                "end_column": 42
            },
            "classifications": []
        },
        "instances_url": "https://api.github.com/repos/fcas/machine-learning/code-scanning/alerts/1/instances"
    }
]