[
    {
        "number": 9,
        "state": "open",
        "dependency": {
            "package": {
                "ecosystem": "npm",
                "name": "express"
            },
            "manifest_path": "mars/services/web/ui/package-lock.json",
            "scope": "development"
        },
        "security_advisory": {
            "ghsa_id": "GHSA-rv95-896h-c2vc",
            "cve_id": "CVE-2024-29041",
            "summary": "Express.js Open Redirect in malformed URLs",
            "description": "### Impact\n\nVersions of Express.js prior to 4.19.2 and pre-release alpha and beta versions before 5.0.0-beta.3 are affected by an open redirect vulnerability using malformed URLs.\n\nWhen a user of Express performs a redirect using a user-provided URL Express performs an encode [using `encodeurl`](https://github.com/pillarjs/encodeurl) on the contents before passing it to the `location` header. This can cause malformed URLs to be evaluated in unexpected ways by common redirect allow list implementations in Express applications, leading to an Open Redirect via bypass of a properly implemented allow list.\n\nThe main method impacted is `res.location()` but this is also called from within `res.redirect()`.\n\n### Patches\n\nhttps://github.com/expressjs/express/commit/0867302ddbde0e9463d0564fea5861feb708c2dd\nhttps://github.com/expressjs/express/commit/0b746953c4bd8e377123527db11f9cd866e39f94\n\nAn initial fix went out with `express@4.19.0`, we then patched a feature regression in `4.19.1` and added improved handling for the bypass in `4.19.2`.\n\n### Workarounds\n\nThe fix for this involves pre-parsing the url string with either `require('node:url').parse` or `new URL`. These are steps you can take on your own before passing the user input string to `res.location` or `res.redirect`.\n\n### References\n\nhttps://github.com/expressjs/express/pull/5539\nhttps://github.com/koajs/koa/issues/1800\nhttps://expressjs.com/en/4x/api.html#res.location",
            "severity": "medium",
            "identifiers": [
                {
                    "value": "GHSA-rv95-896h-c2vc",
                    "type": "GHSA"
                },
                {
                    "value": "CVE-2024-29041",
                    "type": "CVE"
                }
            ],
            "references": [
                {
                    "url": "https://github.com/expressjs/express/security/advisories/GHSA-rv95-896h-c2vc"
                },
                {
                    "url": "https://github.com/koajs/koa/issues/1800"
                },
                {
                    "url": "https://github.com/expressjs/express/pull/5539"
                },
                {
                    "url": "https://github.com/expressjs/express/commit/0867302ddbde0e9463d0564fea5861feb708c2dd"
                },
                {
                    "url": "https://github.com/expressjs/express/commit/0b746953c4bd8e377123527db11f9cd866e39f94"
                },
                {
                    "url": "https://expressjs.com/en/4x/api.html#res.location"
                },
                {
                    "url": "https://nvd.nist.gov/vuln/detail/CVE-2024-29041"
                },
                {
                    "url": "https://github.com/advisories/GHSA-rv95-896h-c2vc"
                }
            ],
            "published_at": "2024-03-25T19:40:26Z",
            "updated_at": "2024-03-27T21:47:29Z",
            "withdrawn_at": null,
            "vulnerabilities": [
                {
                    "package": {
                        "ecosystem": "npm",
                        "name": "express"
                    },
                    "severity": "medium",
                    "vulnerable_version_range": "< 4.19.2",
                    "first_patched_version": {
                        "identifier": "4.19.2"
                    }
                },
                {
                    "package": {
                        "ecosystem": "npm",
                        "name": "express"
                    },
                    "severity": "medium",
                    "vulnerable_version_range": ">= 5.0.0-alpha.1, < 5.0.0-beta.3",
                    "first_patched_version": {
                        "identifier": "5.0.0-beta.3"
                    }
                }
            ],
            "cvss": {
                "vector_string": "CVSS:3.1/AV:N/AC:L/PR:N/UI:R/S:C/C:L/I:L/A:N",
                "score": 6.1
            },
            "cwes": [
                {
                    "cwe_id": "CWE-601",
                    "name": "URL Redirection to Untrusted Site ('Open Redirect')"
                },
                {
                    "cwe_id": "CWE-1286",
                    "name": "Improper Validation of Syntactic Correctness of Input"
                }
            ]
        },
        "security_vulnerability": {
            "package": {
                "ecosystem": "npm",
                "name": "express"
            },
            "severity": "medium",
            "vulnerable_version_range": "< 4.19.2",
            "first_patched_version": {
                "identifier": "4.19.2"
            }
        },
        "url": "https://api.github.com/repos/fcas/mars/dependabot/alerts/9",
        "html_url": "https://github.com/fcas/mars/security/dependabot/9",
        "created_at": "2024-05-24T01:34:13Z",
        "updated_at": "2024-05-24T01:34:13Z",
        "dismissed_at": null,
        "dismissed_by": null,
        "dismissed_reason": null,
        "dismissed_comment": null,
        "fixed_at": null,
        "auto_dismissed_at": null
    },
    {
        "number": 8,
        "state": "open",
        "dependency": {
            "package": {
                "ecosystem": "npm",
                "name": "@babel/traverse"
            },
            "manifest_path": "mars/services/web/ui/package-lock.json",
            "scope": "development"
        },
        "security_advisory": {
            "ghsa_id": "GHSA-67hx-6x53-jw92",
            "cve_id": "CVE-2023-45133",
            "summary": "Babel vulnerable to arbitrary code execution when compiling specifically crafted malicious code",
            "description": "### Impact\n\nUsing Babel to compile code that was specifically crafted by an attacker can lead to arbitrary code execution during compilation, when using plugins that rely on the `path.evaluate()`or `path.evaluateTruthy()` internal Babel methods.\n\nKnown affected plugins are:\n- `@babel/plugin-transform-runtime`\n- `@babel/preset-env` when using its [`useBuiltIns`](https://babeljs.io/docs/babel-preset-env#usebuiltins) option\n- Any \"polyfill provider\" plugin that depends on `@babel/helper-define-polyfill-provider`, such as `babel-plugin-polyfill-corejs3`, `babel-plugin-polyfill-corejs2`, `babel-plugin-polyfill-es-shims`, `babel-plugin-polyfill-regenerator`\n\nNo other plugins under the `@babel/` namespace are impacted, but third-party plugins might be.\n\n**Users that only compile trusted code are not impacted.**\n\n### Patches\n\nThe vulnerability has been fixed in `@babel/traverse@7.23.2`.\n\nBabel 6 does not receive security fixes anymore (see [Babel's security policy](https://github.com/babel/babel/security/policy)), hence there is no patch planned for `babel-traverse@6`.\n\n### Workarounds\n\n- Upgrade `@babel/traverse` to v7.23.2 or higher. You can do this by deleting it from your package manager's lockfile and re-installing the dependencies. `@babel/core` >=7.23.2 will automatically pull in a non-vulnerable version.\n- If you cannot upgrade `@babel/traverse` and are using one of the affected packages mentioned above, upgrade them to their latest version to avoid triggering the vulnerable code path in affected `@babel/traverse` versions:\n  - `@babel/plugin-transform-runtime` v7.23.2\n  - `@babel/preset-env` v7.23.2\n  - `@babel/helper-define-polyfill-provider` v0.4.3\n  - `babel-plugin-polyfill-corejs2` v0.4.6\n  - `babel-plugin-polyfill-corejs3` v0.8.5\n  - `babel-plugin-polyfill-es-shims` v0.10.0\n  - `babel-plugin-polyfill-regenerator` v0.5.3",
            "severity": "critical",
            "identifiers": [
                {
                    "value": "GHSA-67hx-6x53-jw92",
                    "type": "GHSA"
                },
                {
                    "value": "CVE-2023-45133",
                    "type": "CVE"
                }
            ],
            "references": [
                {
                    "url": "https://github.com/babel/babel/security/advisories/GHSA-67hx-6x53-jw92"
                },
                {
                    "url": "https://nvd.nist.gov/vuln/detail/CVE-2023-45133"
                },
                {
                    "url": "https://github.com/babel/babel/pull/16033"
                },
                {
                    "url": "https://github.com/babel/babel/commit/b13376b346946e3f62fc0848c1d2a23223314c82"
                },
                {
                    "url": "https://github.com/babel/babel/releases/tag/v7.23.2"
                },
                {
                    "url": "https://github.com/babel/babel/releases/tag/v8.0.0-alpha.4"
                },
                {
                    "url": "https://www.debian.org/security/2023/dsa-5528"
                },
                {
                    "url": "https://lists.debian.org/debian-lts-announce/2023/10/msg00026.html"
                },
                {
                    "url": "https://babeljs.io/blog/2023/10/16/cve-2023-45133"
                },
                {
                    "url": "https://github.com/advisories/GHSA-67hx-6x53-jw92"
                }
            ],
            "published_at": "2023-10-16T13:55:36Z",
            "updated_at": "2024-04-04T14:26:11Z",
            "withdrawn_at": null,
            "vulnerabilities": [
                {
                    "package": {
                        "ecosystem": "npm",
                        "name": "@babel/traverse"
                    },
                    "severity": "critical",
                    "vulnerable_version_range": "< 7.23.2",
                    "first_patched_version": {
                        "identifier": "7.23.2"
                    }
                },
                {
                    "package": {
                        "ecosystem": "npm",
                        "name": "@babel/traverse"
                    },
                    "severity": "critical",
                    "vulnerable_version_range": ">= 8.0.0-alpha.0, < 8.0.0-alpha.4",
                    "first_patched_version": {
                        "identifier": "8.0.0-alpha.4"
                    }
                },
                {
                    "package": {
                        "ecosystem": "npm",
                        "name": "babel-traverse"
                    },
                    "severity": "critical",
                    "vulnerable_version_range": "< 7.23.2",
                    "first_patched_version": null
                }
            ],
            "cvss": {
                "vector_string": "CVSS:3.1/AV:L/AC:L/PR:N/UI:N/S:C/C:H/I:H/A:H",
                "score": 9.4
            },
            "cwes": [
                {
                    "cwe_id": "CWE-184",
                    "name": "Incomplete List of Disallowed Inputs"
                },
                {
                    "cwe_id": "CWE-697",
                    "name": "Incorrect Comparison"
                }
            ]
        },
        "security_vulnerability": {
            "package": {
                "ecosystem": "npm",
                "name": "@babel/traverse"
            },
            "severity": "critical",
            "vulnerable_version_range": "< 7.23.2",
            "first_patched_version": {
                "identifier": "7.23.2"
            }
        },
        "url": "https://api.github.com/repos/fcas/mars/dependabot/alerts/8",
        "html_url": "https://github.com/fcas/mars/security/dependabot/8",
        "created_at": "2024-05-24T01:34:13Z",
        "updated_at": "2024-05-24T01:34:13Z",
        "dismissed_at": null,
        "dismissed_by": null,
        "dismissed_reason": null,
        "dismissed_comment": null,
        "fixed_at": null,
        "auto_dismissed_at": null
    },
    {
        "number": 7,
        "state": "open",
        "dependency": {
            "package": {
                "ecosystem": "npm",
                "name": "postcss"
            },
            "manifest_path": "mars/services/web/ui/package-lock.json",
            "scope": "development"
        },
        "security_advisory": {
            "ghsa_id": "GHSA-7fh5-64p2-3v2j",
            "cve_id": "CVE-2023-44270",
            "summary": "PostCSS line return parsing error",
            "description": "An issue was discovered in PostCSS before 8.4.31. It affects linters using PostCSS to parse external Cascading Style Sheets (CSS). There may be `\\r` discrepancies, as demonstrated by `@font-face{ font:(\\r/*);}` in a rule.\n\nThis vulnerability affects linters using PostCSS to parse external untrusted CSS. An attacker can prepare CSS in such a way that it will contains parts parsed by PostCSS as a CSS comment. After processing by PostCSS, it will be included in the PostCSS output in CSS nodes (rules, properties) despite being originally included in a comment.",
            "severity": "medium",
            "identifiers": [
                {
                    "value": "GHSA-7fh5-64p2-3v2j",
                    "type": "GHSA"
                },
                {
                    "value": "CVE-2023-44270",
                    "type": "CVE"
                }
            ],
            "references": [
                {
                    "url": "https://nvd.nist.gov/vuln/detail/CVE-2023-44270"
                },
                {
                    "url": "https://github.com/postcss/postcss/commit/58cc860b4c1707510c9cd1bc1fa30b423a9ad6c5"
                },
                {
                    "url": "https://github.com/postcss/postcss/blob/main/lib/tokenize.js#L25"
                },
                {
                    "url": "https://github.com/postcss/postcss/releases/tag/8.4.31"
                },
                {
                    "url": "https://github.com/github/advisory-database/issues/2820"
                },
                {
                    "url": "https://github.com/advisories/GHSA-7fh5-64p2-3v2j"
                }
            ],
            "published_at": "2023-09-30T00:31:10Z",
            "updated_at": "2023-11-05T05:05:37Z",
            "withdrawn_at": null,
            "vulnerabilities": [
                {
                    "package": {
                        "ecosystem": "npm",
                        "name": "postcss"
                    },
                    "severity": "medium",
                    "vulnerable_version_range": "< 8.4.31",
                    "first_patched_version": {
                        "identifier": "8.4.31"
                    }
                }
            ],
            "cvss": {
                "vector_string": "CVSS:3.1/AV:N/AC:L/PR:N/UI:N/S:U/C:N/I:L/A:N",
                "score": 5.3
            },
            "cwes": [
                {
                    "cwe_id": "CWE-74",
                    "name": "Improper Neutralization of Special Elements in Output Used by a Downstream Component ('Injection')"
                },
                {
                    "cwe_id": "CWE-144",
                    "name": "Improper Neutralization of Line Delimiters"
                }
            ]
        },
        "security_vulnerability": {
            "package": {
                "ecosystem": "npm",
                "name": "postcss"
            },
            "severity": "medium",
            "vulnerable_version_range": "< 8.4.31",
            "first_patched_version": {
                "identifier": "8.4.31"
            }
        },
        "url": "https://api.github.com/repos/fcas/mars/dependabot/alerts/7",
        "html_url": "https://github.com/fcas/mars/security/dependabot/7",
        "created_at": "2024-05-24T01:34:12Z",
        "updated_at": "2024-05-24T01:34:12Z",
        "dismissed_at": null,
        "dismissed_by": null,
        "dismissed_reason": null,
        "dismissed_comment": null,
        "fixed_at": null,
        "auto_dismissed_at": null
    },
    {
        "number": 6,
        "state": "auto_dismissed",
        "dependency": {
            "package": {
                "ecosystem": "npm",
                "name": "word-wrap"
            },
            "manifest_path": "mars/services/web/ui/package-lock.json",
            "scope": "development"
        },
        "security_advisory": {
            "ghsa_id": "GHSA-j8xg-fqg3-53r7",
            "cve_id": "CVE-2023-26115",
            "summary": "word-wrap vulnerable to Regular Expression Denial of Service",
            "description": "All versions of the package word-wrap are vulnerable to Regular Expression Denial of Service (ReDoS) due to the usage of an insecure regular expression within the result variable.\n",
            "severity": "medium",
            "identifiers": [
                {
                    "value": "GHSA-j8xg-fqg3-53r7",
                    "type": "GHSA"
                },
                {
                    "value": "CVE-2023-26115",
                    "type": "CVE"
                }
            ],
            "references": [
                {
                    "url": "https://nvd.nist.gov/vuln/detail/CVE-2023-26115"
                },
                {
                    "url": "https://security.snyk.io/vuln/SNYK-JAVA-ORGWEBJARSNPM-4058657"
                },
                {
                    "url": "https://security.snyk.io/vuln/SNYK-JS-WORDWRAP-3149973"
                },
                {
                    "url": "https://github.com/jonschlinkert/word-wrap/blob/master/index.js#L39"
                },
                {
                    "url": "https://github.com/jonschlinkert/word-wrap/releases/tag/1.2.4"
                },
                {
                    "url": "https://github.com/jonschlinkert/word-wrap/commit/420dce9a2412b21881202b73a3c34f0edc53cb2e"
                },
                {
                    "url": "https://github.com/jonschlinkert/word-wrap/blob/master/index.js%23L39"
                },
                {
                    "url": "https://github.com/advisories/GHSA-j8xg-fqg3-53r7"
                }
            ],
            "published_at": "2023-06-22T06:30:18Z",
            "updated_at": "2023-11-29T22:42:45Z",
            "withdrawn_at": null,
            "vulnerabilities": [
                {
                    "package": {
                        "ecosystem": "npm",
                        "name": "word-wrap"
                    },
                    "severity": "medium",
                    "vulnerable_version_range": "< 1.2.4",
                    "first_patched_version": {
                        "identifier": "1.2.4"
                    }
                }
            ],
            "cvss": {
                "vector_string": "CVSS:3.1/AV:N/AC:L/PR:N/UI:N/S:U/C:N/I:N/A:L",
                "score": 5.3
            },
            "cwes": [
                {
                    "cwe_id": "CWE-1333",
                    "name": "Inefficient Regular Expression Complexity"
                }
            ]
        },
        "security_vulnerability": {
            "package": {
                "ecosystem": "npm",
                "name": "word-wrap"
            },
            "severity": "medium",
            "vulnerable_version_range": "< 1.2.4",
            "first_patched_version": {
                "identifier": "1.2.4"
            }
        },
        "url": "https://api.github.com/repos/fcas/mars/dependabot/alerts/6",
        "html_url": "https://github.com/fcas/mars/security/dependabot/6",
        "created_at": "2024-05-24T01:34:12Z",
        "updated_at": "2024-05-24T01:34:12Z",
        "dismissed_at": null,
        "dismissed_by": null,
        "dismissed_reason": null,
        "dismissed_comment": null,
        "fixed_at": null,
        "auto_dismissed_at": "2024-05-24T01:34:12Z"
    },
    {
        "number": 5,
        "state": "auto_dismissed",
        "dependency": {
            "package": {
                "ecosystem": "npm",
                "name": "semver"
            },
            "manifest_path": "mars/services/web/ui/package-lock.json",
            "scope": "development"
        },
        "security_advisory": {
            "ghsa_id": "GHSA-c2qf-rxjj-qqgw",
            "cve_id": "CVE-2022-25883",
            "summary": "semver vulnerable to Regular Expression Denial of Service",
            "description": "Versions of the package semver before 7.5.2 on the 7.x branch, before 6.3.1 on the 6.x branch, and all other versions before 5.7.2 are vulnerable to Regular Expression Denial of Service (ReDoS) via the function new Range, when untrusted user data is provided as a range.",
            "severity": "medium",
            "identifiers": [
                {
                    "value": "GHSA-c2qf-rxjj-qqgw",
                    "type": "GHSA"
                },
                {
                    "value": "CVE-2022-25883",
                    "type": "CVE"
                }
            ],
            "references": [
                {
                    "url": "https://nvd.nist.gov/vuln/detail/CVE-2022-25883"
                },
                {
                    "url": "https://github.com/npm/node-semver/pull/564"
                },
                {
                    "url": "https://github.com/npm/node-semver/commit/717534ee353682f3bcf33e60a8af4292626d4441"
                },
                {
                    "url": "https://security.snyk.io/vuln/SNYK-JS-SEMVER-3247795"
                },
                {
                    "url": "https://github.com/npm/node-semver/blob/main/classes/range.js#L97-L104"
                },
                {
                    "url": "https://github.com/npm/node-semver/blob/main/internal/re.js#L138"
                },
                {
                    "url": "https://github.com/npm/node-semver/blob/main/internal/re.js#L160"
                },
                {
                    "url": "https://github.com/npm/node-semver/pull/585"
                },
                {
                    "url": "https://github.com/npm/node-semver/commit/928e56d21150da0413a3333a3148b20e741a920c"
                },
                {
                    "url": "https://github.com/npm/node-semver/pull/593"
                },
                {
                    "url": "https://github.com/npm/node-semver/commit/2f8fd41487acf380194579ecb6f8b1bbfe116be0"
                },
                {
                    "url": "https://github.com/advisories/GHSA-c2qf-rxjj-qqgw"
                }
            ],
            "published_at": "2023-06-21T06:30:28Z",
            "updated_at": "2024-02-14T14:58:49Z",
            "withdrawn_at": null,
            "vulnerabilities": [
                {
                    "package": {
                        "ecosystem": "npm",
                        "name": "semver"
                    },
                    "severity": "medium",
                    "vulnerable_version_range": ">= 7.0.0, < 7.5.2",
                    "first_patched_version": {
                        "identifier": "7.5.2"
                    }
                },
                {
                    "package": {
                        "ecosystem": "npm",
                        "name": "semver"
                    },
                    "severity": "medium",
                    "vulnerable_version_range": ">= 6.0.0, < 6.3.1",
                    "first_patched_version": {
                        "identifier": "6.3.1"
                    }
                },
                {
                    "package": {
                        "ecosystem": "npm",
                        "name": "semver"
                    },
                    "severity": "medium",
                    "vulnerable_version_range": "< 5.7.2",
                    "first_patched_version": {
                        "identifier": "5.7.2"
                    }
                }
            ],
            "cvss": {
                "vector_string": "CVSS:3.1/AV:N/AC:L/PR:N/UI:N/S:U/C:N/I:N/A:L",
                "score": 5.3
            },
            "cwes": [
                {
                    "cwe_id": "CWE-1333",
                    "name": "Inefficient Regular Expression Complexity"
                }
            ]
        },
        "security_vulnerability": {
            "package": {
                "ecosystem": "npm",
                "name": "semver"
            },
            "severity": "medium",
            "vulnerable_version_range": "< 5.7.2",
            "first_patched_version": {
                "identifier": "5.7.2"
            }
        },
        "url": "https://api.github.com/repos/fcas/mars/dependabot/alerts/5",
        "html_url": "https://github.com/fcas/mars/security/dependabot/5",
        "created_at": "2024-05-24T01:34:12Z",
        "updated_at": "2024-05-24T01:34:12Z",
        "dismissed_at": null,
        "dismissed_by": null,
        "dismissed_reason": null,
        "dismissed_comment": null,
        "fixed_at": null,
        "auto_dismissed_at": "2024-05-24T01:34:12Z"
    },
    {
        "number": 4,
        "state": "auto_dismissed",
        "dependency": {
            "package": {
                "ecosystem": "npm",
                "name": "semver"
            },
            "manifest_path": "mars/services/web/ui/package-lock.json",
            "scope": "development"
        },
        "security_advisory": {
            "ghsa_id": "GHSA-c2qf-rxjj-qqgw",
            "cve_id": "CVE-2022-25883",
            "summary": "semver vulnerable to Regular Expression Denial of Service",
            "description": "Versions of the package semver before 7.5.2 on the 7.x branch, before 6.3.1 on the 6.x branch, and all other versions before 5.7.2 are vulnerable to Regular Expression Denial of Service (ReDoS) via the function new Range, when untrusted user data is provided as a range.",
            "severity": "medium",
            "identifiers": [
                {
                    "value": "GHSA-c2qf-rxjj-qqgw",
                    "type": "GHSA"
                },
                {
                    "value": "CVE-2022-25883",
                    "type": "CVE"
                }
            ],
            "references": [
                {
                    "url": "https://nvd.nist.gov/vuln/detail/CVE-2022-25883"
                },
                {
                    "url": "https://github.com/npm/node-semver/pull/564"
                },
                {
                    "url": "https://github.com/npm/node-semver/commit/717534ee353682f3bcf33e60a8af4292626d4441"
                },
                {
                    "url": "https://security.snyk.io/vuln/SNYK-JS-SEMVER-3247795"
                },
                {
                    "url": "https://github.com/npm/node-semver/blob/main/classes/range.js#L97-L104"
                },
                {
                    "url": "https://github.com/npm/node-semver/blob/main/internal/re.js#L138"
                },
                {
                    "url": "https://github.com/npm/node-semver/blob/main/internal/re.js#L160"
                },
                {
                    "url": "https://github.com/npm/node-semver/pull/585"
                },
                {
                    "url": "https://github.com/npm/node-semver/commit/928e56d21150da0413a3333a3148b20e741a920c"
                },
                {
                    "url": "https://github.com/npm/node-semver/pull/593"
                },
                {
                    "url": "https://github.com/npm/node-semver/commit/2f8fd41487acf380194579ecb6f8b1bbfe116be0"
                },
                {
                    "url": "https://github.com/advisories/GHSA-c2qf-rxjj-qqgw"
                }
            ],
            "published_at": "2023-06-21T06:30:28Z",
            "updated_at": "2024-02-14T14:58:49Z",
            "withdrawn_at": null,
            "vulnerabilities": [
                {
                    "package": {
                        "ecosystem": "npm",
                        "name": "semver"
                    },
                    "severity": "medium",
                    "vulnerable_version_range": ">= 7.0.0, < 7.5.2",
                    "first_patched_version": {
                        "identifier": "7.5.2"
                    }
                },
                {
                    "package": {
                        "ecosystem": "npm",
                        "name": "semver"
                    },
                    "severity": "medium",
                    "vulnerable_version_range": ">= 6.0.0, < 6.3.1",
                    "first_patched_version": {
                        "identifier": "6.3.1"
                    }
                },
                {
                    "package": {
                        "ecosystem": "npm",
                        "name": "semver"
                    },
                    "severity": "medium",
                    "vulnerable_version_range": "< 5.7.2",
                    "first_patched_version": {
                        "identifier": "5.7.2"
                    }
                }
            ],
            "cvss": {
                "vector_string": "CVSS:3.1/AV:N/AC:L/PR:N/UI:N/S:U/C:N/I:N/A:L",
                "score": 5.3
            },
            "cwes": [
                {
                    "cwe_id": "CWE-1333",
                    "name": "Inefficient Regular Expression Complexity"
                }
            ]
        },
        "security_vulnerability": {
            "package": {
                "ecosystem": "npm",
                "name": "semver"
            },
            "severity": "medium",
            "vulnerable_version_range": ">= 6.0.0, < 6.3.1",
            "first_patched_version": {
                "identifier": "6.3.1"
            }
        },
        "url": "https://api.github.com/repos/fcas/mars/dependabot/alerts/4",
        "html_url": "https://github.com/fcas/mars/security/dependabot/4",
        "created_at": "2024-05-24T01:34:12Z",
        "updated_at": "2024-05-24T01:34:12Z",
        "dismissed_at": null,
        "dismissed_by": null,
        "dismissed_reason": null,
        "dismissed_comment": null,
        "fixed_at": null,
        "auto_dismissed_at": "2024-05-24T01:34:12Z"
    },
    {
        "number": 3,
        "state": "auto_dismissed",
        "dependency": {
            "package": {
                "ecosystem": "npm",
                "name": "semver"
            },
            "manifest_path": "mars/services/web/ui/package-lock.json",
            "scope": "development"
        },
        "security_advisory": {
            "ghsa_id": "GHSA-c2qf-rxjj-qqgw",
            "cve_id": "CVE-2022-25883",
            "summary": "semver vulnerable to Regular Expression Denial of Service",
            "description": "Versions of the package semver before 7.5.2 on the 7.x branch, before 6.3.1 on the 6.x branch, and all other versions before 5.7.2 are vulnerable to Regular Expression Denial of Service (ReDoS) via the function new Range, when untrusted user data is provided as a range.",
            "severity": "medium",
            "identifiers": [
                {
                    "value": "GHSA-c2qf-rxjj-qqgw",
                    "type": "GHSA"
                },
                {
                    "value": "CVE-2022-25883",
                    "type": "CVE"
                }
            ],
            "references": [
                {
                    "url": "https://nvd.nist.gov/vuln/detail/CVE-2022-25883"
                },
                {
                    "url": "https://github.com/npm/node-semver/pull/564"
                },
                {
                    "url": "https://github.com/npm/node-semver/commit/717534ee353682f3bcf33e60a8af4292626d4441"
                },
                {
                    "url": "https://security.snyk.io/vuln/SNYK-JS-SEMVER-3247795"
                },
                {
                    "url": "https://github.com/npm/node-semver/blob/main/classes/range.js#L97-L104"
                },
                {
                    "url": "https://github.com/npm/node-semver/blob/main/internal/re.js#L138"
                },
                {
                    "url": "https://github.com/npm/node-semver/blob/main/internal/re.js#L160"
                },
                {
                    "url": "https://github.com/npm/node-semver/pull/585"
                },
                {
                    "url": "https://github.com/npm/node-semver/commit/928e56d21150da0413a3333a3148b20e741a920c"
                },
                {
                    "url": "https://github.com/npm/node-semver/pull/593"
                },
                {
                    "url": "https://github.com/npm/node-semver/commit/2f8fd41487acf380194579ecb6f8b1bbfe116be0"
                },
                {
                    "url": "https://github.com/advisories/GHSA-c2qf-rxjj-qqgw"
                }
            ],
            "published_at": "2023-06-21T06:30:28Z",
            "updated_at": "2024-02-14T14:58:49Z",
            "withdrawn_at": null,
            "vulnerabilities": [
                {
                    "package": {
                        "ecosystem": "npm",
                        "name": "semver"
                    },
                    "severity": "medium",
                    "vulnerable_version_range": ">= 7.0.0, < 7.5.2",
                    "first_patched_version": {
                        "identifier": "7.5.2"
                    }
                },
                {
                    "package": {
                        "ecosystem": "npm",
                        "name": "semver"
                    },
                    "severity": "medium",
                    "vulnerable_version_range": ">= 6.0.0, < 6.3.1",
                    "first_patched_version": {
                        "identifier": "6.3.1"
                    }
                },
                {
                    "package": {
                        "ecosystem": "npm",
                        "name": "semver"
                    },
                    "severity": "medium",
                    "vulnerable_version_range": "< 5.7.2",
                    "first_patched_version": {
                        "identifier": "5.7.2"
                    }
                }
            ],
            "cvss": {
                "vector_string": "CVSS:3.1/AV:N/AC:L/PR:N/UI:N/S:U/C:N/I:N/A:L",
                "score": 5.3
            },
            "cwes": [
                {
                    "cwe_id": "CWE-1333",
                    "name": "Inefficient Regular Expression Complexity"
                }
            ]
        },
        "security_vulnerability": {
            "package": {
                "ecosystem": "npm",
                "name": "semver"
            },
            "severity": "medium",
            "vulnerable_version_range": ">= 7.0.0, < 7.5.2",
            "first_patched_version": {
                "identifier": "7.5.2"
            }
        },
        "url": "https://api.github.com/repos/fcas/mars/dependabot/alerts/3",
        "html_url": "https://github.com/fcas/mars/security/dependabot/3",
        "created_at": "2024-05-24T01:34:12Z",
        "updated_at": "2024-05-24T01:34:12Z",
        "dismissed_at": null,
        "dismissed_by": null,
        "dismissed_reason": null,
        "dismissed_comment": null,
        "fixed_at": null,
        "auto_dismissed_at": "2024-05-24T01:34:12Z"
    },
    {
        "number": 2,
        "state": "open",
        "dependency": {
            "package": {
                "ecosystem": "npm",
                "name": "webpack"
            },
            "manifest_path": "mars/services/web/ui/package-lock.json",
            "scope": "development"
        },
        "security_advisory": {
            "ghsa_id": "GHSA-hc6q-2mpp-qw7j",
            "cve_id": "CVE-2023-28154",
            "summary": "Cross-realm object access in Webpack 5",
            "description": "Webpack 5 before 5.76.0 does not avoid cross-realm object access. ImportParserPlugin.js mishandles the magic comment feature. An attacker who controls a property of an untrusted object can obtain access to the real global object.",
            "severity": "critical",
            "identifiers": [
                {
                    "value": "GHSA-hc6q-2mpp-qw7j",
                    "type": "GHSA"
                },
                {
                    "value": "CVE-2023-28154",
                    "type": "CVE"
                }
            ],
            "references": [
                {
                    "url": "https://nvd.nist.gov/vuln/detail/CVE-2023-28154"
                },
                {
                    "url": "https://github.com/webpack/webpack/pull/16500"
                },
                {
                    "url": "https://github.com/webpack/webpack/compare/v5.75.0...v5.76.0"
                },
                {
                    "url": "https://lists.fedoraproject.org/archives/list/package-announce@lists.fedoraproject.org/message/AU7BOXTBK3KDYSWH67ASZ22TUIOZ3X5G/"
                },
                {
                    "url": "https://lists.fedoraproject.org/archives/list/package-announce@lists.fedoraproject.org/message/PPSAXUTXBCCTAHTCX5BUR4YVP25XALQ3/"
                },
                {
                    "url": "https://lists.fedoraproject.org/archives/list/package-announce@lists.fedoraproject.org/message/U2AFCM6FFE3LRYI6KNEQWKMXMQOBZQ2D/"
                },
                {
                    "url": "https://github.com/advisories/GHSA-hc6q-2mpp-qw7j"
                }
            ],
            "published_at": "2023-03-13T03:30:15Z",
            "updated_at": "2023-10-30T13:11:26Z",
            "withdrawn_at": null,
            "vulnerabilities": [
                {
                    "package": {
                        "ecosystem": "npm",
                        "name": "webpack"
                    },
                    "severity": "critical",
                    "vulnerable_version_range": ">= 5.0.0, < 5.76.0",
                    "first_patched_version": {
                        "identifier": "5.76.0"
                    }
                }
            ],
            "cvss": {
                "vector_string": "CVSS:3.1/AV:N/AC:L/PR:N/UI:N/S:U/C:H/I:H/A:H",
                "score": 9.8
            },
            "cwes": []
        },
        "security_vulnerability": {
            "package": {
                "ecosystem": "npm",
                "name": "webpack"
            },
            "severity": "critical",
            "vulnerable_version_range": ">= 5.0.0, < 5.76.0",
            "first_patched_version": {
                "identifier": "5.76.0"
            }
        },
        "url": "https://api.github.com/repos/fcas/mars/dependabot/alerts/2",
        "html_url": "https://github.com/fcas/mars/security/dependabot/2",
        "created_at": "2024-05-24T01:34:12Z",
        "updated_at": "2024-05-24T01:34:12Z",
        "dismissed_at": null,
        "dismissed_by": null,
        "dismissed_reason": null,
        "dismissed_comment": null,
        "fixed_at": null,
        "auto_dismissed_at": null
    },
    {
        "number": 1,
        "state": "open",
        "dependency": {
            "package": {
                "ecosystem": "npm",
                "name": "d3-color"
            },
            "manifest_path": "mars/services/web/ui/package-lock.json",
            "scope": "runtime"
        },
        "security_advisory": {
            "ghsa_id": "GHSA-36jr-mh4h-2g58",
            "cve_id": null,
            "summary": "d3-color vulnerable to ReDoS",
            "description": "The d3-color module provides representations for various color spaces in the browser. Versions prior to 3.1.0 are vulnerable to a Regular expression Denial of Service. This issue has been patched in version 3.1.0. There are no known workarounds.",
            "severity": "high",
            "identifiers": [
                {
                    "value": "GHSA-36jr-mh4h-2g58",
                    "type": "GHSA"
                }
            ],
            "references": [
                {
                    "url": "https://github.com/d3/d3-color/pull/100"
                },
                {
                    "url": "https://github.com/d3/d3-color/releases/tag/v3.1.0"
                },
                {
                    "url": "https://security.snyk.io/vuln/SNYK-JS-D3COLOR-1076592"
                },
                {
                    "url": "https://github.com/advisories/GHSA-36jr-mh4h-2g58"
                }
            ],
            "published_at": "2022-09-29T14:12:55Z",
            "updated_at": "2023-01-13T05:04:43Z",
            "withdrawn_at": null,
            "vulnerabilities": [
                {
                    "package": {
                        "ecosystem": "npm",
                        "name": "d3-color"
                    },
                    "severity": "high",
                    "vulnerable_version_range": "< 3.1.0",
                    "first_patched_version": {
                        "identifier": "3.1.0"
                    }
                }
            ],
            "cvss": {
                "vector_string": null,
                "score": 0.0
            },
            "cwes": [
                {
                    "cwe_id": "CWE-400",
                    "name": "Uncontrolled Resource Consumption"
                }
            ]
        },
        "security_vulnerability": {
            "package": {
                "ecosystem": "npm",
                "name": "d3-color"
            },
            "severity": "high",
            "vulnerable_version_range": "< 3.1.0",
            "first_patched_version": {
                "identifier": "3.1.0"
            }
        },
        "url": "https://api.github.com/repos/fcas/mars/dependabot/alerts/1",
        "html_url": "https://github.com/fcas/mars/security/dependabot/1",
        "created_at": "2024-05-24T01:34:12Z",
        "updated_at": "2024-05-24T01:34:12Z",
        "dismissed_at": null,
        "dismissed_by": null,
        "dismissed_reason": null,
        "dismissed_comment": null,
        "fixed_at": null,
        "auto_dismissed_at": null
    }
]