[
    {
        "number": 19,
        "state": "open",
        "dependency": {
            "package": {
                "ecosystem": "pip",
                "name": "llama-index"
            },
            "manifest_path": "mindsdb/integrations/handlers/llama_index_handler/requirements.txt",
            "scope": "runtime"
        },
        "security_advisory": {
            "ghsa_id": "GHSA-pw38-xv9x-h8ch",
            "cve_id": "CVE-2024-4181",
            "summary": "RunGptLLM class in LlamaIndex has a command injection",
            "description": "A command injection vulnerability exists in the RunGptLLM class of the llama_index library, version 0.9.47, used by the RunGpt framework from JinaAI to connect to Language Learning Models (LLMs). The vulnerability arises from the improper use of the eval function, allowing a malicious or compromised LLM hosting provider to execute arbitrary commands on the client's machine. This issue was fixed in version 0.10.13. The exploitation of this vulnerability could lead to a hosting provider gaining full control over client machines.",
            "severity": "high",
            "identifiers": [
                {
                    "value": "GHSA-pw38-xv9x-h8ch",
                    "type": "GHSA"
                },
                {
                    "value": "CVE-2024-4181",
                    "type": "CVE"
                }
            ],
            "references": [
                {
                    "url": "https://nvd.nist.gov/vuln/detail/CVE-2024-4181"
                },
                {
                    "url": "https://github.com/run-llama/llama_index/commit/d73715eaf0642705583e7897c78b9c8dd2d3a7ba"
                },
                {
                    "url": "https://huntr.com/bounties/1a204520-598a-434e-b13d-0d34f2a5ddc1"
                },
                {
                    "url": "https://github.com/advisories/GHSA-pw38-xv9x-h8ch"
                }
            ],
            "published_at": "2024-05-16T09:33:08Z",
            "updated_at": "2024-05-24T19:21:22Z",
            "withdrawn_at": null,
            "vulnerabilities": [
                {
                    "package": {
                        "ecosystem": "pip",
                        "name": "llama-index"
                    },
                    "severity": "high",
                    "vulnerable_version_range": "< 0.10.13",
                    "first_patched_version": {
                        "identifier": "0.10.13"
                    }
                },
                {
                    "package": {
                        "ecosystem": "pip",
                        "name": "llama-index-llms-rungpt"
                    },
                    "severity": "high",
                    "vulnerable_version_range": "< 0.1.3",
                    "first_patched_version": {
                        "identifier": "0.1.3"
                    }
                }
            ],
            "cvss": {
                "vector_string": "CVSS:3.0/AV:N/AC:L/PR:N/UI:R/S:U/C:H/I:H/A:H",
                "score": 8.8
            },
            "cwes": [
                {
                    "cwe_id": "CWE-94",
                    "name": "Improper Control of Generation of Code ('Code Injection')"
                }
            ]
        },
        "security_vulnerability": {
            "package": {
                "ecosystem": "pip",
                "name": "llama-index"
            },
            "severity": "high",
            "vulnerable_version_range": "< 0.10.13",
            "first_patched_version": {
                "identifier": "0.10.13"
            }
        },
        "url": "https://api.github.com/repos/fcas/mindsdb/dependabot/alerts/19",
        "html_url": "https://github.com/fcas/mindsdb/security/dependabot/19",
        "created_at": "2024-05-24T19:22:56Z",
        "updated_at": "2024-05-24T19:22:56Z",
        "dismissed_at": null,
        "dismissed_by": null,
        "dismissed_reason": null,
        "dismissed_comment": null,
        "fixed_at": null,
        "auto_dismissed_at": null
    },
    {
        "number": 18,
        "state": "open",
        "dependency": {
            "package": {
                "ecosystem": "pip",
                "name": "Werkzeug"
            },
            "manifest_path": "requirements/requirements.txt",
            "scope": "runtime"
        },
        "security_advisory": {
            "ghsa_id": "GHSA-2g68-c3qc-8985",
            "cve_id": "CVE-2024-34069",
            "summary": "Werkzeug debugger vulnerable to remote execution when interacting with attacker controlled domain",
            "description": "The debugger in affected versions of Werkzeug can allow an attacker to execute code on a developer's machine under some circumstances. This requires the attacker to get the developer to interact with a domain and subdomain they control, and enter the debugger PIN, but if they are successful it allows access to the debugger even if it is only running on localhost. This also requires the attacker to guess a URL in the developer's application that will trigger the debugger.",
            "severity": "high",
            "identifiers": [
                {
                    "value": "GHSA-2g68-c3qc-8985",
                    "type": "GHSA"
                },
                {
                    "value": "CVE-2024-34069",
                    "type": "CVE"
                }
            ],
            "references": [
                {
                    "url": "https://github.com/pallets/werkzeug/security/advisories/GHSA-2g68-c3qc-8985"
                },
                {
                    "url": "https://github.com/pallets/werkzeug/commit/3386395b24c7371db11a5b8eaac0c91da5362692"
                },
                {
                    "url": "https://nvd.nist.gov/vuln/detail/CVE-2024-34069"
                },
                {
                    "url": "https://github.com/advisories/GHSA-2g68-c3qc-8985"
                }
            ],
            "published_at": "2024-05-06T14:21:27Z",
            "updated_at": "2024-05-06T16:17:35Z",
            "withdrawn_at": null,
            "vulnerabilities": [
                {
                    "package": {
                        "ecosystem": "pip",
                        "name": "Werkzeug"
                    },
                    "severity": "high",
                    "vulnerable_version_range": "< 3.0.3",
                    "first_patched_version": {
                        "identifier": "3.0.3"
                    }
                }
            ],
            "cvss": {
                "vector_string": "CVSS:3.1/AV:N/AC:H/PR:N/UI:R/S:U/C:H/I:H/A:H",
                "score": 7.5
            },
            "cwes": [
                {
                    "cwe_id": "CWE-352",
                    "name": "Cross-Site Request Forgery (CSRF)"
                }
            ]
        },
        "security_vulnerability": {
            "package": {
                "ecosystem": "pip",
                "name": "Werkzeug"
            },
            "severity": "high",
            "vulnerable_version_range": "< 3.0.3",
            "first_patched_version": {
                "identifier": "3.0.3"
            }
        },
        "url": "https://api.github.com/repos/fcas/mindsdb/dependabot/alerts/18",
        "html_url": "https://github.com/fcas/mindsdb/security/dependabot/18",
        "created_at": "2024-05-24T01:34:11Z",
        "updated_at": "2024-05-24T01:34:11Z",
        "dismissed_at": null,
        "dismissed_by": null,
        "dismissed_reason": null,
        "dismissed_comment": null,
        "fixed_at": null,
        "auto_dismissed_at": null
    },
    {
        "number": 17,
        "state": "open",
        "dependency": {
            "package": {
                "ecosystem": "pip",
                "name": "werkzeug"
            },
            "manifest_path": "requirements/requirements.txt",
            "scope": "runtime"
        },
        "security_advisory": {
            "ghsa_id": "GHSA-hrfv-mqp8-q5rw",
            "cve_id": "CVE-2023-46136",
            "summary": "Werkzeug DoS: High resource usage when parsing multipart/form-data containing a large part with CR/LF character at the beginning",
            "description": "Werkzeug multipart data parser needs to find a boundary that may be between consecutive chunks. That's why parsing is based on looking for newline characters. Unfortunately, code looking for partial boundary in the buffer is written inefficiently, so if we upload a file that starts with CR or LF and then is followed by megabytes of data without these characters: all of these bytes are appended chunk by chunk into internal bytearray and lookup for boundary is performed on growing buffer.\n\nThis allows an attacker to cause a denial of service by sending crafted multipart data to an endpoint that will parse it. The amount of CPU time required can block worker processes from handling legitimate requests. The amount of RAM required can trigger an out of memory kill of the process. If many concurrent requests are sent continuously, this can exhaust or kill all available workers.\n",
            "severity": "medium",
            "identifiers": [
                {
                    "value": "GHSA-hrfv-mqp8-q5rw",
                    "type": "GHSA"
                },
                {
                    "value": "CVE-2023-46136",
                    "type": "CVE"
                }
            ],
            "references": [
                {
                    "url": "https://github.com/pallets/werkzeug/security/advisories/GHSA-hrfv-mqp8-q5rw"
                },
                {
                    "url": "https://github.com/pallets/werkzeug/commit/b1916c0c083e0be1c9d887ee2f3d696922bfc5c1"
                },
                {
                    "url": "https://nvd.nist.gov/vuln/detail/CVE-2023-46136"
                },
                {
                    "url": "https://github.com/pallets/werkzeug/commit/f3c803b3ade485a45f12b6d6617595350c0f03e2"
                },
                {
                    "url": "https://github.com/pypa/advisory-database/tree/main/vulns/werkzeug/PYSEC-2023-221.yaml"
                },
                {
                    "url": "https://github.com/pallets/werkzeug/commit/f2300208d5e2a5076cbbb4c2aad71096fd040ef9"
                },
                {
                    "url": "https://security.netapp.com/advisory/ntap-20231124-0008/"
                },
                {
                    "url": "https://github.com/advisories/GHSA-hrfv-mqp8-q5rw"
                }
            ],
            "published_at": "2023-10-25T14:22:59Z",
            "updated_at": "2023-12-03T05:04:51Z",
            "withdrawn_at": null,
            "vulnerabilities": [
                {
                    "package": {
                        "ecosystem": "pip",
                        "name": "werkzeug"
                    },
                    "severity": "medium",
                    "vulnerable_version_range": ">= 3.0.0, < 3.0.1",
                    "first_patched_version": {
                        "identifier": "3.0.1"
                    }
                },
                {
                    "package": {
                        "ecosystem": "pip",
                        "name": "werkzeug"
                    },
                    "severity": "medium",
                    "vulnerable_version_range": "< 2.3.8",
                    "first_patched_version": {
                        "identifier": "2.3.8"
                    }
                }
            ],
            "cvss": {
                "vector_string": "CVSS:3.1/AV:A/AC:L/PR:L/UI:N/S:U/C:N/I:N/A:H",
                "score": 5.7
            },
            "cwes": [
                {
                    "cwe_id": "CWE-400",
                    "name": "Uncontrolled Resource Consumption"
                },
                {
                    "cwe_id": "CWE-787",
                    "name": "Out-of-bounds Write"
                }
            ]
        },
        "security_vulnerability": {
            "package": {
                "ecosystem": "pip",
                "name": "werkzeug"
            },
            "severity": "medium",
            "vulnerable_version_range": "< 2.3.8",
            "first_patched_version": {
                "identifier": "2.3.8"
            }
        },
        "url": "https://api.github.com/repos/fcas/mindsdb/dependabot/alerts/17",
        "html_url": "https://github.com/fcas/mindsdb/security/dependabot/17",
        "created_at": "2024-05-24T01:34:11Z",
        "updated_at": "2024-05-24T01:34:11Z",
        "dismissed_at": null,
        "dismissed_by": null,
        "dismissed_reason": null,
        "dismissed_comment": null,
        "fixed_at": null,
        "auto_dismissed_at": null
    },
    {
        "number": 16,
        "state": "open",
        "dependency": {
            "package": {
                "ecosystem": "pip",
                "name": "flask"
            },
            "manifest_path": "requirements/requirements.txt",
            "scope": "runtime"
        },
        "security_advisory": {
            "ghsa_id": "GHSA-m2qf-hxjv-5gpq",
            "cve_id": "CVE-2023-30861",
            "summary": "Flask vulnerable to possible disclosure of permanent session cookie due to missing Vary: Cookie header",
            "description": "When all of the following conditions are met, a response containing data intended for one client may be cached and subsequently sent by a proxy to other clients. If the proxy also caches `Set-Cookie` headers, it may send one client's `session` cookie to other clients. The severity depends on the application's use of the session, and the proxy's behavior regarding cookies. The risk depends on _all_ these conditions being met.\n\n1. The application must be hosted behind a caching proxy that does not strip cookies or ignore responses with cookies.\n2. The application sets [`session.permanent = True`](https://flask.palletsprojects.com/en/2.3.x/api/#flask.session.permanent).\n2. The application does not access or modify the session at any point during a request.\n4. [`SESSION_REFRESH_EACH_REQUEST`](https://flask.palletsprojects.com/en/2.3.x/config/#SESSION_REFRESH_EACH_REQUEST) is enabled (the default).\n5. The application does not set a `Cache-Control` header to indicate that a page is private or should not be cached.\n\nThis happens because vulnerable versions of Flask only set the `Vary: Cookie` header when the session is accessed or modified, not when it is refreshed (re-sent to update the expiration) without being accessed or modified.",
            "severity": "high",
            "identifiers": [
                {
                    "value": "GHSA-m2qf-hxjv-5gpq",
                    "type": "GHSA"
                },
                {
                    "value": "CVE-2023-30861",
                    "type": "CVE"
                }
            ],
            "references": [
                {
                    "url": "https://github.com/pallets/flask/security/advisories/GHSA-m2qf-hxjv-5gpq"
                },
                {
                    "url": "https://github.com/pallets/flask/commit/70f906c51ce49c485f1d355703e9cc3386b1cc2b"
                },
                {
                    "url": "https://github.com/pallets/flask/releases/tag/2.3.2"
                },
                {
                    "url": "https://github.com/pallets/flask/commit/afd63b16170b7c047f5758eb910c416511e9c965"
                },
                {
                    "url": "https://nvd.nist.gov/vuln/detail/CVE-2023-30861"
                },
                {
                    "url": "https://github.com/pallets/flask/releases/tag/2.2.5"
                },
                {
                    "url": "https://github.com/pypa/advisory-database/tree/main/vulns/flask/PYSEC-2023-62.yaml"
                },
                {
                    "url": "https://www.debian.org/security/2023/dsa-5442"
                },
                {
                    "url": "https://security.netapp.com/advisory/ntap-20230818-0006/"
                },
                {
                    "url": "https://lists.debian.org/debian-lts-announce/2023/08/msg00024.html"
                },
                {
                    "url": "https://github.com/advisories/GHSA-m2qf-hxjv-5gpq"
                }
            ],
            "published_at": "2023-05-01T19:22:20Z",
            "updated_at": "2023-11-06T05:03:38Z",
            "withdrawn_at": null,
            "vulnerabilities": [
                {
                    "package": {
                        "ecosystem": "pip",
                        "name": "flask"
                    },
                    "severity": "high",
                    "vulnerable_version_range": ">= 2.3.0, < 2.3.2",
                    "first_patched_version": {
                        "identifier": "2.3.2"
                    }
                },
                {
                    "package": {
                        "ecosystem": "pip",
                        "name": "flask"
                    },
                    "severity": "high",
                    "vulnerable_version_range": "< 2.2.5",
                    "first_patched_version": {
                        "identifier": "2.2.5"
                    }
                }
            ],
            "cvss": {
                "vector_string": "CVSS:3.1/AV:N/AC:L/PR:N/UI:N/S:U/C:H/I:N/A:N",
                "score": 7.5
            },
            "cwes": [
                {
                    "cwe_id": "CWE-539",
                    "name": "Use of Persistent Cookies Containing Sensitive Information"
                }
            ]
        },
        "security_vulnerability": {
            "package": {
                "ecosystem": "pip",
                "name": "flask"
            },
            "severity": "high",
            "vulnerable_version_range": "< 2.2.5",
            "first_patched_version": {
                "identifier": "2.2.5"
            }
        },
        "url": "https://api.github.com/repos/fcas/mindsdb/dependabot/alerts/16",
        "html_url": "https://github.com/fcas/mindsdb/security/dependabot/16",
        "created_at": "2024-05-24T01:34:11Z",
        "updated_at": "2024-05-24T01:34:11Z",
        "dismissed_at": null,
        "dismissed_by": null,
        "dismissed_reason": null,
        "dismissed_comment": null,
        "fixed_at": null,
        "auto_dismissed_at": null
    },
    {
        "number": 15,
        "state": "open",
        "dependency": {
            "package": {
                "ecosystem": "pip",
                "name": "Werkzeug"
            },
            "manifest_path": "requirements/requirements.txt",
            "scope": "runtime"
        },
        "security_advisory": {
            "ghsa_id": "GHSA-px8h-6qxv-m22q",
            "cve_id": "CVE-2023-23934",
            "summary": "Incorrect parsing of nameless cookies leads to __Host- cookies bypass",
            "description": "Browsers may allow \"nameless\" cookies that look like `=value` instead of `key=value`. A vulnerable browser may allow a compromised application on an adjacent subdomain to exploit this to set a cookie like `=__Host-test=bad` for another subdomain.\n\nWerkzeug <= 2.2.2 will parse the cookie `=__Host-test=bad` as `__Host-test=bad`. If a Werkzeug application is running next to a vulnerable or malicious subdomain which sets such a cookie using a vulnerable browser, the Werkzeug application will see the bad cookie value but the valid cookie key.",
            "severity": "low",
            "identifiers": [
                {
                    "value": "GHSA-px8h-6qxv-m22q",
                    "type": "GHSA"
                },
                {
                    "value": "CVE-2023-23934",
                    "type": "CVE"
                }
            ],
            "references": [
                {
                    "url": "https://github.com/pallets/werkzeug/security/advisories/GHSA-px8h-6qxv-m22q"
                },
                {
                    "url": "https://nvd.nist.gov/vuln/detail/CVE-2023-23934"
                },
                {
                    "url": "https://github.com/pallets/werkzeug/commit/cf275f42acad1b5950c50ffe8ef58fe62cdce028"
                },
                {
                    "url": "https://github.com/pallets/werkzeug/releases/tag/2.2.3"
                },
                {
                    "url": "https://www.debian.org/security/2023/dsa-5470"
                },
                {
                    "url": "https://security.netapp.com/advisory/ntap-20230818-0003/"
                },
                {
                    "url": "https://github.com/advisories/GHSA-px8h-6qxv-m22q"
                }
            ],
            "published_at": "2023-02-15T15:37:03Z",
            "updated_at": "2023-09-04T05:06:48Z",
            "withdrawn_at": null,
            "vulnerabilities": [
                {
                    "package": {
                        "ecosystem": "pip",
                        "name": "Werkzeug"
                    },
                    "severity": "low",
                    "vulnerable_version_range": "< 2.2.3",
                    "first_patched_version": {
                        "identifier": "2.2.3"
                    }
                }
            ],
            "cvss": {
                "vector_string": "CVSS:3.1/AV:A/AC:H/PR:N/UI:R/S:U/C:N/I:L/A:N",
                "score": 2.6
            },
            "cwes": [
                {
                    "cwe_id": "CWE-20",
                    "name": "Improper Input Validation"
                }
            ]
        },
        "security_vulnerability": {
            "package": {
                "ecosystem": "pip",
                "name": "Werkzeug"
            },
            "severity": "low",
            "vulnerable_version_range": "< 2.2.3",
            "first_patched_version": {
                "identifier": "2.2.3"
            }
        },
        "url": "https://api.github.com/repos/fcas/mindsdb/dependabot/alerts/15",
        "html_url": "https://github.com/fcas/mindsdb/security/dependabot/15",
        "created_at": "2024-05-24T01:34:10Z",
        "updated_at": "2024-05-24T01:34:10Z",
        "dismissed_at": null,
        "dismissed_by": null,
        "dismissed_reason": null,
        "dismissed_comment": null,
        "fixed_at": null,
        "auto_dismissed_at": null
    },
    {
        "number": 14,
        "state": "open",
        "dependency": {
            "package": {
                "ecosystem": "pip",
                "name": "Werkzeug"
            },
            "manifest_path": "requirements/requirements.txt",
            "scope": "runtime"
        },
        "security_advisory": {
            "ghsa_id": "GHSA-xg9f-g7g7-2323",
            "cve_id": "CVE-2023-25577",
            "summary": "High resource usage when parsing multipart form data with many fields",
            "description": "Werkzeug's multipart form data parser will parse an unlimited number of parts, including file parts. Parts can be a small amount of bytes, but each requires CPU time to parse and may use more memory as Python data. If a request can be made to an endpoint that accesses `request.data`, `request.form`, `request.files`, or `request.get_data(parse_form_data=False)`, it can cause unexpectedly high resource usage.\n\nThis allows an attacker to cause a denial of service by sending crafted multipart data to an endpoint that will parse it. The amount of CPU time required can block worker processes from handling legitimate requests. The amount of RAM required can trigger an out of memory kill of the process. Unlimited file parts can use up memory and file handles. If many concurrent requests are sent continuously, this can exhaust or kill all available workers.",
            "severity": "high",
            "identifiers": [
                {
                    "value": "GHSA-xg9f-g7g7-2323",
                    "type": "GHSA"
                },
                {
                    "value": "CVE-2023-25577",
                    "type": "CVE"
                }
            ],
            "references": [
                {
                    "url": "https://github.com/pallets/werkzeug/security/advisories/GHSA-xg9f-g7g7-2323"
                },
                {
                    "url": "https://nvd.nist.gov/vuln/detail/CVE-2023-25577"
                },
                {
                    "url": "https://github.com/pallets/werkzeug/commit/517cac5a804e8c4dc4ed038bb20dacd038e7a9f1"
                },
                {
                    "url": "https://github.com/pallets/werkzeug/releases/tag/2.2.3"
                },
                {
                    "url": "https://www.debian.org/security/2023/dsa-5470"
                },
                {
                    "url": "https://security.netapp.com/advisory/ntap-20230818-0003/"
                },
                {
                    "url": "https://github.com/advisories/GHSA-xg9f-g7g7-2323"
                }
            ],
            "published_at": "2023-02-15T15:36:26Z",
            "updated_at": "2023-08-18T15:47:26Z",
            "withdrawn_at": null,
            "vulnerabilities": [
                {
                    "package": {
                        "ecosystem": "pip",
                        "name": "Werkzeug"
                    },
                    "severity": "high",
                    "vulnerable_version_range": "< 2.2.3",
                    "first_patched_version": {
                        "identifier": "2.2.3"
                    }
                }
            ],
            "cvss": {
                "vector_string": "CVSS:3.1/AV:N/AC:L/PR:N/UI:N/S:U/C:N/I:N/A:H",
                "score": 7.5
            },
            "cwes": [
                {
                    "cwe_id": "CWE-400",
                    "name": "Uncontrolled Resource Consumption"
                },
                {
                    "cwe_id": "CWE-770",
                    "name": "Allocation of Resources Without Limits or Throttling"
                }
            ]
        },
        "security_vulnerability": {
            "package": {
                "ecosystem": "pip",
                "name": "Werkzeug"
            },
            "severity": "high",
            "vulnerable_version_range": "< 2.2.3",
            "first_patched_version": {
                "identifier": "2.2.3"
            }
        },
        "url": "https://api.github.com/repos/fcas/mindsdb/dependabot/alerts/14",
        "html_url": "https://github.com/fcas/mindsdb/security/dependabot/14",
        "created_at": "2024-05-24T01:34:10Z",
        "updated_at": "2024-05-24T01:34:10Z",
        "dismissed_at": null,
        "dismissed_by": null,
        "dismissed_reason": null,
        "dismissed_comment": null,
        "fixed_at": null,
        "auto_dismissed_at": null
    },
    {
        "number": 13,
        "state": "open",
        "dependency": {
            "package": {
                "ecosystem": "pip",
                "name": "ray"
            },
            "manifest_path": "mindsdb/integrations/handlers/ludwig_handler/requirements.txt",
            "scope": "runtime"
        },
        "security_advisory": {
            "ghsa_id": "GHSA-6cxr-8q3m-jwrr",
            "cve_id": "CVE-2023-6020",
            "summary": "Ray Missing Authorization vulnerability",
            "description": "LFI in Ray's /static/ directory allows attackers to read any file on the server without authentication. The issue is fixed in version 2.8.1+. Ray maintainers response can be found here: https://www.anyscale.com/blog/update-on-ray-cves-cve-2023-6019-cve-2023-6020-cve-2023-6021-cve-2023-48022-cve-2023-48023",
            "severity": "critical",
            "identifiers": [
                {
                    "value": "GHSA-6cxr-8q3m-jwrr",
                    "type": "GHSA"
                },
                {
                    "value": "CVE-2023-6020",
                    "type": "CVE"
                }
            ],
            "references": [
                {
                    "url": "https://nvd.nist.gov/vuln/detail/CVE-2023-6020"
                },
                {
                    "url": "https://huntr.com/bounties/83dd8619-6dc3-4c98-8f1b-e620fedcd1f6"
                },
                {
                    "url": "https://www.anyscale.com/blog/update-on-ray-cves-cve-2023-6019-cve-2023-6020-cve-2023-6021-cve-2023-48022-cve-2023-48023"
                },
                {
                    "url": "https://github.com/advisories/GHSA-6cxr-8q3m-jwrr"
                }
            ],
            "published_at": "2023-11-16T21:30:46Z",
            "updated_at": "2023-12-07T22:50:41Z",
            "withdrawn_at": null,
            "vulnerabilities": [
                {
                    "package": {
                        "ecosystem": "pip",
                        "name": "ray"
                    },
                    "severity": "critical",
                    "vulnerable_version_range": "<= 2.6.3",
                    "first_patched_version": null
                }
            ],
            "cvss": {
                "vector_string": "CVSS:3.0/AV:N/AC:L/PR:N/UI:N/S:C/C:H/I:L/A:N",
                "score": 9.3
            },
            "cwes": [
                {
                    "cwe_id": "CWE-598",
                    "name": "Use of GET Request Method With Sensitive Query Strings"
                },
                {
                    "cwe_id": "CWE-862",
                    "name": "Missing Authorization"
                }
            ]
        },
        "security_vulnerability": {
            "package": {
                "ecosystem": "pip",
                "name": "ray"
            },
            "severity": "critical",
            "vulnerable_version_range": "<= 2.6.3",
            "first_patched_version": null
        },
        "url": "https://api.github.com/repos/fcas/mindsdb/dependabot/alerts/13",
        "html_url": "https://github.com/fcas/mindsdb/security/dependabot/13",
        "created_at": "2024-05-24T01:34:10Z",
        "updated_at": "2024-05-24T01:34:10Z",
        "dismissed_at": null,
        "dismissed_by": null,
        "dismissed_reason": null,
        "dismissed_comment": null,
        "fixed_at": null,
        "auto_dismissed_at": null
    },
    {
        "number": 12,
        "state": "open",
        "dependency": {
            "package": {
                "ecosystem": "pip",
                "name": "ray"
            },
            "manifest_path": "mindsdb/integrations/handlers/ludwig_handler/requirements.txt",
            "scope": "runtime"
        },
        "security_advisory": {
            "ghsa_id": "GHSA-h3xg-wv58-5p43",
            "cve_id": "CVE-2023-6019",
            "summary": "Ray OS Command Injection vulnerability",
            "description": "A command injection exists in Ray's cpu_profile URL parameter allowing attackers to execute os commands on the system running the ray dashboard remotely without authentication.",
            "severity": "critical",
            "identifiers": [
                {
                    "value": "GHSA-h3xg-wv58-5p43",
                    "type": "GHSA"
                },
                {
                    "value": "CVE-2023-6019",
                    "type": "CVE"
                }
            ],
            "references": [
                {
                    "url": "https://nvd.nist.gov/vuln/detail/CVE-2023-6019"
                },
                {
                    "url": "https://huntr.com/bounties/d0290f3c-b302-4161-89f2-c13bb28b4cfe"
                },
                {
                    "url": "https://github.com/advisories/GHSA-h3xg-wv58-5p43"
                }
            ],
            "published_at": "2023-11-16T18:30:31Z",
            "updated_at": "2023-12-07T22:45:46Z",
            "withdrawn_at": null,
            "vulnerabilities": [
                {
                    "package": {
                        "ecosystem": "pip",
                        "name": "ray"
                    },
                    "severity": "critical",
                    "vulnerable_version_range": "<= 2.6.3",
                    "first_patched_version": null
                }
            ],
            "cvss": {
                "vector_string": "CVSS:3.1/AV:N/AC:L/PR:N/UI:N/S:U/C:H/I:H/A:H",
                "score": 9.8
            },
            "cwes": [
                {
                    "cwe_id": "CWE-78",
                    "name": "Improper Neutralization of Special Elements used in an OS Command ('OS Command Injection')"
                }
            ]
        },
        "security_vulnerability": {
            "package": {
                "ecosystem": "pip",
                "name": "ray"
            },
            "severity": "critical",
            "vulnerable_version_range": "<= 2.6.3",
            "first_patched_version": null
        },
        "url": "https://api.github.com/repos/fcas/mindsdb/dependabot/alerts/12",
        "html_url": "https://github.com/fcas/mindsdb/security/dependabot/12",
        "created_at": "2024-05-24T01:34:10Z",
        "updated_at": "2024-05-24T01:34:10Z",
        "dismissed_at": null,
        "dismissed_by": null,
        "dismissed_reason": null,
        "dismissed_comment": null,
        "fixed_at": null,
        "auto_dismissed_at": null
    },
    {
        "number": 11,
        "state": "open",
        "dependency": {
            "package": {
                "ecosystem": "pip",
                "name": "ray"
            },
            "manifest_path": "mindsdb/integrations/handlers/ludwig_handler/requirements.txt",
            "scope": "runtime"
        },
        "security_advisory": {
            "ghsa_id": "GHSA-3pww-qvr8-6mhp",
            "cve_id": "CVE-2023-6021",
            "summary": "Ray Path Traversal vulnerability",
            "description": "LFI in Ray's log API endpoint allows attackers to read any file on the server without authentication. The issue is fixed in version 2.8.1+. Ray maintainers response can be found here: https://www.anyscale.com/blog/update-on-ray-cves-cve-2023-6019-cve-2023-6020-cve-2023-6021-cve-2023-48022-cve-2023-48023",
            "severity": "critical",
            "identifiers": [
                {
                    "value": "GHSA-3pww-qvr8-6mhp",
                    "type": "GHSA"
                },
                {
                    "value": "CVE-2023-6021",
                    "type": "CVE"
                }
            ],
            "references": [
                {
                    "url": "https://nvd.nist.gov/vuln/detail/CVE-2023-6021"
                },
                {
                    "url": "https://huntr.com/bounties/5039c045-f986-4cbc-81ac-370fe4b0d3f8"
                },
                {
                    "url": "https://www.anyscale.com/blog/update-on-ray-cves-cve-2023-6019-cve-2023-6020-cve-2023-6021-cve-2023-48022-cve-2023-48023"
                },
                {
                    "url": "https://github.com/advisories/GHSA-3pww-qvr8-6mhp"
                }
            ],
            "published_at": "2023-11-16T18:30:31Z",
            "updated_at": "2023-12-07T22:44:56Z",
            "withdrawn_at": null,
            "vulnerabilities": [
                {
                    "package": {
                        "ecosystem": "pip",
                        "name": "ray"
                    },
                    "severity": "critical",
                    "vulnerable_version_range": "<= 2.6.3",
                    "first_patched_version": null
                }
            ],
            "cvss": {
                "vector_string": "CVSS:3.0/AV:N/AC:L/PR:N/UI:N/S:C/C:H/I:L/A:N",
                "score": 9.3
            },
            "cwes": [
                {
                    "cwe_id": "CWE-22",
                    "name": "Improper Limitation of a Pathname to a Restricted Directory ('Path Traversal')"
                },
                {
                    "cwe_id": "CWE-29",
                    "name": "Path Traversal: '..filename'"
                }
            ]
        },
        "security_vulnerability": {
            "package": {
                "ecosystem": "pip",
                "name": "ray"
            },
            "severity": "critical",
            "vulnerable_version_range": "<= 2.6.3",
            "first_patched_version": null
        },
        "url": "https://api.github.com/repos/fcas/mindsdb/dependabot/alerts/11",
        "html_url": "https://github.com/fcas/mindsdb/security/dependabot/11",
        "created_at": "2024-05-24T01:34:09Z",
        "updated_at": "2024-05-24T01:34:09Z",
        "dismissed_at": null,
        "dismissed_by": null,
        "dismissed_reason": null,
        "dismissed_comment": null,
        "fixed_at": null,
        "auto_dismissed_at": null
    },
    {
        "number": 10,
        "state": "open",
        "dependency": {
            "package": {
                "ecosystem": "pip",
                "name": "llama-index"
            },
            "manifest_path": "mindsdb/integrations/handlers/llama_index_handler/requirements.txt",
            "scope": "runtime"
        },
        "security_advisory": {
            "ghsa_id": "GHSA-2jxw-4hm4-6w87",
            "cve_id": "CVE-2024-23751",
            "summary": "SQL injection in llama-index",
            "description": "LlamaIndex (aka llama_index) through 0.9.35 allows SQL injection via the Text-to-SQL feature in NLSQLTableQueryEngine, SQLTableRetrieverQueryEngine, NLSQLRetriever, RetrieverQueryEngine, and PGVectorSQLQueryEngine. For example, an attacker might be able to delete this year's student records via \"Drop the Students table\" within English language input.",
            "severity": "critical",
            "identifiers": [
                {
                    "value": "GHSA-2jxw-4hm4-6w87",
                    "type": "GHSA"
                },
                {
                    "value": "CVE-2024-23751",
                    "type": "CVE"
                }
            ],
            "references": [
                {
                    "url": "https://nvd.nist.gov/vuln/detail/CVE-2024-23751"
                },
                {
                    "url": "https://github.com/run-llama/llama_index/issues/9957"
                },
                {
                    "url": "https://github.com/pypa/advisory-database/tree/main/vulns/llama-index/PYSEC-2024-12.yaml"
                },
                {
                    "url": "https://github.com/advisories/GHSA-2jxw-4hm4-6w87"
                }
            ],
            "published_at": "2024-01-22T03:30:26Z",
            "updated_at": "2024-01-29T16:31:48Z",
            "withdrawn_at": null,
            "vulnerabilities": [
                {
                    "package": {
                        "ecosystem": "pip",
                        "name": "llama-index"
                    },
                    "severity": "critical",
                    "vulnerable_version_range": "<= 0.9.35",
                    "first_patched_version": null
                }
            ],
            "cvss": {
                "vector_string": "CVSS:3.1/AV:N/AC:L/PR:N/UI:N/S:U/C:H/I:H/A:H",
                "score": 9.8
            },
            "cwes": [
                {
                    "cwe_id": "CWE-89",
                    "name": "Improper Neutralization of Special Elements used in an SQL Command ('SQL Injection')"
                }
            ]
        },
        "security_vulnerability": {
            "package": {
                "ecosystem": "pip",
                "name": "llama-index"
            },
            "severity": "critical",
            "vulnerable_version_range": "<= 0.9.35",
            "first_patched_version": null
        },
        "url": "https://api.github.com/repos/fcas/mindsdb/dependabot/alerts/10",
        "html_url": "https://github.com/fcas/mindsdb/security/dependabot/10",
        "created_at": "2024-05-24T01:34:09Z",
        "updated_at": "2024-05-24T01:34:09Z",
        "dismissed_at": null,
        "dismissed_by": null,
        "dismissed_reason": null,
        "dismissed_comment": null,
        "fixed_at": null,
        "auto_dismissed_at": null
    },
    {
        "number": 9,
        "state": "open",
        "dependency": {
            "package": {
                "ecosystem": "pip",
                "name": "llama-hub"
            },
            "manifest_path": "mindsdb/integrations/handlers/llama_index_handler/requirements.txt",
            "scope": "runtime"
        },
        "security_advisory": {
            "ghsa_id": "GHSA-297x-2qf3-jrj3",
            "cve_id": "CVE-2024-23730",
            "summary": "Unsafe yaml deserialization in llama-hub",
            "description": "The OpenAPI and ChatGPT plugin loaders in LlamaHub (aka llama-hub) before 0.0.67 allow attackers to execute arbitrary code because safe_load is not used for YAML.",
            "severity": "critical",
            "identifiers": [
                {
                    "value": "GHSA-297x-2qf3-jrj3",
                    "type": "GHSA"
                },
                {
                    "value": "CVE-2024-23730",
                    "type": "CVE"
                }
            ],
            "references": [
                {
                    "url": "https://nvd.nist.gov/vuln/detail/CVE-2024-23730"
                },
                {
                    "url": "https://github.com/run-llama/llama-hub/blob/v0.0.67/CHANGELOG.md"
                },
                {
                    "url": "https://github.com/run-llama/llama-hub/releases/tag/v0.0.67"
                },
                {
                    "url": "https://github.com/run-llama/llama-hub/commit/c01416e737c7747a213a79881b8308c41d043515"
                },
                {
                    "url": "https://github.com/advisories/GHSA-297x-2qf3-jrj3"
                }
            ],
            "published_at": "2024-01-21T18:30:34Z",
            "updated_at": "2024-01-29T16:25:51Z",
            "withdrawn_at": null,
            "vulnerabilities": [
                {
                    "package": {
                        "ecosystem": "pip",
                        "name": "llama-hub"
                    },
                    "severity": "critical",
                    "vulnerable_version_range": "< 0.0.67",
                    "first_patched_version": {
                        "identifier": "0.0.67"
                    }
                }
            ],
            "cvss": {
                "vector_string": "CVSS:3.1/AV:N/AC:L/PR:N/UI:N/S:U/C:H/I:H/A:H",
                "score": 9.8
            },
            "cwes": [
                {
                    "cwe_id": "CWE-502",
                    "name": "Deserialization of Untrusted Data"
                }
            ]
        },
        "security_vulnerability": {
            "package": {
                "ecosystem": "pip",
                "name": "llama-hub"
            },
            "severity": "critical",
            "vulnerable_version_range": "< 0.0.67",
            "first_patched_version": {
                "identifier": "0.0.67"
            }
        },
        "url": "https://api.github.com/repos/fcas/mindsdb/dependabot/alerts/9",
        "html_url": "https://github.com/fcas/mindsdb/security/dependabot/9",
        "created_at": "2024-05-24T01:34:09Z",
        "updated_at": "2024-05-24T01:34:09Z",
        "dismissed_at": null,
        "dismissed_by": null,
        "dismissed_reason": null,
        "dismissed_comment": null,
        "fixed_at": null,
        "auto_dismissed_at": null
    },
    {
        "number": 8,
        "state": "open",
        "dependency": {
            "package": {
                "ecosystem": "pip",
                "name": "pyarrow"
            },
            "manifest_path": "mindsdb/integrations/handlers/lancedb_handler/requirements.txt",
            "scope": "runtime"
        },
        "security_advisory": {
            "ghsa_id": "GHSA-5wvp-7f3h-6wmm",
            "cve_id": "CVE-2023-47248",
            "summary": "PyArrow: Arbitrary code execution when loading a malicious data file",
            "description": "Deserialization of untrusted data in IPC and Parquet readers in PyArrow versions 0.14.0 to 14.0.0 allows arbitrary code execution. An application is vulnerable if it reads Arrow IPC, Feather or Parquet data from untrusted sources (for example user-supplied input files).\n\nThis vulnerability only affects PyArrow, not other Apache Arrow implementations or bindings.\n\nIt is recommended that users of PyArrow upgrade to 14.0.1. Similarly, it is recommended that downstream libraries upgrade their dependency requirements to PyArrow 14.0.1 or later. PyPI packages are already available, and we hope that conda-forge packages will be available soon.\n\nIf it is not possible to upgrade, maintainers provide a separate package `pyarrow-hotfix` that disables the vulnerability on older PyArrow versions. See https://pypi.org/project/pyarrow-hotfix/  for instructions.",
            "severity": "critical",
            "identifiers": [
                {
                    "value": "GHSA-5wvp-7f3h-6wmm",
                    "type": "GHSA"
                },
                {
                    "value": "CVE-2023-47248",
                    "type": "CVE"
                }
            ],
            "references": [
                {
                    "url": "https://nvd.nist.gov/vuln/detail/CVE-2023-47248"
                },
                {
                    "url": "https://lists.apache.org/thread/yhy7tdfjf9hrl9vfrtzo8p2cyjq87v7n"
                },
                {
                    "url": "https://pypi.org/project/pyarrow-hotfix/"
                },
                {
                    "url": "https://github.com/apache/arrow/commit/f14170976372436ec1d03a724d8d3f3925484ecf"
                },
                {
                    "url": "https://github.com/advisories/GHSA-5wvp-7f3h-6wmm"
                },
                {
                    "url": "https://github.com/pypa/advisory-database/tree/main/vulns/pyarrow/PYSEC-2023-238.yaml"
                },
                {
                    "url": "https://www.cve.org/CVERecord?id=CVE-2023-47248"
                },
                {
                    "url": "https://www.openwall.com/lists/oss-security/2023/11/08/7"
                },
                {
                    "url": "https://lists.fedoraproject.org/archives/list/package-announce@lists.fedoraproject.org/message/FR34AIPXVTMB3XPRU5ULV5HHWPMRE33X/"
                },
                {
                    "url": "https://lists.fedoraproject.org/archives/list/package-announce@lists.fedoraproject.org/message/MAGWEAJDWO2ACYATUQCPXLSYY5C3L3XU/"
                },
                {
                    "url": "https://lists.fedoraproject.org/archives/list/package-announce@lists.fedoraproject.org/message/MWFYXLVBTBHNKYRXI572RFX7IJDDQGBL/"
                }
            ],
            "published_at": "2023-11-09T09:30:26Z",
            "updated_at": "2023-11-29T03:30:23Z",
            "withdrawn_at": null,
            "vulnerabilities": [
                {
                    "package": {
                        "ecosystem": "pip",
                        "name": "pyarrow"
                    },
                    "severity": "critical",
                    "vulnerable_version_range": ">= 0.14.0, < 14.0.1",
                    "first_patched_version": {
                        "identifier": "14.0.1"
                    }
                }
            ],
            "cvss": {
                "vector_string": "CVSS:3.1/AV:N/AC:L/PR:N/UI:N/S:U/C:H/I:H/A:H",
                "score": 9.8
            },
            "cwes": [
                {
                    "cwe_id": "CWE-502",
                    "name": "Deserialization of Untrusted Data"
                }
            ]
        },
        "security_vulnerability": {
            "package": {
                "ecosystem": "pip",
                "name": "pyarrow"
            },
            "severity": "critical",
            "vulnerable_version_range": ">= 0.14.0, < 14.0.1",
            "first_patched_version": {
                "identifier": "14.0.1"
            }
        },
        "url": "https://api.github.com/repos/fcas/mindsdb/dependabot/alerts/8",
        "html_url": "https://github.com/fcas/mindsdb/security/dependabot/8",
        "created_at": "2024-05-24T01:34:09Z",
        "updated_at": "2024-05-24T01:34:09Z",
        "dismissed_at": null,
        "dismissed_by": null,
        "dismissed_reason": null,
        "dismissed_comment": null,
        "fixed_at": null,
        "auto_dismissed_at": null
    },
    {
        "number": 7,
        "state": "open",
        "dependency": {
            "package": {
                "ecosystem": "pip",
                "name": "pyarrow"
            },
            "manifest_path": "mindsdb/integrations/handlers/byom_handler/requirements.txt",
            "scope": "runtime"
        },
        "security_advisory": {
            "ghsa_id": "GHSA-5wvp-7f3h-6wmm",
            "cve_id": "CVE-2023-47248",
            "summary": "PyArrow: Arbitrary code execution when loading a malicious data file",
            "description": "Deserialization of untrusted data in IPC and Parquet readers in PyArrow versions 0.14.0 to 14.0.0 allows arbitrary code execution. An application is vulnerable if it reads Arrow IPC, Feather or Parquet data from untrusted sources (for example user-supplied input files).\n\nThis vulnerability only affects PyArrow, not other Apache Arrow implementations or bindings.\n\nIt is recommended that users of PyArrow upgrade to 14.0.1. Similarly, it is recommended that downstream libraries upgrade their dependency requirements to PyArrow 14.0.1 or later. PyPI packages are already available, and we hope that conda-forge packages will be available soon.\n\nIf it is not possible to upgrade, maintainers provide a separate package `pyarrow-hotfix` that disables the vulnerability on older PyArrow versions. See https://pypi.org/project/pyarrow-hotfix/  for instructions.",
            "severity": "critical",
            "identifiers": [
                {
                    "value": "GHSA-5wvp-7f3h-6wmm",
                    "type": "GHSA"
                },
                {
                    "value": "CVE-2023-47248",
                    "type": "CVE"
                }
            ],
            "references": [
                {
                    "url": "https://nvd.nist.gov/vuln/detail/CVE-2023-47248"
                },
                {
                    "url": "https://lists.apache.org/thread/yhy7tdfjf9hrl9vfrtzo8p2cyjq87v7n"
                },
                {
                    "url": "https://pypi.org/project/pyarrow-hotfix/"
                },
                {
                    "url": "https://github.com/apache/arrow/commit/f14170976372436ec1d03a724d8d3f3925484ecf"
                },
                {
                    "url": "https://github.com/advisories/GHSA-5wvp-7f3h-6wmm"
                },
                {
                    "url": "https://github.com/pypa/advisory-database/tree/main/vulns/pyarrow/PYSEC-2023-238.yaml"
                },
                {
                    "url": "https://www.cve.org/CVERecord?id=CVE-2023-47248"
                },
                {
                    "url": "https://www.openwall.com/lists/oss-security/2023/11/08/7"
                },
                {
                    "url": "https://lists.fedoraproject.org/archives/list/package-announce@lists.fedoraproject.org/message/FR34AIPXVTMB3XPRU5ULV5HHWPMRE33X/"
                },
                {
                    "url": "https://lists.fedoraproject.org/archives/list/package-announce@lists.fedoraproject.org/message/MAGWEAJDWO2ACYATUQCPXLSYY5C3L3XU/"
                },
                {
                    "url": "https://lists.fedoraproject.org/archives/list/package-announce@lists.fedoraproject.org/message/MWFYXLVBTBHNKYRXI572RFX7IJDDQGBL/"
                }
            ],
            "published_at": "2023-11-09T09:30:26Z",
            "updated_at": "2023-11-29T03:30:23Z",
            "withdrawn_at": null,
            "vulnerabilities": [
                {
                    "package": {
                        "ecosystem": "pip",
                        "name": "pyarrow"
                    },
                    "severity": "critical",
                    "vulnerable_version_range": ">= 0.14.0, < 14.0.1",
                    "first_patched_version": {
                        "identifier": "14.0.1"
                    }
                }
            ],
            "cvss": {
                "vector_string": "CVSS:3.1/AV:N/AC:L/PR:N/UI:N/S:U/C:H/I:H/A:H",
                "score": 9.8
            },
            "cwes": [
                {
                    "cwe_id": "CWE-502",
                    "name": "Deserialization of Untrusted Data"
                }
            ]
        },
        "security_vulnerability": {
            "package": {
                "ecosystem": "pip",
                "name": "pyarrow"
            },
            "severity": "critical",
            "vulnerable_version_range": ">= 0.14.0, < 14.0.1",
            "first_patched_version": {
                "identifier": "14.0.1"
            }
        },
        "url": "https://api.github.com/repos/fcas/mindsdb/dependabot/alerts/7",
        "html_url": "https://github.com/fcas/mindsdb/security/dependabot/7",
        "created_at": "2024-05-24T01:34:08Z",
        "updated_at": "2024-05-24T01:34:08Z",
        "dismissed_at": null,
        "dismissed_by": null,
        "dismissed_reason": null,
        "dismissed_comment": null,
        "fixed_at": null,
        "auto_dismissed_at": null
    },
    {
        "number": 6,
        "state": "open",
        "dependency": {
            "package": {
                "ecosystem": "npm",
                "name": "axios"
            },
            "manifest_path": "docs/yarn.lock",
            "scope": "runtime"
        },
        "security_advisory": {
            "ghsa_id": "GHSA-wf5p-g6vw-rhxx",
            "cve_id": "CVE-2023-45857",
            "summary": "Axios Cross-Site Request Forgery Vulnerability",
            "description": "An issue discovered in Axios 0.8.1 through 1.5.1 inadvertently reveals the confidential XSRF-TOKEN stored in cookies by including it in the HTTP header X-XSRF-TOKEN for every request made to any host allowing attackers to view sensitive information.",
            "severity": "medium",
            "identifiers": [
                {
                    "value": "GHSA-wf5p-g6vw-rhxx",
                    "type": "GHSA"
                },
                {
                    "value": "CVE-2023-45857",
                    "type": "CVE"
                }
            ],
            "references": [
                {
                    "url": "https://nvd.nist.gov/vuln/detail/CVE-2023-45857"
                },
                {
                    "url": "https://github.com/axios/axios/issues/6006"
                },
                {
                    "url": "https://github.com/axios/axios/issues/6022"
                },
                {
                    "url": "https://github.com/axios/axios/pull/6028"
                },
                {
                    "url": "https://github.com/axios/axios/commit/96ee232bd3ee4de2e657333d4d2191cd389e14d0"
                },
                {
                    "url": "https://github.com/axios/axios/releases/tag/v1.6.0"
                },
                {
                    "url": "https://security.snyk.io/vuln/SNYK-JS-AXIOS-6032459"
                },
                {
                    "url": "https://github.com/axios/axios/pull/6091"
                },
                {
                    "url": "https://github.com/axios/axios/commit/2755df562b9c194fba6d8b609a383443f6a6e967"
                },
                {
                    "url": "https://github.com/axios/axios/releases/tag/v0.28.0"
                },
                {
                    "url": "https://github.com/advisories/GHSA-wf5p-g6vw-rhxx"
                }
            ],
            "published_at": "2023-11-08T21:30:37Z",
            "updated_at": "2024-02-20T20:02:28Z",
            "withdrawn_at": null,
            "vulnerabilities": [
                {
                    "package": {
                        "ecosystem": "npm",
                        "name": "axios"
                    },
                    "severity": "medium",
                    "vulnerable_version_range": ">= 1.0.0, < 1.6.0",
                    "first_patched_version": {
                        "identifier": "1.6.0"
                    }
                },
                {
                    "package": {
                        "ecosystem": "npm",
                        "name": "axios"
                    },
                    "severity": "medium",
                    "vulnerable_version_range": ">= 0.8.1, < 0.28.0",
                    "first_patched_version": {
                        "identifier": "0.28.0"
                    }
                }
            ],
            "cvss": {
                "vector_string": "CVSS:3.1/AV:N/AC:L/PR:N/UI:R/S:U/C:H/I:N/A:N",
                "score": 6.5
            },
            "cwes": [
                {
                    "cwe_id": "CWE-352",
                    "name": "Cross-Site Request Forgery (CSRF)"
                }
            ]
        },
        "security_vulnerability": {
            "package": {
                "ecosystem": "npm",
                "name": "axios"
            },
            "severity": "medium",
            "vulnerable_version_range": ">= 0.8.1, < 0.28.0",
            "first_patched_version": {
                "identifier": "0.28.0"
            }
        },
        "url": "https://api.github.com/repos/fcas/mindsdb/dependabot/alerts/6",
        "html_url": "https://github.com/fcas/mindsdb/security/dependabot/6",
        "created_at": "2024-05-24T01:34:08Z",
        "updated_at": "2024-05-24T01:34:08Z",
        "dismissed_at": null,
        "dismissed_by": null,
        "dismissed_reason": null,
        "dismissed_comment": null,
        "fixed_at": null,
        "auto_dismissed_at": null
    },
    {
        "number": 5,
        "state": "open",
        "dependency": {
            "package": {
                "ecosystem": "npm",
                "name": "lodash.pick"
            },
            "manifest_path": "docs/yarn.lock",
            "scope": "runtime"
        },
        "security_advisory": {
            "ghsa_id": "GHSA-p6mc-m468-83gw",
            "cve_id": "CVE-2020-8203",
            "summary": "Prototype Pollution in lodash",
            "description": "Versions of lodash prior to 4.17.19 are vulnerable to Prototype Pollution. The functions `pick`, `set`, `setWith`, `update`, `updateWith`, and `zipObjectDeep` allow a malicious user to modify the prototype of Object if the property identifiers are user-supplied. Being affected by this issue requires manipulating objects based on user-provided property values or arrays.\n\nThis vulnerability causes the addition or modification of an existing property that will exist on all objects and may lead to Denial of Service or Code Execution under specific circumstances.",
            "severity": "high",
            "identifiers": [
                {
                    "value": "GHSA-p6mc-m468-83gw",
                    "type": "GHSA"
                },
                {
                    "value": "CVE-2020-8203",
                    "type": "CVE"
                }
            ],
            "references": [
                {
                    "url": "https://github.com/lodash/lodash/issues/4744"
                },
                {
                    "url": "https://github.com/lodash/lodash/commit/c84fe82760fb2d3e03a63379b297a1cc1a2fce12"
                },
                {
                    "url": "https://nvd.nist.gov/vuln/detail/CVE-2020-8203"
                },
                {
                    "url": "https://hackerone.com/reports/712065"
                },
                {
                    "url": "https://github.com/lodash/lodash/issues/4874"
                },
                {
                    "url": "https://github.com/github/advisory-database/pull/2884"
                },
                {
                    "url": "https://hackerone.com/reports/864701"
                },
                {
                    "url": "https://github.com/lodash/lodash/wiki/Changelog#v41719"
                },
                {
                    "url": "https://web.archive.org/web/20210914001339/https://github.com/lodash/lodash/issues/4744"
                },
                {
                    "url": "https://security.netapp.com/advisory/ntap-20200724-0006/"
                },
                {
                    "url": "https://github.com/advisories/GHSA-p6mc-m468-83gw"
                }
            ],
            "published_at": "2020-07-15T19:15:48Z",
            "updated_at": "2024-01-26T15:32:50Z",
            "withdrawn_at": null,
            "vulnerabilities": [
                {
                    "package": {
                        "ecosystem": "npm",
                        "name": "lodash"
                    },
                    "severity": "high",
                    "vulnerable_version_range": ">= 3.7.0, < 4.17.19",
                    "first_patched_version": {
                        "identifier": "4.17.19"
                    }
                },
                {
                    "package": {
                        "ecosystem": "npm",
                        "name": "lodash-es"
                    },
                    "severity": "high",
                    "vulnerable_version_range": ">= 3.7.0, < 4.17.20",
                    "first_patched_version": {
                        "identifier": "4.17.20"
                    }
                },
                {
                    "package": {
                        "ecosystem": "npm",
                        "name": "lodash.pick"
                    },
                    "severity": "high",
                    "vulnerable_version_range": ">= 4.0.0, <= 4.4.0",
                    "first_patched_version": null
                },
                {
                    "package": {
                        "ecosystem": "npm",
                        "name": "lodash.set"
                    },
                    "severity": "high",
                    "vulnerable_version_range": ">= 3.7.0, <= 4.3.2",
                    "first_patched_version": null
                },
                {
                    "package": {
                        "ecosystem": "npm",
                        "name": "lodash.setwith"
                    },
                    "severity": "high",
                    "vulnerable_version_range": "<= 4.3.2",
                    "first_patched_version": null
                },
                {
                    "package": {
                        "ecosystem": "npm",
                        "name": "lodash.update"
                    },
                    "severity": "high",
                    "vulnerable_version_range": "<= 4.10.2",
                    "first_patched_version": null
                },
                {
                    "package": {
                        "ecosystem": "npm",
                        "name": "lodash.updatewith"
                    },
                    "severity": "high",
                    "vulnerable_version_range": "<= 4.10.2",
                    "first_patched_version": null
                }
            ],
            "cvss": {
                "vector_string": "CVSS:3.1/AV:N/AC:H/PR:N/UI:N/S:U/C:N/I:H/A:H",
                "score": 7.4
            },
            "cwes": [
                {
                    "cwe_id": "CWE-770",
                    "name": "Allocation of Resources Without Limits or Throttling"
                },
                {
                    "cwe_id": "CWE-1321",
                    "name": "Improperly Controlled Modification of Object Prototype Attributes ('Prototype Pollution')"
                }
            ]
        },
        "security_vulnerability": {
            "package": {
                "ecosystem": "npm",
                "name": "lodash.pick"
            },
            "severity": "high",
            "vulnerable_version_range": ">= 4.0.0, <= 4.4.0",
            "first_patched_version": null
        },
        "url": "https://api.github.com/repos/fcas/mindsdb/dependabot/alerts/5",
        "html_url": "https://github.com/fcas/mindsdb/security/dependabot/5",
        "created_at": "2024-05-24T01:34:08Z",
        "updated_at": "2024-05-24T01:34:08Z",
        "dismissed_at": null,
        "dismissed_by": null,
        "dismissed_reason": null,
        "dismissed_comment": null,
        "fixed_at": null,
        "auto_dismissed_at": null
    },
    {
        "number": 4,
        "state": "open",
        "dependency": {
            "package": {
                "ecosystem": "npm",
                "name": "nth-check"
            },
            "manifest_path": "docs/yarn.lock",
            "scope": "runtime"
        },
        "security_advisory": {
            "ghsa_id": "GHSA-rp65-9cf3-cjxr",
            "cve_id": "CVE-2021-3803",
            "summary": "Inefficient Regular Expression Complexity in nth-check",
            "description": "There is a Regular Expression Denial of Service (ReDoS) vulnerability in nth-check that causes a denial of service when parsing crafted invalid CSS nth-checks.\n\nThe ReDoS vulnerabilities of the regex are mainly due to the sub-pattern `\\s*(?:([+-]?)\\s*(\\d+))?` with quantified overlapping adjacency and can be exploited with the following code.\n\n**Proof of Concept**\n```js\n// PoC.js\nvar nthCheck = require(\"nth-check\")\nfor(var i = 1; i <= 50000; i++) {\n    var time = Date.now();\n    var attack_str = '2n' + ' '.repeat(i*10000)+\"!\";\n    try {\n        nthCheck.parse(attack_str) \n    }\n    catch(err) {\n        var time_cost = Date.now() - time;\n        console.log(\"attack_str.length: \" + attack_str.length + \": \" + time_cost+\" ms\")\n    }\n}\n```\n\n**The Output**\n```\nattack_str.length: 10003: 174 ms\nattack_str.length: 20003: 1427 ms\nattack_str.length: 30003: 2602 ms\nattack_str.length: 40003: 4378 ms\nattack_str.length: 50003: 7473 ms\n```",
            "severity": "high",
            "identifiers": [
                {
                    "value": "GHSA-rp65-9cf3-cjxr",
                    "type": "GHSA"
                },
                {
                    "value": "CVE-2021-3803",
                    "type": "CVE"
                }
            ],
            "references": [
                {
                    "url": "https://nvd.nist.gov/vuln/detail/CVE-2021-3803"
                },
                {
                    "url": "https://github.com/fb55/nth-check/commit/9894c1d2010870c351f66c6f6efcf656e26bb726"
                },
                {
                    "url": "https://huntr.dev/bounties/8cf8cc06-d2cf-4b4e-b42c-99fafb0b04d0"
                },
                {
                    "url": "https://lists.debian.org/debian-lts-announce/2023/05/msg00023.html"
                },
                {
                    "url": "https://github.com/advisories/GHSA-rp65-9cf3-cjxr"
                }
            ],
            "published_at": "2021-09-20T20:47:31Z",
            "updated_at": "2023-11-29T22:11:25Z",
            "withdrawn_at": null,
            "vulnerabilities": [
                {
                    "package": {
                        "ecosystem": "npm",
                        "name": "nth-check"
                    },
                    "severity": "high",
                    "vulnerable_version_range": "< 2.0.1",
                    "first_patched_version": {
                        "identifier": "2.0.1"
                    }
                }
            ],
            "cvss": {
                "vector_string": "CVSS:3.1/AV:N/AC:L/PR:N/UI:N/S:U/C:N/I:N/A:H",
                "score": 7.5
            },
            "cwes": [
                {
                    "cwe_id": "CWE-1333",
                    "name": "Inefficient Regular Expression Complexity"
                }
            ]
        },
        "security_vulnerability": {
            "package": {
                "ecosystem": "npm",
                "name": "nth-check"
            },
            "severity": "high",
            "vulnerable_version_range": "< 2.0.1",
            "first_patched_version": {
                "identifier": "2.0.1"
            }
        },
        "url": "https://api.github.com/repos/fcas/mindsdb/dependabot/alerts/4",
        "html_url": "https://github.com/fcas/mindsdb/security/dependabot/4",
        "created_at": "2024-05-24T01:34:08Z",
        "updated_at": "2024-05-24T01:34:08Z",
        "dismissed_at": null,
        "dismissed_by": null,
        "dismissed_reason": null,
        "dismissed_comment": null,
        "fixed_at": null,
        "auto_dismissed_at": null
    },
    {
        "number": 3,
        "state": "open",
        "dependency": {
            "package": {
                "ecosystem": "npm",
                "name": "axios"
            },
            "manifest_path": "docs/package-lock.json",
            "scope": "runtime"
        },
        "security_advisory": {
            "ghsa_id": "GHSA-wf5p-g6vw-rhxx",
            "cve_id": "CVE-2023-45857",
            "summary": "Axios Cross-Site Request Forgery Vulnerability",
            "description": "An issue discovered in Axios 0.8.1 through 1.5.1 inadvertently reveals the confidential XSRF-TOKEN stored in cookies by including it in the HTTP header X-XSRF-TOKEN for every request made to any host allowing attackers to view sensitive information.",
            "severity": "medium",
            "identifiers": [
                {
                    "value": "GHSA-wf5p-g6vw-rhxx",
                    "type": "GHSA"
                },
                {
                    "value": "CVE-2023-45857",
                    "type": "CVE"
                }
            ],
            "references": [
                {
                    "url": "https://nvd.nist.gov/vuln/detail/CVE-2023-45857"
                },
                {
                    "url": "https://github.com/axios/axios/issues/6006"
                },
                {
                    "url": "https://github.com/axios/axios/issues/6022"
                },
                {
                    "url": "https://github.com/axios/axios/pull/6028"
                },
                {
                    "url": "https://github.com/axios/axios/commit/96ee232bd3ee4de2e657333d4d2191cd389e14d0"
                },
                {
                    "url": "https://github.com/axios/axios/releases/tag/v1.6.0"
                },
                {
                    "url": "https://security.snyk.io/vuln/SNYK-JS-AXIOS-6032459"
                },
                {
                    "url": "https://github.com/axios/axios/pull/6091"
                },
                {
                    "url": "https://github.com/axios/axios/commit/2755df562b9c194fba6d8b609a383443f6a6e967"
                },
                {
                    "url": "https://github.com/axios/axios/releases/tag/v0.28.0"
                },
                {
                    "url": "https://github.com/advisories/GHSA-wf5p-g6vw-rhxx"
                }
            ],
            "published_at": "2023-11-08T21:30:37Z",
            "updated_at": "2024-02-20T20:02:28Z",
            "withdrawn_at": null,
            "vulnerabilities": [
                {
                    "package": {
                        "ecosystem": "npm",
                        "name": "axios"
                    },
                    "severity": "medium",
                    "vulnerable_version_range": ">= 1.0.0, < 1.6.0",
                    "first_patched_version": {
                        "identifier": "1.6.0"
                    }
                },
                {
                    "package": {
                        "ecosystem": "npm",
                        "name": "axios"
                    },
                    "severity": "medium",
                    "vulnerable_version_range": ">= 0.8.1, < 0.28.0",
                    "first_patched_version": {
                        "identifier": "0.28.0"
                    }
                }
            ],
            "cvss": {
                "vector_string": "CVSS:3.1/AV:N/AC:L/PR:N/UI:R/S:U/C:H/I:N/A:N",
                "score": 6.5
            },
            "cwes": [
                {
                    "cwe_id": "CWE-352",
                    "name": "Cross-Site Request Forgery (CSRF)"
                }
            ]
        },
        "security_vulnerability": {
            "package": {
                "ecosystem": "npm",
                "name": "axios"
            },
            "severity": "medium",
            "vulnerable_version_range": ">= 0.8.1, < 0.28.0",
            "first_patched_version": {
                "identifier": "0.28.0"
            }
        },
        "url": "https://api.github.com/repos/fcas/mindsdb/dependabot/alerts/3",
        "html_url": "https://github.com/fcas/mindsdb/security/dependabot/3",
        "created_at": "2024-05-24T01:34:08Z",
        "updated_at": "2024-05-24T01:34:08Z",
        "dismissed_at": null,
        "dismissed_by": null,
        "dismissed_reason": null,
        "dismissed_comment": null,
        "fixed_at": null,
        "auto_dismissed_at": null
    },
    {
        "number": 2,
        "state": "open",
        "dependency": {
            "package": {
                "ecosystem": "npm",
                "name": "lodash.pick"
            },
            "manifest_path": "docs/package-lock.json",
            "scope": "runtime"
        },
        "security_advisory": {
            "ghsa_id": "GHSA-p6mc-m468-83gw",
            "cve_id": "CVE-2020-8203",
            "summary": "Prototype Pollution in lodash",
            "description": "Versions of lodash prior to 4.17.19 are vulnerable to Prototype Pollution. The functions `pick`, `set`, `setWith`, `update`, `updateWith`, and `zipObjectDeep` allow a malicious user to modify the prototype of Object if the property identifiers are user-supplied. Being affected by this issue requires manipulating objects based on user-provided property values or arrays.\n\nThis vulnerability causes the addition or modification of an existing property that will exist on all objects and may lead to Denial of Service or Code Execution under specific circumstances.",
            "severity": "high",
            "identifiers": [
                {
                    "value": "GHSA-p6mc-m468-83gw",
                    "type": "GHSA"
                },
                {
                    "value": "CVE-2020-8203",
                    "type": "CVE"
                }
            ],
            "references": [
                {
                    "url": "https://github.com/lodash/lodash/issues/4744"
                },
                {
                    "url": "https://github.com/lodash/lodash/commit/c84fe82760fb2d3e03a63379b297a1cc1a2fce12"
                },
                {
                    "url": "https://nvd.nist.gov/vuln/detail/CVE-2020-8203"
                },
                {
                    "url": "https://hackerone.com/reports/712065"
                },
                {
                    "url": "https://github.com/lodash/lodash/issues/4874"
                },
                {
                    "url": "https://github.com/github/advisory-database/pull/2884"
                },
                {
                    "url": "https://hackerone.com/reports/864701"
                },
                {
                    "url": "https://github.com/lodash/lodash/wiki/Changelog#v41719"
                },
                {
                    "url": "https://web.archive.org/web/20210914001339/https://github.com/lodash/lodash/issues/4744"
                },
                {
                    "url": "https://security.netapp.com/advisory/ntap-20200724-0006/"
                },
                {
                    "url": "https://github.com/advisories/GHSA-p6mc-m468-83gw"
                }
            ],
            "published_at": "2020-07-15T19:15:48Z",
            "updated_at": "2024-01-26T15:32:50Z",
            "withdrawn_at": null,
            "vulnerabilities": [
                {
                    "package": {
                        "ecosystem": "npm",
                        "name": "lodash"
                    },
                    "severity": "high",
                    "vulnerable_version_range": ">= 3.7.0, < 4.17.19",
                    "first_patched_version": {
                        "identifier": "4.17.19"
                    }
                },
                {
                    "package": {
                        "ecosystem": "npm",
                        "name": "lodash-es"
                    },
                    "severity": "high",
                    "vulnerable_version_range": ">= 3.7.0, < 4.17.20",
                    "first_patched_version": {
                        "identifier": "4.17.20"
                    }
                },
                {
                    "package": {
                        "ecosystem": "npm",
                        "name": "lodash.pick"
                    },
                    "severity": "high",
                    "vulnerable_version_range": ">= 4.0.0, <= 4.4.0",
                    "first_patched_version": null
                },
                {
                    "package": {
                        "ecosystem": "npm",
                        "name": "lodash.set"
                    },
                    "severity": "high",
                    "vulnerable_version_range": ">= 3.7.0, <= 4.3.2",
                    "first_patched_version": null
                },
                {
                    "package": {
                        "ecosystem": "npm",
                        "name": "lodash.setwith"
                    },
                    "severity": "high",
                    "vulnerable_version_range": "<= 4.3.2",
                    "first_patched_version": null
                },
                {
                    "package": {
                        "ecosystem": "npm",
                        "name": "lodash.update"
                    },
                    "severity": "high",
                    "vulnerable_version_range": "<= 4.10.2",
                    "first_patched_version": null
                },
                {
                    "package": {
                        "ecosystem": "npm",
                        "name": "lodash.updatewith"
                    },
                    "severity": "high",
                    "vulnerable_version_range": "<= 4.10.2",
                    "first_patched_version": null
                }
            ],
            "cvss": {
                "vector_string": "CVSS:3.1/AV:N/AC:H/PR:N/UI:N/S:U/C:N/I:H/A:H",
                "score": 7.4
            },
            "cwes": [
                {
                    "cwe_id": "CWE-770",
                    "name": "Allocation of Resources Without Limits or Throttling"
                },
                {
                    "cwe_id": "CWE-1321",
                    "name": "Improperly Controlled Modification of Object Prototype Attributes ('Prototype Pollution')"
                }
            ]
        },
        "security_vulnerability": {
            "package": {
                "ecosystem": "npm",
                "name": "lodash.pick"
            },
            "severity": "high",
            "vulnerable_version_range": ">= 4.0.0, <= 4.4.0",
            "first_patched_version": null
        },
        "url": "https://api.github.com/repos/fcas/mindsdb/dependabot/alerts/2",
        "html_url": "https://github.com/fcas/mindsdb/security/dependabot/2",
        "created_at": "2024-05-24T01:34:07Z",
        "updated_at": "2024-05-24T01:34:07Z",
        "dismissed_at": null,
        "dismissed_by": null,
        "dismissed_reason": null,
        "dismissed_comment": null,
        "fixed_at": null,
        "auto_dismissed_at": null
    },
    {
        "number": 1,
        "state": "open",
        "dependency": {
            "package": {
                "ecosystem": "npm",
                "name": "nth-check"
            },
            "manifest_path": "docs/package-lock.json",
            "scope": "runtime"
        },
        "security_advisory": {
            "ghsa_id": "GHSA-rp65-9cf3-cjxr",
            "cve_id": "CVE-2021-3803",
            "summary": "Inefficient Regular Expression Complexity in nth-check",
            "description": "There is a Regular Expression Denial of Service (ReDoS) vulnerability in nth-check that causes a denial of service when parsing crafted invalid CSS nth-checks.\n\nThe ReDoS vulnerabilities of the regex are mainly due to the sub-pattern `\\s*(?:([+-]?)\\s*(\\d+))?` with quantified overlapping adjacency and can be exploited with the following code.\n\n**Proof of Concept**\n```js\n// PoC.js\nvar nthCheck = require(\"nth-check\")\nfor(var i = 1; i <= 50000; i++) {\n    var time = Date.now();\n    var attack_str = '2n' + ' '.repeat(i*10000)+\"!\";\n    try {\n        nthCheck.parse(attack_str) \n    }\n    catch(err) {\n        var time_cost = Date.now() - time;\n        console.log(\"attack_str.length: \" + attack_str.length + \": \" + time_cost+\" ms\")\n    }\n}\n```\n\n**The Output**\n```\nattack_str.length: 10003: 174 ms\nattack_str.length: 20003: 1427 ms\nattack_str.length: 30003: 2602 ms\nattack_str.length: 40003: 4378 ms\nattack_str.length: 50003: 7473 ms\n```",
            "severity": "high",
            "identifiers": [
                {
                    "value": "GHSA-rp65-9cf3-cjxr",
                    "type": "GHSA"
                },
                {
                    "value": "CVE-2021-3803",
                    "type": "CVE"
                }
            ],
            "references": [
                {
                    "url": "https://nvd.nist.gov/vuln/detail/CVE-2021-3803"
                },
                {
                    "url": "https://github.com/fb55/nth-check/commit/9894c1d2010870c351f66c6f6efcf656e26bb726"
                },
                {
                    "url": "https://huntr.dev/bounties/8cf8cc06-d2cf-4b4e-b42c-99fafb0b04d0"
                },
                {
                    "url": "https://lists.debian.org/debian-lts-announce/2023/05/msg00023.html"
                },
                {
                    "url": "https://github.com/advisories/GHSA-rp65-9cf3-cjxr"
                }
            ],
            "published_at": "2021-09-20T20:47:31Z",
            "updated_at": "2023-11-29T22:11:25Z",
            "withdrawn_at": null,
            "vulnerabilities": [
                {
                    "package": {
                        "ecosystem": "npm",
                        "name": "nth-check"
                    },
                    "severity": "high",
                    "vulnerable_version_range": "< 2.0.1",
                    "first_patched_version": {
                        "identifier": "2.0.1"
                    }
                }
            ],
            "cvss": {
                "vector_string": "CVSS:3.1/AV:N/AC:L/PR:N/UI:N/S:U/C:N/I:N/A:H",
                "score": 7.5
            },
            "cwes": [
                {
                    "cwe_id": "CWE-1333",
                    "name": "Inefficient Regular Expression Complexity"
                }
            ]
        },
        "security_vulnerability": {
            "package": {
                "ecosystem": "npm",
                "name": "nth-check"
            },
            "severity": "high",
            "vulnerable_version_range": "< 2.0.1",
            "first_patched_version": {
                "identifier": "2.0.1"
            }
        },
        "url": "https://api.github.com/repos/fcas/mindsdb/dependabot/alerts/1",
        "html_url": "https://github.com/fcas/mindsdb/security/dependabot/1",
        "created_at": "2024-05-24T01:34:07Z",
        "updated_at": "2024-05-24T01:34:07Z",
        "dismissed_at": null,
        "dismissed_by": null,
        "dismissed_reason": null,
        "dismissed_comment": null,
        "fixed_at": null,
        "auto_dismissed_at": null
    }
]