[
    {
        "number": 1,
        "created_at": "2024-05-19T01:31:36Z",
        "updated_at": "2024-05-19T01:31:37Z",
        "url": "https://api.github.com/repos/fcas/nalp/code-scanning/alerts/1",
        "html_url": "https://github.com/fcas/nalp/security/code-scanning/1",
        "state": "open",
        "fixed_at": null,
        "dismissed_by": null,
        "dismissed_at": null,
        "dismissed_reason": null,
        "dismissed_comment": null,
        "rule": {
            "id": "py/overly-large-range",
            "severity": "warning",
            "description": "Overly permissive regular expression range",
            "name": "py/overly-large-range",
            "tags": [
                "correctness",
                "external/cwe/cwe-020",
                "security"
            ],
            "security_severity_level": "medium"
        },
        "tool": {
            "name": "CodeQL",
            "guid": null,
            "version": "2.17.3"
        },
        "most_recent_instance": {
            "ref": "refs/heads/master",
            "analysis_key": ".github/workflows/codeql.yml:analyze",
            "environment": "{\"build-mode\":\"none\",\"language\":\"python\"}",
            "category": "/language:python",
            "state": "open",
            "commit_sha": "013da09e3fbe5d70fd7ba10e7f82ef5ce680a91d",
            "message": {
                "text": "Suspicious character range that overlaps with a-z in the same character class, and is equivalent to \\[A-Z\\\\[\\\\\\\\]^_`a-z\\]."
            },
            "location": {
                "path": "nalp/utils/preprocess.py",
                "start_line": 39,
                "end_line": 39,
                "start_column": 25,
                "end_column": 28
            },
            "classifications": []
        },
        "instances_url": "https://api.github.com/repos/fcas/nalp/code-scanning/alerts/1/instances"
    }
]