[
    {
        "number": 1,
        "state": "open",
        "dependency": {
            "package": {
                "ecosystem": "pip",
                "name": "flask"
            },
            "manifest_path": "requirements.txt",
            "scope": "runtime"
        },
        "security_advisory": {
            "ghsa_id": "GHSA-m2qf-hxjv-5gpq",
            "cve_id": "CVE-2023-30861",
            "summary": "Flask vulnerable to possible disclosure of permanent session cookie due to missing Vary: Cookie header",
            "description": "When all of the following conditions are met, a response containing data intended for one client may be cached and subsequently sent by a proxy to other clients. If the proxy also caches `Set-Cookie` headers, it may send one client's `session` cookie to other clients. The severity depends on the application's use of the session, and the proxy's behavior regarding cookies. The risk depends on _all_ these conditions being met.\n\n1. The application must be hosted behind a caching proxy that does not strip cookies or ignore responses with cookies.\n2. The application sets [`session.permanent = True`](https://flask.palletsprojects.com/en/2.3.x/api/#flask.session.permanent).\n2. The application does not access or modify the session at any point during a request.\n4. [`SESSION_REFRESH_EACH_REQUEST`](https://flask.palletsprojects.com/en/2.3.x/config/#SESSION_REFRESH_EACH_REQUEST) is enabled (the default).\n5. The application does not set a `Cache-Control` header to indicate that a page is private or should not be cached.\n\nThis happens because vulnerable versions of Flask only set the `Vary: Cookie` header when the session is accessed or modified, not when it is refreshed (re-sent to update the expiration) without being accessed or modified.",
            "severity": "high",
            "identifiers": [
                {
                    "value": "GHSA-m2qf-hxjv-5gpq",
                    "type": "GHSA"
                },
                {
                    "value": "CVE-2023-30861",
                    "type": "CVE"
                }
            ],
            "references": [
                {
                    "url": "https://github.com/pallets/flask/security/advisories/GHSA-m2qf-hxjv-5gpq"
                },
                {
                    "url": "https://github.com/pallets/flask/commit/70f906c51ce49c485f1d355703e9cc3386b1cc2b"
                },
                {
                    "url": "https://github.com/pallets/flask/releases/tag/2.3.2"
                },
                {
                    "url": "https://github.com/pallets/flask/commit/afd63b16170b7c047f5758eb910c416511e9c965"
                },
                {
                    "url": "https://nvd.nist.gov/vuln/detail/CVE-2023-30861"
                },
                {
                    "url": "https://github.com/pallets/flask/releases/tag/2.2.5"
                },
                {
                    "url": "https://github.com/pypa/advisory-database/tree/main/vulns/flask/PYSEC-2023-62.yaml"
                },
                {
                    "url": "https://www.debian.org/security/2023/dsa-5442"
                },
                {
                    "url": "https://security.netapp.com/advisory/ntap-20230818-0006/"
                },
                {
                    "url": "https://lists.debian.org/debian-lts-announce/2023/08/msg00024.html"
                },
                {
                    "url": "https://github.com/advisories/GHSA-m2qf-hxjv-5gpq"
                }
            ],
            "published_at": "2023-05-01T19:22:20Z",
            "updated_at": "2023-11-06T05:03:38Z",
            "withdrawn_at": null,
            "vulnerabilities": [
                {
                    "package": {
                        "ecosystem": "pip",
                        "name": "flask"
                    },
                    "severity": "high",
                    "vulnerable_version_range": ">= 2.3.0, < 2.3.2",
                    "first_patched_version": {
                        "identifier": "2.3.2"
                    }
                },
                {
                    "package": {
                        "ecosystem": "pip",
                        "name": "flask"
                    },
                    "severity": "high",
                    "vulnerable_version_range": "< 2.2.5",
                    "first_patched_version": {
                        "identifier": "2.2.5"
                    }
                }
            ],
            "cvss": {
                "vector_string": "CVSS:3.1/AV:N/AC:L/PR:N/UI:N/S:U/C:H/I:N/A:N",
                "score": 7.5
            },
            "cwes": [
                {
                    "cwe_id": "CWE-539",
                    "name": "Use of Persistent Cookies Containing Sensitive Information"
                }
            ]
        },
        "security_vulnerability": {
            "package": {
                "ecosystem": "pip",
                "name": "flask"
            },
            "severity": "high",
            "vulnerable_version_range": "< 2.2.5",
            "first_patched_version": {
                "identifier": "2.2.5"
            }
        },
        "url": "https://api.github.com/repos/fcas/Neuraxle/dependabot/alerts/1",
        "html_url": "https://github.com/fcas/Neuraxle/security/dependabot/1",
        "created_at": "2024-05-24T01:34:03Z",
        "updated_at": "2024-05-24T01:34:03Z",
        "dismissed_at": null,
        "dismissed_by": null,
        "dismissed_reason": null,
        "dismissed_comment": null,
        "fixed_at": null,
        "auto_dismissed_at": null
    }
]