[
    {
        "number": 6,
        "state": "open",
        "dependency": {
            "package": {
                "ecosystem": "pip",
                "name": "scikit-learn"
            },
            "manifest_path": "requirements.txt",
            "scope": "runtime"
        },
        "security_advisory": {
            "ghsa_id": "GHSA-jjw5-xxj6-pcv5",
            "cve_id": "CVE-2020-13092",
            "summary": "scikit-learn Deserialization of Untrusted Data",
            "description": "scikit-learn (aka sklearn) through 0.23.0 can unserialize and execute commands from an untrusted file that is passed to the `joblib.load()` function, if `__reduce__` makes an `os.system call`.\nNOTE: third parties dispute this issue because the joblib.load() function is documented as unsafe and it is the user's responsibility to use the function in a secure manner.",
            "severity": "critical",
            "identifiers": [
                {
                    "value": "GHSA-jjw5-xxj6-pcv5",
                    "type": "GHSA"
                },
                {
                    "value": "CVE-2020-13092",
                    "type": "CVE"
                }
            ],
            "references": [
                {
                    "url": "https://nvd.nist.gov/vuln/detail/CVE-2020-13092"
                },
                {
                    "url": "https://github.com/0FuzzingQ/vuln/blob/master/sklearn%20unserialize.md"
                },
                {
                    "url": "https://scikit-learn.org/stable/modules/model_persistence.html#security-maintainability-limitations"
                },
                {
                    "url": "https://github.com/advisories/GHSA-jjw5-xxj6-pcv5"
                }
            ],
            "published_at": "2022-05-24T17:17:59Z",
            "updated_at": "2024-04-22T22:55:45Z",
            "withdrawn_at": null,
            "vulnerabilities": [
                {
                    "package": {
                        "ecosystem": "pip",
                        "name": "scikit-learn"
                    },
                    "severity": "critical",
                    "vulnerable_version_range": "<= 0.23.0",
                    "first_patched_version": null
                }
            ],
            "cvss": {
                "vector_string": "CVSS:3.1/AV:N/AC:L/PR:N/UI:N/S:U/C:H/I:H/A:H",
                "score": 9.8
            },
            "cwes": [
                {
                    "cwe_id": "CWE-502",
                    "name": "Deserialization of Untrusted Data"
                }
            ]
        },
        "security_vulnerability": {
            "package": {
                "ecosystem": "pip",
                "name": "scikit-learn"
            },
            "severity": "critical",
            "vulnerable_version_range": "<= 0.23.0",
            "first_patched_version": null
        },
        "url": "https://api.github.com/repos/fcas/neural-networks-and-deep-learning/dependabot/alerts/6",
        "html_url": "https://github.com/fcas/neural-networks-and-deep-learning/security/dependabot/6",
        "created_at": "2024-05-24T01:33:57Z",
        "updated_at": "2024-05-24T01:33:57Z",
        "dismissed_at": null,
        "dismissed_by": null,
        "dismissed_reason": null,
        "dismissed_comment": null,
        "fixed_at": null,
        "auto_dismissed_at": null
    },
    {
        "number": 5,
        "state": "open",
        "dependency": {
            "package": {
                "ecosystem": "pip",
                "name": "numpy"
            },
            "manifest_path": "requirements.txt",
            "scope": "runtime"
        },
        "security_advisory": {
            "ghsa_id": "GHSA-9fq2-x9r6-wfmf",
            "cve_id": "CVE-2019-6446",
            "summary": "Numpy Deserialization of Untrusted Data",
            "description": "** DISPUTED **   An issue was discovered in NumPy 1.16.0 and earlier. It uses the pickle Python module unsafely, which allows remote attackers to execute arbitrary code via a crafted serialized object, as demonstrated by a numpy.load call. NOTE: third parties dispute this issue because it is  a behavior that might have legitimate applications in (for example)  loading serialized Python object arrays from trusted and authenticated  sources.",
            "severity": "critical",
            "identifiers": [
                {
                    "value": "GHSA-9fq2-x9r6-wfmf",
                    "type": "GHSA"
                },
                {
                    "value": "CVE-2019-6446",
                    "type": "CVE"
                }
            ],
            "references": [
                {
                    "url": "https://nvd.nist.gov/vuln/detail/CVE-2019-6446"
                },
                {
                    "url": "https://github.com/numpy/numpy/issues/12759"
                },
                {
                    "url": "https://bugzilla.suse.com/show_bug.cgi?id=1122208"
                },
                {
                    "url": "http://lists.opensuse.org/opensuse-security-announce/2019-09/msg00091.html"
                },
                {
                    "url": "http://lists.opensuse.org/opensuse-security-announce/2019-09/msg00092.html"
                },
                {
                    "url": "http://lists.opensuse.org/opensuse-security-announce/2019-10/msg00015.html"
                },
                {
                    "url": "https://github.com/numpy/numpy/pull/12889"
                },
                {
                    "url": "https://access.redhat.com/errata/RHSA-2019:3335"
                },
                {
                    "url": "https://access.redhat.com/errata/RHSA-2019:3704"
                },
                {
                    "url": "https://lists.fedoraproject.org/archives/list/package-announce%40lists.fedoraproject.org/message/7ZZAYIQNUUYXGMKHSPEEXS4TRYFOUYE4"
                },
                {
                    "url": "https://lists.fedoraproject.org/archives/list/package-announce@lists.fedoraproject.org/message/7ZZAYIQNUUYXGMKHSPEEXS4TRYFOUYE4"
                },
                {
                    "url": "https://web.archive.org/web/20210124234613/https://www.securityfocus.com/bid/106670"
                },
                {
                    "url": "http://www.securityfocus.com/bid/106670"
                },
                {
                    "url": "https://github.com/advisories/GHSA-9fq2-x9r6-wfmf"
                }
            ],
            "published_at": "2022-05-24T22:00:57Z",
            "updated_at": "2024-04-22T21:20:59Z",
            "withdrawn_at": null,
            "vulnerabilities": [
                {
                    "package": {
                        "ecosystem": "pip",
                        "name": "numpy"
                    },
                    "severity": "critical",
                    "vulnerable_version_range": "<= 1.16.0",
                    "first_patched_version": null
                }
            ],
            "cvss": {
                "vector_string": "CVSS:3.0/AV:N/AC:L/PR:N/UI:N/S:U/C:H/I:H/A:H",
                "score": 9.8
            },
            "cwes": [
                {
                    "cwe_id": "CWE-502",
                    "name": "Deserialization of Untrusted Data"
                }
            ]
        },
        "security_vulnerability": {
            "package": {
                "ecosystem": "pip",
                "name": "numpy"
            },
            "severity": "critical",
            "vulnerable_version_range": "<= 1.16.0",
            "first_patched_version": null
        },
        "url": "https://api.github.com/repos/fcas/neural-networks-and-deep-learning/dependabot/alerts/5",
        "html_url": "https://github.com/fcas/neural-networks-and-deep-learning/security/dependabot/5",
        "created_at": "2024-05-24T01:33:57Z",
        "updated_at": "2024-05-24T01:33:57Z",
        "dismissed_at": null,
        "dismissed_by": null,
        "dismissed_reason": null,
        "dismissed_comment": null,
        "fixed_at": null,
        "auto_dismissed_at": null
    },
    {
        "number": 4,
        "state": "open",
        "dependency": {
            "package": {
                "ecosystem": "pip",
                "name": "numpy"
            },
            "manifest_path": "requirements.txt",
            "scope": "runtime"
        },
        "security_advisory": {
            "ghsa_id": "GHSA-fpfv-jqm9-f5jm",
            "cve_id": "CVE-2021-34141",
            "summary": "Incorrect Comparison in NumPy",
            "description": "Incomplete string comparison in the numpy.core component in NumPy1.9.x, which allows attackers to fail the APIs via constructing specific string objects.",
            "severity": "medium",
            "identifiers": [
                {
                    "value": "GHSA-fpfv-jqm9-f5jm",
                    "type": "GHSA"
                },
                {
                    "value": "CVE-2021-34141",
                    "type": "CVE"
                }
            ],
            "references": [
                {
                    "url": "https://nvd.nist.gov/vuln/detail/CVE-2021-34141"
                },
                {
                    "url": "https://github.com/numpy/numpy/issues/18993"
                },
                {
                    "url": "https://www.oracle.com/security-alerts/cpujul2022.html"
                },
                {
                    "url": "https://github.com/numpy/numpy/issues/18993#issuecomment-1010735102"
                },
                {
                    "url": "https://github.com/advisories/GHSA-fpfv-jqm9-f5jm"
                },
                {
                    "url": "https://github.com/pypa/advisory-database/tree/main/vulns/numpy/PYSEC-2021-855.yaml"
                }
            ],
            "published_at": "2021-12-18T00:00:41Z",
            "updated_at": "2023-01-27T05:07:10Z",
            "withdrawn_at": null,
            "vulnerabilities": [
                {
                    "package": {
                        "ecosystem": "pip",
                        "name": "numpy"
                    },
                    "severity": "medium",
                    "vulnerable_version_range": "< 1.22",
                    "first_patched_version": {
                        "identifier": "1.22"
                    }
                }
            ],
            "cvss": {
                "vector_string": "CVSS:3.1/AV:N/AC:L/PR:N/UI:N/S:U/C:N/I:N/A:L",
                "score": 5.3
            },
            "cwes": [
                {
                    "cwe_id": "CWE-697",
                    "name": "Incorrect Comparison"
                }
            ]
        },
        "security_vulnerability": {
            "package": {
                "ecosystem": "pip",
                "name": "numpy"
            },
            "severity": "medium",
            "vulnerable_version_range": "< 1.22",
            "first_patched_version": {
                "identifier": "1.22"
            }
        },
        "url": "https://api.github.com/repos/fcas/neural-networks-and-deep-learning/dependabot/alerts/4",
        "html_url": "https://github.com/fcas/neural-networks-and-deep-learning/security/dependabot/4",
        "created_at": "2024-05-24T01:33:56Z",
        "updated_at": "2024-05-24T01:33:56Z",
        "dismissed_at": null,
        "dismissed_by": null,
        "dismissed_reason": null,
        "dismissed_comment": null,
        "fixed_at": null,
        "auto_dismissed_at": null
    },
    {
        "number": 3,
        "state": "open",
        "dependency": {
            "package": {
                "ecosystem": "pip",
                "name": "numpy"
            },
            "manifest_path": "requirements.txt",
            "scope": "runtime"
        },
        "security_advisory": {
            "ghsa_id": "GHSA-5545-2q6w-2gh6",
            "cve_id": "CVE-2021-41495",
            "summary": "NumPy NULL Pointer Dereference",
            "description": "Null Pointer Dereference vulnerability exists in numpy.sort in NumPy &lt and 1.19 in the PyArray_DescrNew function due to missing return-value validation, which allows attackers to conduct DoS attacks by repetitively creating sort arrays.",
            "severity": "high",
            "identifiers": [
                {
                    "value": "GHSA-5545-2q6w-2gh6",
                    "type": "GHSA"
                },
                {
                    "value": "CVE-2021-41495",
                    "type": "CVE"
                }
            ],
            "references": [
                {
                    "url": "https://nvd.nist.gov/vuln/detail/CVE-2021-41495"
                },
                {
                    "url": "https://github.com/numpy/numpy/issues/19038"
                },
                {
                    "url": "https://www.oracle.com/security-alerts/cpujul2022.html"
                },
                {
                    "url": "https://github.com/advisories/GHSA-5545-2q6w-2gh6"
                },
                {
                    "url": "https://github.com/pypa/advisory-database/tree/main/vulns/numpy/PYSEC-2021-856.yaml"
                }
            ],
            "published_at": "2022-02-08T00:00:56Z",
            "updated_at": "2023-01-29T05:01:55Z",
            "withdrawn_at": null,
            "vulnerabilities": [
                {
                    "package": {
                        "ecosystem": "pip",
                        "name": "numpy"
                    },
                    "severity": "high",
                    "vulnerable_version_range": "<= 1.18.5",
                    "first_patched_version": {
                        "identifier": "1.19"
                    }
                }
            ],
            "cvss": {
                "vector_string": "CVSS:3.1/AV:N/AC:L/PR:N/UI:N/S:U/C:N/I:N/A:H",
                "score": 7.5
            },
            "cwes": [
                {
                    "cwe_id": "CWE-476",
                    "name": "NULL Pointer Dereference"
                }
            ]
        },
        "security_vulnerability": {
            "package": {
                "ecosystem": "pip",
                "name": "numpy"
            },
            "severity": "high",
            "vulnerable_version_range": "<= 1.18.5",
            "first_patched_version": {
                "identifier": "1.19"
            }
        },
        "url": "https://api.github.com/repos/fcas/neural-networks-and-deep-learning/dependabot/alerts/3",
        "html_url": "https://github.com/fcas/neural-networks-and-deep-learning/security/dependabot/3",
        "created_at": "2024-05-24T01:33:56Z",
        "updated_at": "2024-05-24T01:33:56Z",
        "dismissed_at": null,
        "dismissed_by": null,
        "dismissed_reason": null,
        "dismissed_comment": null,
        "fixed_at": null,
        "auto_dismissed_at": null
    },
    {
        "number": 2,
        "state": "open",
        "dependency": {
            "package": {
                "ecosystem": "pip",
                "name": "numpy"
            },
            "manifest_path": "requirements.txt",
            "scope": "runtime"
        },
        "security_advisory": {
            "ghsa_id": "GHSA-f7c7-j99h-c22f",
            "cve_id": "CVE-2021-41496",
            "summary": "Buffer Copy without Checking Size of Input in NumPy",
            "description": "Buffer overflow in the array_from_pyobj function of fortranobject.c in NumPy < 1.19, which allows attackers to conduct a Denial of Service attacks by carefully constructing an array with negative values.",
            "severity": "medium",
            "identifiers": [
                {
                    "value": "GHSA-f7c7-j99h-c22f",
                    "type": "GHSA"
                },
                {
                    "value": "CVE-2021-41496",
                    "type": "CVE"
                }
            ],
            "references": [
                {
                    "url": "https://nvd.nist.gov/vuln/detail/CVE-2021-41496"
                },
                {
                    "url": "https://github.com/numpy/numpy/issues/19000"
                },
                {
                    "url": "https://www.oracle.com/security-alerts/cpujul2022.html"
                },
                {
                    "url": "https://github.com/advisories/GHSA-f7c7-j99h-c22f"
                }
            ],
            "published_at": "2022-02-08T00:00:56Z",
            "updated_at": "2023-01-27T05:02:20Z",
            "withdrawn_at": null,
            "vulnerabilities": [
                {
                    "package": {
                        "ecosystem": "pip",
                        "name": "numpy"
                    },
                    "severity": "medium",
                    "vulnerable_version_range": "<= 1.18.5",
                    "first_patched_version": {
                        "identifier": "1.19"
                    }
                }
            ],
            "cvss": {
                "vector_string": "CVSS:3.1/AV:L/AC:L/PR:L/UI:N/S:U/C:N/I:N/A:H",
                "score": 5.5
            },
            "cwes": [
                {
                    "cwe_id": "CWE-120",
                    "name": "Buffer Copy without Checking Size of Input ('Classic Buffer Overflow')"
                }
            ]
        },
        "security_vulnerability": {
            "package": {
                "ecosystem": "pip",
                "name": "numpy"
            },
            "severity": "medium",
            "vulnerable_version_range": "<= 1.18.5",
            "first_patched_version": {
                "identifier": "1.19"
            }
        },
        "url": "https://api.github.com/repos/fcas/neural-networks-and-deep-learning/dependabot/alerts/2",
        "html_url": "https://github.com/fcas/neural-networks-and-deep-learning/security/dependabot/2",
        "created_at": "2024-05-24T01:33:56Z",
        "updated_at": "2024-05-24T01:33:56Z",
        "dismissed_at": null,
        "dismissed_by": null,
        "dismissed_reason": null,
        "dismissed_comment": null,
        "fixed_at": null,
        "auto_dismissed_at": null
    },
    {
        "number": 1,
        "state": "open",
        "dependency": {
            "package": {
                "ecosystem": "pip",
                "name": "numpy"
            },
            "manifest_path": "requirements.txt",
            "scope": "runtime"
        },
        "security_advisory": {
            "ghsa_id": "GHSA-6p56-wp2h-9hxr",
            "cve_id": "CVE-2021-33430",
            "summary": "NumPy Buffer Overflow (Disputed)",
            "description": "A Buffer Overflow vulnerability exists in NumPy 1.9.x in the PyArray_NewFromDescr_int function of ctors.c when specifying arrays of large dimensions (over 32) from Python code, which could let a malicious user cause a Denial of Service.\n\nNOTE: The vendor does not agree this is a vulnerability; In (very limited) circumstances a user may be able provoke the buffer overflow, the user is most likely already privileged to at least provoke denial of service by exhausting memory. Triggering this further requires the use of uncommon API (complicated structured dtypes), which is very unlikely to be available to an unprivileged user.",
            "severity": "medium",
            "identifiers": [
                {
                    "value": "GHSA-6p56-wp2h-9hxr",
                    "type": "GHSA"
                },
                {
                    "value": "CVE-2021-33430",
                    "type": "CVE"
                }
            ],
            "references": [
                {
                    "url": "https://nvd.nist.gov/vuln/detail/CVE-2021-33430"
                },
                {
                    "url": "https://github.com/numpy/numpy/issues/18939"
                },
                {
                    "url": "https://github.com/numpy/numpy/commit/ae317fd9ff3e79c0eac357d723bfc29cbd625f2e"
                },
                {
                    "url": "https://github.com/advisories/GHSA-6p56-wp2h-9hxr"
                }
            ],
            "published_at": "2022-01-07T00:09:39Z",
            "updated_at": "2024-01-11T21:28:19Z",
            "withdrawn_at": null,
            "vulnerabilities": [
                {
                    "package": {
                        "ecosystem": "pip",
                        "name": "numpy"
                    },
                    "severity": "medium",
                    "vulnerable_version_range": ">= 1.9.0, < 1.21",
                    "first_patched_version": {
                        "identifier": "1.21"
                    }
                }
            ],
            "cvss": {
                "vector_string": "CVSS:3.1/AV:N/AC:H/PR:L/UI:N/S:U/C:N/I:N/A:H",
                "score": 5.3
            },
            "cwes": [
                {
                    "cwe_id": "CWE-120",
                    "name": "Buffer Copy without Checking Size of Input ('Classic Buffer Overflow')"
                }
            ]
        },
        "security_vulnerability": {
            "package": {
                "ecosystem": "pip",
                "name": "numpy"
            },
            "severity": "medium",
            "vulnerable_version_range": ">= 1.9.0, < 1.21",
            "first_patched_version": {
                "identifier": "1.21"
            }
        },
        "url": "https://api.github.com/repos/fcas/neural-networks-and-deep-learning/dependabot/alerts/1",
        "html_url": "https://github.com/fcas/neural-networks-and-deep-learning/security/dependabot/1",
        "created_at": "2024-05-24T01:33:56Z",
        "updated_at": "2024-05-24T01:33:56Z",
        "dismissed_at": null,
        "dismissed_by": null,
        "dismissed_reason": null,
        "dismissed_comment": null,
        "fixed_at": null,
        "auto_dismissed_at": null
    }
]