[
    {
        "number": 10,
        "state": "open",
        "dependency": {
            "package": {
                "ecosystem": "npm",
                "name": "ejs"
            },
            "manifest_path": "yarn.lock",
            "scope": "runtime"
        },
        "security_advisory": {
            "ghsa_id": "GHSA-ghr5-ch3p-vcr6",
            "cve_id": "CVE-2024-33883",
            "summary": "ejs lacks certain pollution protection",
            "description": "The ejs (aka Embedded JavaScript templates) package before 3.1.10 for Node.js lacks certain pollution protection.",
            "severity": "medium",
            "identifiers": [
                {
                    "value": "GHSA-ghr5-ch3p-vcr6",
                    "type": "GHSA"
                },
                {
                    "value": "CVE-2024-33883",
                    "type": "CVE"
                }
            ],
            "references": [
                {
                    "url": "https://nvd.nist.gov/vuln/detail/CVE-2024-33883"
                },
                {
                    "url": "https://github.com/mde/ejs/commit/e469741dca7df2eb400199e1cdb74621e3f89aa5"
                },
                {
                    "url": "https://github.com/mde/ejs/compare/v3.1.9...v3.1.10"
                },
                {
                    "url": "https://github.com/advisories/GHSA-ghr5-ch3p-vcr6"
                }
            ],
            "published_at": "2024-04-28T18:30:31Z",
            "updated_at": "2024-05-01T08:25:04Z",
            "withdrawn_at": null,
            "vulnerabilities": [
                {
                    "package": {
                        "ecosystem": "npm",
                        "name": "ejs"
                    },
                    "severity": "medium",
                    "vulnerable_version_range": "< 3.1.10",
                    "first_patched_version": {
                        "identifier": "3.1.10"
                    }
                }
            ],
            "cvss": {
                "vector_string": null,
                "score": 0.0
            },
            "cwes": [
                {
                    "cwe_id": "CWE-1321",
                    "name": "Improperly Controlled Modification of Object Prototype Attributes ('Prototype Pollution')"
                }
            ]
        },
        "security_vulnerability": {
            "package": {
                "ecosystem": "npm",
                "name": "ejs"
            },
            "severity": "medium",
            "vulnerable_version_range": "< 3.1.10",
            "first_patched_version": {
                "identifier": "3.1.10"
            }
        },
        "url": "https://api.github.com/repos/fcas/notebook/dependabot/alerts/10",
        "html_url": "https://github.com/fcas/notebook/security/dependabot/10",
        "created_at": "2024-05-16T23:35:12Z",
        "updated_at": "2024-05-16T23:35:12Z",
        "dismissed_at": null,
        "dismissed_by": null,
        "dismissed_reason": null,
        "dismissed_comment": null,
        "fixed_at": null,
        "auto_dismissed_at": null
    },
    {
        "number": 9,
        "state": "open",
        "dependency": {
            "package": {
                "ecosystem": "npm",
                "name": "tar"
            },
            "manifest_path": "yarn.lock",
            "scope": "runtime"
        },
        "security_advisory": {
            "ghsa_id": "GHSA-f5x3-32g6-xq36",
            "cve_id": "CVE-2024-28863",
            "summary": "Denial of service while parsing a tar file due to lack of folders count validation",
            "description": "## Description: \nDuring some analysis today on npm's `node-tar` package I came across the folder creation process, Basicly if you provide node-tar with a path like this `./a/b/c/foo.txt` it would create every folder and sub-folder here a, b and c until it reaches the last folder to create `foo.txt`, In-this case I noticed that there's no validation at all on the amount of folders being created, that said we're actually able to CPU and memory consume the system running node-tar and even crash the nodejs client within few seconds of running it using a path with too many sub-folders inside\n\n## Steps To Reproduce:\nYou can reproduce this issue by downloading the tar file I provided in the resources and using node-tar to extract it, you should get the same behavior as the video\n\n## Proof Of Concept:\nHere's a [video](https://hackerone-us-west-2-production-attachments.s3.us-west-2.amazonaws.com/3i7uojw8s52psar6pg8zkdo4h9io?response-content-disposition=attachment%3B%20filename%3D%22tar-dos-poc.webm%22%3B%20filename%2A%3DUTF-8%27%27tar-dos-poc.webm&response-content-type=video%2Fwebm&X-Amz-Algorithm=AWS4-HMAC-SHA256&X-Amz-Credential=ASIAQGK6FURQSWWGDXHA%2F20240312%2Fus-west-2%2Fs3%2Faws4_request&X-Amz-Date=20240312T080103Z&X-Amz-Expires=3600&X-Amz-Security-Token=IQoJb3JpZ2luX2VjEDcaCXVzLXdlc3QtMiJHMEUCID3xYDc6emXVPOg8iVR5dVk0u3gguTPIDJ0OIE%2BKxj17AiEAi%2BGiay1gGMWhH%2F031fvMYnSsa8U7CnpZpxvFAYqNRwgqsQUIQBADGgwwMTM2MTkyNzQ4NDkiDAaj6OgUL3gg4hhLLCqOBUUrOgWSqaK%2FmxN6nKRvB4Who3LIyzswFKm9LV94GiSVFP3zXYA480voCmAHTg7eBL7%2BrYgV2RtXbhF4aCFMCN3qu7GeXkIdH7xwVMi9zXHkekviSKZ%2FsZtVVjn7RFqOCKhJl%2FCoiLQJuDuju%2FtfdTGZbEbGsPgKHoILYbRp81K51zeRL21okjsOehmypkZzq%2BoGrXIX0ynPOKujxw27uqdF4T%2BF9ynodq01vGgwgVBEjHojc4OKOfr1oW5b%2FtGVV59%2BOBVI1hqIKHRG0Ed4SWmp%2BLd1hazGuZPvp52szmegnOj5qr3ubppnKL242bX%2FuAnQKzKK0HpwolqXjsuEeFeM85lxhqHV%2B1BJqaqSHHDa0HUMLZistMRshRlntuchcFQCR6HBa2c8PSnhpVC31zMzvYMfKsI12h4HB6l%2FudrmNrvmH4LmNpi4dZFcio21DzKj%2FRjWmxjH7l8egDyG%2FIgPMY6Ls4IiN7aR1jijYTrBCgPUUHets3BFvqLzHtPFnG3B7%2FYRPnhCLu%2FgzvKN3F8l38KqeTNMHJaxkuhCvEjpFB2SJbi2QZqZZbLj3xASqXoogzbsyPp0Tzp0tH7EKDhPA7H6wwiZukXfFhhlYzP8on9fO2Ajz%2F%2BTDkDjbfWw4KNJ0cFeDsGrUspqQZb5TAKlUge7iOZEc2TZ5uagatSy9Mg08E4nImBSE5QUHDc7Daya1gyqrETMDZBBUHH2RFkGA9qMpEtNrtJ9G%2BPedz%2FpPY1hh9OCp9Pg1BrX97l3SfVzlAMRfNibhywq6qnE35rVnZi%2BEQ1UgBjs9jD%2FQrW49%2FaD0oUDojVeuFFryzRnQxDbKtYgonRcItTvLT5Y0xaK9P0u6H1197%2FMk3XxmjD9%2Fb%2BvBjqxAQWWkKiIxpC1oHEWK9Jt8UdJ39xszDBGpBqjB6Tvt5ePAXSyX8np%2FrBi%2BAPx06O0%2Ba7pU4NmH800EVXxxhgfj9nMw3CeoUIdxorVKtU2Mxw%2FLaAiPgxPS4rqkt65NF7eQYfegcSYDTm2Z%2BHPbz9HfCaVZ28Zqeko6sR%2F29ML4bguqVvHAM4mWPLNDXH33mjG%2BuzLi8e1BF7tNveg2X9G%2FRdcMkojwKYbu6xN3M6aX2alQg%3D%3D&X-Amz-SignedHeaders=host&X-Amz-Signature=1e8235d885f1d61529b7d6b23ea3a0780c300c91d86e925dd8310d5b661ddbe2) show-casing the exploit: \n\n## Impact\n\nDenial of service by crashing the nodejs client when attempting to parse a tar archive, make it run out of heap memory and consuming server CPU and memory resources\n\n## Report resources\n[payload.txt](https://hackerone-us-west-2-production-attachments.s3.us-west-2.amazonaws.com/1e83ayb5dd3350fvj3gst0mqixwk?response-content-disposition=attachment%3B%20filename%3D%22payload.txt%22%3B%20filename%2A%3DUTF-8%27%27payload.txt&response-content-type=text%2Fplain&X-Amz-Algorithm=AWS4-HMAC-SHA256&X-Amz-Credential=ASIAQGK6FURQSWWGDXHA%2F20240312%2Fus-west-2%2Fs3%2Faws4_request&X-Amz-Date=20240312T080103Z&X-Amz-Expires=3600&X-Amz-Security-Token=IQoJb3JpZ2luX2VjEDcaCXVzLXdlc3QtMiJHMEUCID3xYDc6emXVPOg8iVR5dVk0u3gguTPIDJ0OIE%2BKxj17AiEAi%2BGiay1gGMWhH%2F031fvMYnSsa8U7CnpZpxvFAYqNRwgqsQUIQBADGgwwMTM2MTkyNzQ4NDkiDAaj6OgUL3gg4hhLLCqOBUUrOgWSqaK%2FmxN6nKRvB4Who3LIyzswFKm9LV94GiSVFP3zXYA480voCmAHTg7eBL7%2BrYgV2RtXbhF4aCFMCN3qu7GeXkIdH7xwVMi9zXHkekviSKZ%2FsZtVVjn7RFqOCKhJl%2FCoiLQJuDuju%2FtfdTGZbEbGsPgKHoILYbRp81K51zeRL21okjsOehmypkZzq%2BoGrXIX0ynPOKujxw27uqdF4T%2BF9ynodq01vGgwgVBEjHojc4OKOfr1oW5b%2FtGVV59%2BOBVI1hqIKHRG0Ed4SWmp%2BLd1hazGuZPvp52szmegnOj5qr3ubppnKL242bX%2FuAnQKzKK0HpwolqXjsuEeFeM85lxhqHV%2B1BJqaqSHHDa0HUMLZistMRshRlntuchcFQCR6HBa2c8PSnhpVC31zMzvYMfKsI12h4HB6l%2FudrmNrvmH4LmNpi4dZFcio21DzKj%2FRjWmxjH7l8egDyG%2FIgPMY6Ls4IiN7aR1jijYTrBCgPUUHets3BFvqLzHtPFnG3B7%2FYRPnhCLu%2FgzvKN3F8l38KqeTNMHJaxkuhCvEjpFB2SJbi2QZqZZbLj3xASqXoogzbsyPp0Tzp0tH7EKDhPA7H6wwiZukXfFhhlYzP8on9fO2Ajz%2F%2BTDkDjbfWw4KNJ0cFeDsGrUspqQZb5TAKlUge7iOZEc2TZ5uagatSy9Mg08E4nImBSE5QUHDc7Daya1gyqrETMDZBBUHH2RFkGA9qMpEtNrtJ9G%2BPedz%2FpPY1hh9OCp9Pg1BrX97l3SfVzlAMRfNibhywq6qnE35rVnZi%2BEQ1UgBjs9jD%2FQrW49%2FaD0oUDojVeuFFryzRnQxDbKtYgonRcItTvLT5Y0xaK9P0u6H1197%2FMk3XxmjD9%2Fb%2BvBjqxAQWWkKiIxpC1oHEWK9Jt8UdJ39xszDBGpBqjB6Tvt5ePAXSyX8np%2FrBi%2BAPx06O0%2Ba7pU4NmH800EVXxxhgfj9nMw3CeoUIdxorVKtU2Mxw%2FLaAiPgxPS4rqkt65NF7eQYfegcSYDTm2Z%2BHPbz9HfCaVZ28Zqeko6sR%2F29ML4bguqVvHAM4mWPLNDXH33mjG%2BuzLi8e1BF7tNveg2X9G%2FRdcMkojwKYbu6xN3M6aX2alQg%3D%3D&X-Amz-SignedHeaders=host&X-Amz-Signature=bad9fe731f05a63a950f99828125653a8c1254750fe0ca7be882e89ecdd449ae)\n[archeive.tar.gz](https://hackerone-us-west-2-production-attachments.s3.us-west-2.amazonaws.com/ymkuh4xnfdcf1soeyi7jc2x4yt2i?response-content-disposition=attachment%3B%20filename%3D%22archive.tar.gz%22%3B%20filename%2A%3DUTF-8%27%27archive.tar.gz&response-content-type=application%2Fx-tar&X-Amz-Algorithm=AWS4-HMAC-SHA256&X-Amz-Credential=ASIAQGK6FURQSWWGDXHA%2F20240312%2Fus-west-2%2Fs3%2Faws4_request&X-Amz-Date=20240312T080103Z&X-Amz-Expires=3600&X-Amz-Security-Token=IQoJb3JpZ2luX2VjEDcaCXVzLXdlc3QtMiJHMEUCID3xYDc6emXVPOg8iVR5dVk0u3gguTPIDJ0OIE%2BKxj17AiEAi%2BGiay1gGMWhH%2F031fvMYnSsa8U7CnpZpxvFAYqNRwgqsQUIQBADGgwwMTM2MTkyNzQ4NDkiDAaj6OgUL3gg4hhLLCqOBUUrOgWSqaK%2FmxN6nKRvB4Who3LIyzswFKm9LV94GiSVFP3zXYA480voCmAHTg7eBL7%2BrYgV2RtXbhF4aCFMCN3qu7GeXkIdH7xwVMi9zXHkekviSKZ%2FsZtVVjn7RFqOCKhJl%2FCoiLQJuDuju%2FtfdTGZbEbGsPgKHoILYbRp81K51zeRL21okjsOehmypkZzq%2BoGrXIX0ynPOKujxw27uqdF4T%2BF9ynodq01vGgwgVBEjHojc4OKOfr1oW5b%2FtGVV59%2BOBVI1hqIKHRG0Ed4SWmp%2BLd1hazGuZPvp52szmegnOj5qr3ubppnKL242bX%2FuAnQKzKK0HpwolqXjsuEeFeM85lxhqHV%2B1BJqaqSHHDa0HUMLZistMRshRlntuchcFQCR6HBa2c8PSnhpVC31zMzvYMfKsI12h4HB6l%2FudrmNrvmH4LmNpi4dZFcio21DzKj%2FRjWmxjH7l8egDyG%2FIgPMY6Ls4IiN7aR1jijYTrBCgPUUHets3BFvqLzHtPFnG3B7%2FYRPnhCLu%2FgzvKN3F8l38KqeTNMHJaxkuhCvEjpFB2SJbi2QZqZZbLj3xASqXoogzbsyPp0Tzp0tH7EKDhPA7H6wwiZukXfFhhlYzP8on9fO2Ajz%2F%2BTDkDjbfWw4KNJ0cFeDsGrUspqQZb5TAKlUge7iOZEc2TZ5uagatSy9Mg08E4nImBSE5QUHDc7Daya1gyqrETMDZBBUHH2RFkGA9qMpEtNrtJ9G%2BPedz%2FpPY1hh9OCp9Pg1BrX97l3SfVzlAMRfNibhywq6qnE35rVnZi%2BEQ1UgBjs9jD%2FQrW49%2FaD0oUDojVeuFFryzRnQxDbKtYgonRcItTvLT5Y0xaK9P0u6H1197%2FMk3XxmjD9%2Fb%2BvBjqxAQWWkKiIxpC1oHEWK9Jt8UdJ39xszDBGpBqjB6Tvt5ePAXSyX8np%2FrBi%2BAPx06O0%2Ba7pU4NmH800EVXxxhgfj9nMw3CeoUIdxorVKtU2Mxw%2FLaAiPgxPS4rqkt65NF7eQYfegcSYDTm2Z%2BHPbz9HfCaVZ28Zqeko6sR%2F29ML4bguqVvHAM4mWPLNDXH33mjG%2BuzLi8e1BF7tNveg2X9G%2FRdcMkojwKYbu6xN3M6aX2alQg%3D%3D&X-Amz-SignedHeaders=host&X-Amz-Signature=5e2c0d4b4de40373ac0fe91908c2659141a6dd4ab850271cc26042a3885c82ea)\n\n## Note\nThis report was originally reported to GitHub bug bounty program, they asked me to report it to you a month ago",
            "severity": "medium",
            "identifiers": [
                {
                    "value": "GHSA-f5x3-32g6-xq36",
                    "type": "GHSA"
                },
                {
                    "value": "CVE-2024-28863",
                    "type": "CVE"
                }
            ],
            "references": [
                {
                    "url": "https://github.com/isaacs/node-tar/security/advisories/GHSA-f5x3-32g6-xq36"
                },
                {
                    "url": "https://nvd.nist.gov/vuln/detail/CVE-2024-28863"
                },
                {
                    "url": "https://github.com/isaacs/node-tar/commit/fe8cd57da5686f8695415414bda49206a545f7f7"
                },
                {
                    "url": "https://github.com/advisories/GHSA-f5x3-32g6-xq36"
                }
            ],
            "published_at": "2024-03-22T16:57:05Z",
            "updated_at": "2024-04-09T19:02:32Z",
            "withdrawn_at": null,
            "vulnerabilities": [
                {
                    "package": {
                        "ecosystem": "npm",
                        "name": "node-tar"
                    },
                    "severity": "medium",
                    "vulnerable_version_range": "< 6.2.1",
                    "first_patched_version": {
                        "identifier": "6.2.1"
                    }
                },
                {
                    "package": {
                        "ecosystem": "npm",
                        "name": "tar"
                    },
                    "severity": "medium",
                    "vulnerable_version_range": "< 6.2.1",
                    "first_patched_version": {
                        "identifier": "6.2.1"
                    }
                }
            ],
            "cvss": {
                "vector_string": "CVSS:3.1/AV:N/AC:L/PR:N/UI:R/S:U/C:N/I:N/A:H",
                "score": 6.5
            },
            "cwes": [
                {
                    "cwe_id": "CWE-400",
                    "name": "Uncontrolled Resource Consumption"
                }
            ]
        },
        "security_vulnerability": {
            "package": {
                "ecosystem": "npm",
                "name": "tar"
            },
            "severity": "medium",
            "vulnerable_version_range": "< 6.2.1",
            "first_patched_version": {
                "identifier": "6.2.1"
            }
        },
        "url": "https://api.github.com/repos/fcas/notebook/dependabot/alerts/9",
        "html_url": "https://github.com/fcas/notebook/security/dependabot/9",
        "created_at": "2024-05-16T23:35:12Z",
        "updated_at": "2024-05-16T23:35:12Z",
        "dismissed_at": null,
        "dismissed_by": null,
        "dismissed_reason": null,
        "dismissed_comment": null,
        "fixed_at": null,
        "auto_dismissed_at": null
    },
    {
        "number": 8,
        "state": "open",
        "dependency": {
            "package": {
                "ecosystem": "npm",
                "name": "express"
            },
            "manifest_path": "yarn.lock",
            "scope": "runtime"
        },
        "security_advisory": {
            "ghsa_id": "GHSA-rv95-896h-c2vc",
            "cve_id": "CVE-2024-29041",
            "summary": "Express.js Open Redirect in malformed URLs",
            "description": "### Impact\n\nVersions of Express.js prior to 4.19.2 and pre-release alpha and beta versions before 5.0.0-beta.3 are affected by an open redirect vulnerability using malformed URLs.\n\nWhen a user of Express performs a redirect using a user-provided URL Express performs an encode [using `encodeurl`](https://github.com/pillarjs/encodeurl) on the contents before passing it to the `location` header. This can cause malformed URLs to be evaluated in unexpected ways by common redirect allow list implementations in Express applications, leading to an Open Redirect via bypass of a properly implemented allow list.\n\nThe main method impacted is `res.location()` but this is also called from within `res.redirect()`.\n\n### Patches\n\nhttps://github.com/expressjs/express/commit/0867302ddbde0e9463d0564fea5861feb708c2dd\nhttps://github.com/expressjs/express/commit/0b746953c4bd8e377123527db11f9cd866e39f94\n\nAn initial fix went out with `express@4.19.0`, we then patched a feature regression in `4.19.1` and added improved handling for the bypass in `4.19.2`.\n\n### Workarounds\n\nThe fix for this involves pre-parsing the url string with either `require('node:url').parse` or `new URL`. These are steps you can take on your own before passing the user input string to `res.location` or `res.redirect`.\n\n### References\n\nhttps://github.com/expressjs/express/pull/5539\nhttps://github.com/koajs/koa/issues/1800\nhttps://expressjs.com/en/4x/api.html#res.location",
            "severity": "medium",
            "identifiers": [
                {
                    "value": "GHSA-rv95-896h-c2vc",
                    "type": "GHSA"
                },
                {
                    "value": "CVE-2024-29041",
                    "type": "CVE"
                }
            ],
            "references": [
                {
                    "url": "https://github.com/expressjs/express/security/advisories/GHSA-rv95-896h-c2vc"
                },
                {
                    "url": "https://github.com/koajs/koa/issues/1800"
                },
                {
                    "url": "https://github.com/expressjs/express/pull/5539"
                },
                {
                    "url": "https://github.com/expressjs/express/commit/0867302ddbde0e9463d0564fea5861feb708c2dd"
                },
                {
                    "url": "https://github.com/expressjs/express/commit/0b746953c4bd8e377123527db11f9cd866e39f94"
                },
                {
                    "url": "https://expressjs.com/en/4x/api.html#res.location"
                },
                {
                    "url": "https://nvd.nist.gov/vuln/detail/CVE-2024-29041"
                },
                {
                    "url": "https://github.com/advisories/GHSA-rv95-896h-c2vc"
                }
            ],
            "published_at": "2024-03-25T19:40:26Z",
            "updated_at": "2024-03-27T21:47:29Z",
            "withdrawn_at": null,
            "vulnerabilities": [
                {
                    "package": {
                        "ecosystem": "npm",
                        "name": "express"
                    },
                    "severity": "medium",
                    "vulnerable_version_range": "< 4.19.2",
                    "first_patched_version": {
                        "identifier": "4.19.2"
                    }
                },
                {
                    "package": {
                        "ecosystem": "npm",
                        "name": "express"
                    },
                    "severity": "medium",
                    "vulnerable_version_range": ">= 5.0.0-alpha.1, < 5.0.0-beta.3",
                    "first_patched_version": {
                        "identifier": "5.0.0-beta.3"
                    }
                }
            ],
            "cvss": {
                "vector_string": "CVSS:3.1/AV:N/AC:L/PR:N/UI:R/S:C/C:L/I:L/A:N",
                "score": 6.1
            },
            "cwes": [
                {
                    "cwe_id": "CWE-601",
                    "name": "URL Redirection to Untrusted Site ('Open Redirect')"
                },
                {
                    "cwe_id": "CWE-1286",
                    "name": "Improper Validation of Syntactic Correctness of Input"
                }
            ]
        },
        "security_vulnerability": {
            "package": {
                "ecosystem": "npm",
                "name": "express"
            },
            "severity": "medium",
            "vulnerable_version_range": "< 4.19.2",
            "first_patched_version": {
                "identifier": "4.19.2"
            }
        },
        "url": "https://api.github.com/repos/fcas/notebook/dependabot/alerts/8",
        "html_url": "https://github.com/fcas/notebook/security/dependabot/8",
        "created_at": "2024-05-16T23:35:12Z",
        "updated_at": "2024-05-16T23:35:12Z",
        "dismissed_at": null,
        "dismissed_by": null,
        "dismissed_reason": null,
        "dismissed_comment": null,
        "fixed_at": null,
        "auto_dismissed_at": null
    },
    {
        "number": 7,
        "state": "open",
        "dependency": {
            "package": {
                "ecosystem": "npm",
                "name": "follow-redirects"
            },
            "manifest_path": "yarn.lock",
            "scope": "runtime"
        },
        "security_advisory": {
            "ghsa_id": "GHSA-cxjh-pqwp-8mfp",
            "cve_id": "CVE-2024-28849",
            "summary": "follow-redirects' Proxy-Authorization header kept across hosts",
            "description": "When using [axios](https://github.com/axios/axios), its dependency follow-redirects only clears authorization header during cross-domain redirect, but allows the proxy-authentication header which contains credentials too.\n\n## Steps To Reproduce & PoC\n\nTest code:\n\n```js\nconst axios = require('axios');\n\naxios.get('http://127.0.0.1:10081/', {\n headers: {\n 'AuThorization': 'Rear Test',\n 'ProXy-AuthoriZation': 'Rear Test',\n 'coOkie': 't=1'\n }\n})\n .then((response) => {\n console.log(response);\n })\n```\n\nWhen I meet the cross-domain redirect, the sensitive headers like authorization and cookie are cleared, but proxy-authentication header is kept.\n\n## Impact\n\nThis vulnerability may lead to credentials leak.\n\n## Recommendations\n\nRemove proxy-authentication header during cross-domain redirect\n\n### Recommended Patch\n\n[follow-redirects/index.js:464](https://github.com/follow-redirects/follow-redirects/commit/c4f847f85176991f95ab9c88af63b1294de8649b)\n\n```diff\n- removeMatchingHeaders(/^(?:authorization|cookie)$/i, this._options.headers);\n+ removeMatchingHeaders(/^(?:authorization|proxy-authorization|cookie)$/i, this._options.headers);\n```",
            "severity": "medium",
            "identifiers": [
                {
                    "value": "GHSA-cxjh-pqwp-8mfp",
                    "type": "GHSA"
                },
                {
                    "value": "CVE-2024-28849",
                    "type": "CVE"
                }
            ],
            "references": [
                {
                    "url": "https://github.com/follow-redirects/follow-redirects/security/advisories/GHSA-cxjh-pqwp-8mfp"
                },
                {
                    "url": "https://github.com/follow-redirects/follow-redirects/commit/c4f847f85176991f95ab9c88af63b1294de8649b"
                },
                {
                    "url": "https://fetch.spec.whatwg.org/#authentication-entries"
                },
                {
                    "url": "https://nvd.nist.gov/vuln/detail/CVE-2024-28849"
                },
                {
                    "url": "https://github.com/psf/requests/issues/1885"
                },
                {
                    "url": "https://hackerone.com/reports/2390009"
                },
                {
                    "url": "https://lists.fedoraproject.org/archives/list/package-announce@lists.fedoraproject.org/message/VOIF4EPQUCKDBEVTGRQDZ3CGTYQHPO7Z"
                },
                {
                    "url": "https://github.com/advisories/GHSA-cxjh-pqwp-8mfp"
                }
            ],
            "published_at": "2024-03-14T17:19:42Z",
            "updated_at": "2024-04-02T17:54:22Z",
            "withdrawn_at": null,
            "vulnerabilities": [
                {
                    "package": {
                        "ecosystem": "npm",
                        "name": "follow-redirects"
                    },
                    "severity": "medium",
                    "vulnerable_version_range": "<= 1.15.5",
                    "first_patched_version": {
                        "identifier": "1.15.6"
                    }
                }
            ],
            "cvss": {
                "vector_string": "CVSS:3.1/AV:N/AC:L/PR:L/UI:N/S:U/C:H/I:N/A:N",
                "score": 6.5
            },
            "cwes": [
                {
                    "cwe_id": "CWE-200",
                    "name": "Exposure of Sensitive Information to an Unauthorized Actor"
                }
            ]
        },
        "security_vulnerability": {
            "package": {
                "ecosystem": "npm",
                "name": "follow-redirects"
            },
            "severity": "medium",
            "vulnerable_version_range": "<= 1.15.5",
            "first_patched_version": {
                "identifier": "1.15.6"
            }
        },
        "url": "https://api.github.com/repos/fcas/notebook/dependabot/alerts/7",
        "html_url": "https://github.com/fcas/notebook/security/dependabot/7",
        "created_at": "2024-05-16T23:35:12Z",
        "updated_at": "2024-05-16T23:35:12Z",
        "dismissed_at": null,
        "dismissed_by": null,
        "dismissed_reason": null,
        "dismissed_comment": null,
        "fixed_at": null,
        "auto_dismissed_at": null
    },
    {
        "number": 6,
        "state": "open",
        "dependency": {
            "package": {
                "ecosystem": "npm",
                "name": "follow-redirects"
            },
            "manifest_path": "yarn.lock",
            "scope": "runtime"
        },
        "security_advisory": {
            "ghsa_id": "GHSA-jchw-25xp-jwwc",
            "cve_id": "CVE-2023-26159",
            "summary": "Follow Redirects improperly handles URLs in the url.parse() function",
            "description": "Versions of the package follow-redirects before 1.15.4 are vulnerable to Improper Input Validation due to the improper handling of URLs by the url.parse() function. When new URL() throws an error, it can be manipulated to misinterpret the hostname. An attacker could exploit this weakness to redirect traffic to a malicious site, potentially leading to information disclosure, phishing attacks, or other security breaches.",
            "severity": "medium",
            "identifiers": [
                {
                    "value": "GHSA-jchw-25xp-jwwc",
                    "type": "GHSA"
                },
                {
                    "value": "CVE-2023-26159",
                    "type": "CVE"
                }
            ],
            "references": [
                {
                    "url": "https://nvd.nist.gov/vuln/detail/CVE-2023-26159"
                },
                {
                    "url": "https://github.com/follow-redirects/follow-redirects/issues/235"
                },
                {
                    "url": "https://github.com/follow-redirects/follow-redirects/pull/236"
                },
                {
                    "url": "https://security.snyk.io/vuln/SNYK-JS-FOLLOWREDIRECTS-6141137"
                },
                {
                    "url": "https://github.com/follow-redirects/follow-redirects/commit/7a6567e16dfa9ad18a70bfe91784c28653fbf19d"
                },
                {
                    "url": "https://lists.fedoraproject.org/archives/list/package-announce@lists.fedoraproject.org/message/ZZ425BFKNBQ6AK7I5SAM56TWON5OF2XM/"
                },
                {
                    "url": "https://github.com/advisories/GHSA-jchw-25xp-jwwc"
                }
            ],
            "published_at": "2024-01-02T06:30:30Z",
            "updated_at": "2024-01-31T05:07:10Z",
            "withdrawn_at": null,
            "vulnerabilities": [
                {
                    "package": {
                        "ecosystem": "npm",
                        "name": "follow-redirects"
                    },
                    "severity": "medium",
                    "vulnerable_version_range": "< 1.15.4",
                    "first_patched_version": {
                        "identifier": "1.15.4"
                    }
                }
            ],
            "cvss": {
                "vector_string": "CVSS:3.1/AV:N/AC:L/PR:N/UI:R/S:C/C:L/I:L/A:N",
                "score": 6.1
            },
            "cwes": [
                {
                    "cwe_id": "CWE-20",
                    "name": "Improper Input Validation"
                },
                {
                    "cwe_id": "CWE-601",
                    "name": "URL Redirection to Untrusted Site ('Open Redirect')"
                }
            ]
        },
        "security_vulnerability": {
            "package": {
                "ecosystem": "npm",
                "name": "follow-redirects"
            },
            "severity": "medium",
            "vulnerable_version_range": "< 1.15.4",
            "first_patched_version": {
                "identifier": "1.15.4"
            }
        },
        "url": "https://api.github.com/repos/fcas/notebook/dependabot/alerts/6",
        "html_url": "https://github.com/fcas/notebook/security/dependabot/6",
        "created_at": "2024-05-16T23:35:12Z",
        "updated_at": "2024-05-16T23:35:12Z",
        "dismissed_at": null,
        "dismissed_by": null,
        "dismissed_reason": null,
        "dismissed_comment": null,
        "fixed_at": null,
        "auto_dismissed_at": null
    },
    {
        "number": 5,
        "state": "open",
        "dependency": {
            "package": {
                "ecosystem": "npm",
                "name": "semver"
            },
            "manifest_path": "yarn.lock",
            "scope": "runtime"
        },
        "security_advisory": {
            "ghsa_id": "GHSA-c2qf-rxjj-qqgw",
            "cve_id": "CVE-2022-25883",
            "summary": "semver vulnerable to Regular Expression Denial of Service",
            "description": "Versions of the package semver before 7.5.2 on the 7.x branch, before 6.3.1 on the 6.x branch, and all other versions before 5.7.2 are vulnerable to Regular Expression Denial of Service (ReDoS) via the function new Range, when untrusted user data is provided as a range.",
            "severity": "medium",
            "identifiers": [
                {
                    "value": "GHSA-c2qf-rxjj-qqgw",
                    "type": "GHSA"
                },
                {
                    "value": "CVE-2022-25883",
                    "type": "CVE"
                }
            ],
            "references": [
                {
                    "url": "https://nvd.nist.gov/vuln/detail/CVE-2022-25883"
                },
                {
                    "url": "https://github.com/npm/node-semver/pull/564"
                },
                {
                    "url": "https://github.com/npm/node-semver/commit/717534ee353682f3bcf33e60a8af4292626d4441"
                },
                {
                    "url": "https://security.snyk.io/vuln/SNYK-JS-SEMVER-3247795"
                },
                {
                    "url": "https://github.com/npm/node-semver/blob/main/classes/range.js#L97-L104"
                },
                {
                    "url": "https://github.com/npm/node-semver/blob/main/internal/re.js#L138"
                },
                {
                    "url": "https://github.com/npm/node-semver/blob/main/internal/re.js#L160"
                },
                {
                    "url": "https://github.com/npm/node-semver/pull/585"
                },
                {
                    "url": "https://github.com/npm/node-semver/commit/928e56d21150da0413a3333a3148b20e741a920c"
                },
                {
                    "url": "https://github.com/npm/node-semver/pull/593"
                },
                {
                    "url": "https://github.com/npm/node-semver/commit/2f8fd41487acf380194579ecb6f8b1bbfe116be0"
                },
                {
                    "url": "https://github.com/advisories/GHSA-c2qf-rxjj-qqgw"
                }
            ],
            "published_at": "2023-06-21T06:30:28Z",
            "updated_at": "2024-02-14T14:58:49Z",
            "withdrawn_at": null,
            "vulnerabilities": [
                {
                    "package": {
                        "ecosystem": "npm",
                        "name": "semver"
                    },
                    "severity": "medium",
                    "vulnerable_version_range": ">= 7.0.0, < 7.5.2",
                    "first_patched_version": {
                        "identifier": "7.5.2"
                    }
                },
                {
                    "package": {
                        "ecosystem": "npm",
                        "name": "semver"
                    },
                    "severity": "medium",
                    "vulnerable_version_range": ">= 6.0.0, < 6.3.1",
                    "first_patched_version": {
                        "identifier": "6.3.1"
                    }
                },
                {
                    "package": {
                        "ecosystem": "npm",
                        "name": "semver"
                    },
                    "severity": "medium",
                    "vulnerable_version_range": "< 5.7.2",
                    "first_patched_version": {
                        "identifier": "5.7.2"
                    }
                }
            ],
            "cvss": {
                "vector_string": "CVSS:3.1/AV:N/AC:L/PR:N/UI:N/S:U/C:N/I:N/A:L",
                "score": 5.3
            },
            "cwes": [
                {
                    "cwe_id": "CWE-1333",
                    "name": "Inefficient Regular Expression Complexity"
                }
            ]
        },
        "security_vulnerability": {
            "package": {
                "ecosystem": "npm",
                "name": "semver"
            },
            "severity": "medium",
            "vulnerable_version_range": ">= 7.0.0, < 7.5.2",
            "first_patched_version": {
                "identifier": "7.5.2"
            }
        },
        "url": "https://api.github.com/repos/fcas/notebook/dependabot/alerts/5",
        "html_url": "https://github.com/fcas/notebook/security/dependabot/5",
        "created_at": "2024-05-16T23:35:11Z",
        "updated_at": "2024-05-16T23:35:11Z",
        "dismissed_at": null,
        "dismissed_by": null,
        "dismissed_reason": null,
        "dismissed_comment": null,
        "fixed_at": null,
        "auto_dismissed_at": null
    },
    {
        "number": 4,
        "state": "open",
        "dependency": {
            "package": {
                "ecosystem": "npm",
                "name": "tough-cookie"
            },
            "manifest_path": "yarn.lock",
            "scope": "runtime"
        },
        "security_advisory": {
            "ghsa_id": "GHSA-72xf-g2v4-qvf3",
            "cve_id": "CVE-2023-26136",
            "summary": "tough-cookie Prototype Pollution vulnerability",
            "description": "Versions of the package tough-cookie before 4.1.3 are vulnerable to Prototype Pollution due to improper handling of Cookies when using CookieJar in `rejectPublicSuffixes=false` mode. This issue arises from the manner in which the objects are initialized.",
            "severity": "medium",
            "identifiers": [
                {
                    "value": "GHSA-72xf-g2v4-qvf3",
                    "type": "GHSA"
                },
                {
                    "value": "CVE-2023-26136",
                    "type": "CVE"
                }
            ],
            "references": [
                {
                    "url": "https://nvd.nist.gov/vuln/detail/CVE-2023-26136"
                },
                {
                    "url": "https://github.com/salesforce/tough-cookie/issues/282"
                },
                {
                    "url": "https://github.com/salesforce/tough-cookie/commit/12d474791bb856004e858fdb1c47b7608d09cf6e"
                },
                {
                    "url": "https://github.com/salesforce/tough-cookie/releases/tag/v4.1.3"
                },
                {
                    "url": "https://security.snyk.io/vuln/SNYK-JS-TOUGHCOOKIE-5672873"
                },
                {
                    "url": "https://lists.debian.org/debian-lts-announce/2023/07/msg00010.html"
                },
                {
                    "url": "https://lists.fedoraproject.org/archives/list/package-announce@lists.fedoraproject.org/message/3HUE6ZR5SL73KHL7XUPAOEL6SB7HUDT2"
                },
                {
                    "url": "https://lists.fedoraproject.org/archives/list/package-announce@lists.fedoraproject.org/message/6PVVPNSAGSDS63HQ74PJ7MZ3MU5IYNVZ"
                },
                {
                    "url": "https://github.com/advisories/GHSA-72xf-g2v4-qvf3"
                }
            ],
            "published_at": "2023-07-01T06:30:16Z",
            "updated_at": "2024-03-07T05:09:24Z",
            "withdrawn_at": null,
            "vulnerabilities": [
                {
                    "package": {
                        "ecosystem": "npm",
                        "name": "tough-cookie"
                    },
                    "severity": "medium",
                    "vulnerable_version_range": "< 4.1.3",
                    "first_patched_version": {
                        "identifier": "4.1.3"
                    }
                }
            ],
            "cvss": {
                "vector_string": "CVSS:3.1/AV:N/AC:L/PR:N/UI:N/S:U/C:L/I:L/A:N",
                "score": 6.5
            },
            "cwes": [
                {
                    "cwe_id": "CWE-1321",
                    "name": "Improperly Controlled Modification of Object Prototype Attributes ('Prototype Pollution')"
                }
            ]
        },
        "security_vulnerability": {
            "package": {
                "ecosystem": "npm",
                "name": "tough-cookie"
            },
            "severity": "medium",
            "vulnerable_version_range": "< 4.1.3",
            "first_patched_version": {
                "identifier": "4.1.3"
            }
        },
        "url": "https://api.github.com/repos/fcas/notebook/dependabot/alerts/4",
        "html_url": "https://github.com/fcas/notebook/security/dependabot/4",
        "created_at": "2024-05-16T23:35:11Z",
        "updated_at": "2024-05-16T23:35:11Z",
        "dismissed_at": null,
        "dismissed_by": null,
        "dismissed_reason": null,
        "dismissed_comment": null,
        "fixed_at": null,
        "auto_dismissed_at": null
    },
    {
        "number": 3,
        "state": "open",
        "dependency": {
            "package": {
                "ecosystem": "npm",
                "name": "request"
            },
            "manifest_path": "yarn.lock",
            "scope": "runtime"
        },
        "security_advisory": {
            "ghsa_id": "GHSA-p8p7-x288-28g6",
            "cve_id": "CVE-2023-28155",
            "summary": "Server-Side Request Forgery in Request",
            "description": "The `request` package through 2.88.2 for Node.js and the `@cypress/request` package prior to 3.0.0 allow a bypass of SSRF mitigations via an attacker-controller server that does a cross-protocol redirect (HTTP to HTTPS, or HTTPS to HTTP).\n\nNOTE: The `request` package is no longer supported by the maintainer.",
            "severity": "medium",
            "identifiers": [
                {
                    "value": "GHSA-p8p7-x288-28g6",
                    "type": "GHSA"
                },
                {
                    "value": "CVE-2023-28155",
                    "type": "CVE"
                }
            ],
            "references": [
                {
                    "url": "https://nvd.nist.gov/vuln/detail/CVE-2023-28155"
                },
                {
                    "url": "https://github.com/request/request/issues/3442"
                },
                {
                    "url": "https://github.com/request/request/pull/3444"
                },
                {
                    "url": "https://doyensec.com/resources/Doyensec_Advisory_RequestSSRF_Q12023.pdf"
                },
                {
                    "url": "https://github.com/github/advisory-database/pull/2500"
                },
                {
                    "url": "https://github.com/cypress-io/request/blob/master/lib/redirect.js#L116"
                },
                {
                    "url": "https://github.com/request/request/blob/master/lib/redirect.js#L111"
                },
                {
                    "url": "https://github.com/cypress-io/request/pull/28"
                },
                {
                    "url": "https://github.com/cypress-io/request/commit/c5bcf21d40fb61feaff21a0e5a2b3934a440024f"
                },
                {
                    "url": "https://github.com/cypress-io/request/releases/tag/v3.0.0"
                },
                {
                    "url": "https://security.netapp.com/advisory/ntap-20230413-0007"
                },
                {
                    "url": "https://github.com/advisories/GHSA-p8p7-x288-28g6"
                }
            ],
            "published_at": "2023-03-16T15:30:19Z",
            "updated_at": "2024-03-21T17:47:21Z",
            "withdrawn_at": null,
            "vulnerabilities": [
                {
                    "package": {
                        "ecosystem": "npm",
                        "name": "request"
                    },
                    "severity": "medium",
                    "vulnerable_version_range": "<= 2.88.2",
                    "first_patched_version": null
                },
                {
                    "package": {
                        "ecosystem": "npm",
                        "name": "@cypress/request"
                    },
                    "severity": "medium",
                    "vulnerable_version_range": "<= 2.88.12",
                    "first_patched_version": {
                        "identifier": "3.0.0"
                    }
                }
            ],
            "cvss": {
                "vector_string": "CVSS:3.1/AV:N/AC:L/PR:N/UI:R/S:C/C:L/I:L/A:N",
                "score": 6.1
            },
            "cwes": [
                {
                    "cwe_id": "CWE-918",
                    "name": "Server-Side Request Forgery (SSRF)"
                }
            ]
        },
        "security_vulnerability": {
            "package": {
                "ecosystem": "npm",
                "name": "request"
            },
            "severity": "medium",
            "vulnerable_version_range": "<= 2.88.2",
            "first_patched_version": null
        },
        "url": "https://api.github.com/repos/fcas/notebook/dependabot/alerts/3",
        "html_url": "https://github.com/fcas/notebook/security/dependabot/3",
        "created_at": "2024-05-16T23:35:11Z",
        "updated_at": "2024-05-16T23:35:11Z",
        "dismissed_at": null,
        "dismissed_by": null,
        "dismissed_reason": null,
        "dismissed_comment": null,
        "fixed_at": null,
        "auto_dismissed_at": null
    },
    {
        "number": 2,
        "state": "open",
        "dependency": {
            "package": {
                "ecosystem": "npm",
                "name": "merge"
            },
            "manifest_path": "yarn.lock",
            "scope": "runtime"
        },
        "security_advisory": {
            "ghsa_id": "GHSA-7wpw-2hjm-89gp",
            "cve_id": "CVE-2020-28499",
            "summary": "Prototype Pollution in merge",
            "description": "All versions of package merge <2.1.1 are vulnerable to Prototype Pollution via _recursiveMerge .",
            "severity": "high",
            "identifiers": [
                {
                    "value": "GHSA-7wpw-2hjm-89gp",
                    "type": "GHSA"
                },
                {
                    "value": "CVE-2020-28499",
                    "type": "CVE"
                }
            ],
            "references": [
                {
                    "url": "https://nvd.nist.gov/vuln/detail/CVE-2020-28499"
                },
                {
                    "url": "https://github.com/yeikos/js.merge/commit/7b0ddc2701d813f2ba289b32d6a4b9d4cc235fb4"
                },
                {
                    "url": "https://snyk.io/vuln/SNYK-JAVA-ORGWEBJARSNPM-1071049"
                },
                {
                    "url": "https://snyk.io/vuln/SNYK-JS-MERGE-1042987"
                },
                {
                    "url": "https://vuldb.com/?id.170146"
                },
                {
                    "url": "https://github.com/yeikos/js.merge/blob/56ca75b2dd0f2820f1e08a49f62f04bbfb8c5f8f/src/index.ts#L64"
                },
                {
                    "url": "https://github.com/yeikos/js.merge/blob/master/src/index.ts#L64"
                },
                {
                    "url": "https://github.com/advisories/GHSA-7wpw-2hjm-89gp"
                }
            ],
            "published_at": "2021-05-04T20:18:47Z",
            "updated_at": "2024-02-13T22:31:46Z",
            "withdrawn_at": null,
            "vulnerabilities": [
                {
                    "package": {
                        "ecosystem": "npm",
                        "name": "merge"
                    },
                    "severity": "high",
                    "vulnerable_version_range": "< 2.1.1",
                    "first_patched_version": {
                        "identifier": "2.1.1"
                    }
                }
            ],
            "cvss": {
                "vector_string": "CVSS:3.1/AV:N/AC:L/PR:N/UI:N/S:U/C:L/I:L/A:L",
                "score": 7.3
            },
            "cwes": [
                {
                    "cwe_id": "CWE-915",
                    "name": "Improperly Controlled Modification of Dynamically-Determined Object Attributes"
                }
            ]
        },
        "security_vulnerability": {
            "package": {
                "ecosystem": "npm",
                "name": "merge"
            },
            "severity": "high",
            "vulnerable_version_range": "< 2.1.1",
            "first_patched_version": {
                "identifier": "2.1.1"
            }
        },
        "url": "https://api.github.com/repos/fcas/notebook/dependabot/alerts/2",
        "html_url": "https://github.com/fcas/notebook/security/dependabot/2",
        "created_at": "2024-05-16T23:35:11Z",
        "updated_at": "2024-05-16T23:35:11Z",
        "dismissed_at": null,
        "dismissed_by": null,
        "dismissed_reason": null,
        "dismissed_comment": null,
        "fixed_at": null,
        "auto_dismissed_at": null
    },
    {
        "number": 1,
        "state": "open",
        "dependency": {
            "package": {
                "ecosystem": "npm",
                "name": "tar"
            },
            "manifest_path": "ui-tests/yarn.lock",
            "scope": "runtime"
        },
        "security_advisory": {
            "ghsa_id": "GHSA-f5x3-32g6-xq36",
            "cve_id": "CVE-2024-28863",
            "summary": "Denial of service while parsing a tar file due to lack of folders count validation",
            "description": "## Description: \nDuring some analysis today on npm's `node-tar` package I came across the folder creation process, Basicly if you provide node-tar with a path like this `./a/b/c/foo.txt` it would create every folder and sub-folder here a, b and c until it reaches the last folder to create `foo.txt`, In-this case I noticed that there's no validation at all on the amount of folders being created, that said we're actually able to CPU and memory consume the system running node-tar and even crash the nodejs client within few seconds of running it using a path with too many sub-folders inside\n\n## Steps To Reproduce:\nYou can reproduce this issue by downloading the tar file I provided in the resources and using node-tar to extract it, you should get the same behavior as the video\n\n## Proof Of Concept:\nHere's a [video](https://hackerone-us-west-2-production-attachments.s3.us-west-2.amazonaws.com/3i7uojw8s52psar6pg8zkdo4h9io?response-content-disposition=attachment%3B%20filename%3D%22tar-dos-poc.webm%22%3B%20filename%2A%3DUTF-8%27%27tar-dos-poc.webm&response-content-type=video%2Fwebm&X-Amz-Algorithm=AWS4-HMAC-SHA256&X-Amz-Credential=ASIAQGK6FURQSWWGDXHA%2F20240312%2Fus-west-2%2Fs3%2Faws4_request&X-Amz-Date=20240312T080103Z&X-Amz-Expires=3600&X-Amz-Security-Token=IQoJb3JpZ2luX2VjEDcaCXVzLXdlc3QtMiJHMEUCID3xYDc6emXVPOg8iVR5dVk0u3gguTPIDJ0OIE%2BKxj17AiEAi%2BGiay1gGMWhH%2F031fvMYnSsa8U7CnpZpxvFAYqNRwgqsQUIQBADGgwwMTM2MTkyNzQ4NDkiDAaj6OgUL3gg4hhLLCqOBUUrOgWSqaK%2FmxN6nKRvB4Who3LIyzswFKm9LV94GiSVFP3zXYA480voCmAHTg7eBL7%2BrYgV2RtXbhF4aCFMCN3qu7GeXkIdH7xwVMi9zXHkekviSKZ%2FsZtVVjn7RFqOCKhJl%2FCoiLQJuDuju%2FtfdTGZbEbGsPgKHoILYbRp81K51zeRL21okjsOehmypkZzq%2BoGrXIX0ynPOKujxw27uqdF4T%2BF9ynodq01vGgwgVBEjHojc4OKOfr1oW5b%2FtGVV59%2BOBVI1hqIKHRG0Ed4SWmp%2BLd1hazGuZPvp52szmegnOj5qr3ubppnKL242bX%2FuAnQKzKK0HpwolqXjsuEeFeM85lxhqHV%2B1BJqaqSHHDa0HUMLZistMRshRlntuchcFQCR6HBa2c8PSnhpVC31zMzvYMfKsI12h4HB6l%2FudrmNrvmH4LmNpi4dZFcio21DzKj%2FRjWmxjH7l8egDyG%2FIgPMY6Ls4IiN7aR1jijYTrBCgPUUHets3BFvqLzHtPFnG3B7%2FYRPnhCLu%2FgzvKN3F8l38KqeTNMHJaxkuhCvEjpFB2SJbi2QZqZZbLj3xASqXoogzbsyPp0Tzp0tH7EKDhPA7H6wwiZukXfFhhlYzP8on9fO2Ajz%2F%2BTDkDjbfWw4KNJ0cFeDsGrUspqQZb5TAKlUge7iOZEc2TZ5uagatSy9Mg08E4nImBSE5QUHDc7Daya1gyqrETMDZBBUHH2RFkGA9qMpEtNrtJ9G%2BPedz%2FpPY1hh9OCp9Pg1BrX97l3SfVzlAMRfNibhywq6qnE35rVnZi%2BEQ1UgBjs9jD%2FQrW49%2FaD0oUDojVeuFFryzRnQxDbKtYgonRcItTvLT5Y0xaK9P0u6H1197%2FMk3XxmjD9%2Fb%2BvBjqxAQWWkKiIxpC1oHEWK9Jt8UdJ39xszDBGpBqjB6Tvt5ePAXSyX8np%2FrBi%2BAPx06O0%2Ba7pU4NmH800EVXxxhgfj9nMw3CeoUIdxorVKtU2Mxw%2FLaAiPgxPS4rqkt65NF7eQYfegcSYDTm2Z%2BHPbz9HfCaVZ28Zqeko6sR%2F29ML4bguqVvHAM4mWPLNDXH33mjG%2BuzLi8e1BF7tNveg2X9G%2FRdcMkojwKYbu6xN3M6aX2alQg%3D%3D&X-Amz-SignedHeaders=host&X-Amz-Signature=1e8235d885f1d61529b7d6b23ea3a0780c300c91d86e925dd8310d5b661ddbe2) show-casing the exploit: \n\n## Impact\n\nDenial of service by crashing the nodejs client when attempting to parse a tar archive, make it run out of heap memory and consuming server CPU and memory resources\n\n## Report resources\n[payload.txt](https://hackerone-us-west-2-production-attachments.s3.us-west-2.amazonaws.com/1e83ayb5dd3350fvj3gst0mqixwk?response-content-disposition=attachment%3B%20filename%3D%22payload.txt%22%3B%20filename%2A%3DUTF-8%27%27payload.txt&response-content-type=text%2Fplain&X-Amz-Algorithm=AWS4-HMAC-SHA256&X-Amz-Credential=ASIAQGK6FURQSWWGDXHA%2F20240312%2Fus-west-2%2Fs3%2Faws4_request&X-Amz-Date=20240312T080103Z&X-Amz-Expires=3600&X-Amz-Security-Token=IQoJb3JpZ2luX2VjEDcaCXVzLXdlc3QtMiJHMEUCID3xYDc6emXVPOg8iVR5dVk0u3gguTPIDJ0OIE%2BKxj17AiEAi%2BGiay1gGMWhH%2F031fvMYnSsa8U7CnpZpxvFAYqNRwgqsQUIQBADGgwwMTM2MTkyNzQ4NDkiDAaj6OgUL3gg4hhLLCqOBUUrOgWSqaK%2FmxN6nKRvB4Who3LIyzswFKm9LV94GiSVFP3zXYA480voCmAHTg7eBL7%2BrYgV2RtXbhF4aCFMCN3qu7GeXkIdH7xwVMi9zXHkekviSKZ%2FsZtVVjn7RFqOCKhJl%2FCoiLQJuDuju%2FtfdTGZbEbGsPgKHoILYbRp81K51zeRL21okjsOehmypkZzq%2BoGrXIX0ynPOKujxw27uqdF4T%2BF9ynodq01vGgwgVBEjHojc4OKOfr1oW5b%2FtGVV59%2BOBVI1hqIKHRG0Ed4SWmp%2BLd1hazGuZPvp52szmegnOj5qr3ubppnKL242bX%2FuAnQKzKK0HpwolqXjsuEeFeM85lxhqHV%2B1BJqaqSHHDa0HUMLZistMRshRlntuchcFQCR6HBa2c8PSnhpVC31zMzvYMfKsI12h4HB6l%2FudrmNrvmH4LmNpi4dZFcio21DzKj%2FRjWmxjH7l8egDyG%2FIgPMY6Ls4IiN7aR1jijYTrBCgPUUHets3BFvqLzHtPFnG3B7%2FYRPnhCLu%2FgzvKN3F8l38KqeTNMHJaxkuhCvEjpFB2SJbi2QZqZZbLj3xASqXoogzbsyPp0Tzp0tH7EKDhPA7H6wwiZukXfFhhlYzP8on9fO2Ajz%2F%2BTDkDjbfWw4KNJ0cFeDsGrUspqQZb5TAKlUge7iOZEc2TZ5uagatSy9Mg08E4nImBSE5QUHDc7Daya1gyqrETMDZBBUHH2RFkGA9qMpEtNrtJ9G%2BPedz%2FpPY1hh9OCp9Pg1BrX97l3SfVzlAMRfNibhywq6qnE35rVnZi%2BEQ1UgBjs9jD%2FQrW49%2FaD0oUDojVeuFFryzRnQxDbKtYgonRcItTvLT5Y0xaK9P0u6H1197%2FMk3XxmjD9%2Fb%2BvBjqxAQWWkKiIxpC1oHEWK9Jt8UdJ39xszDBGpBqjB6Tvt5ePAXSyX8np%2FrBi%2BAPx06O0%2Ba7pU4NmH800EVXxxhgfj9nMw3CeoUIdxorVKtU2Mxw%2FLaAiPgxPS4rqkt65NF7eQYfegcSYDTm2Z%2BHPbz9HfCaVZ28Zqeko6sR%2F29ML4bguqVvHAM4mWPLNDXH33mjG%2BuzLi8e1BF7tNveg2X9G%2FRdcMkojwKYbu6xN3M6aX2alQg%3D%3D&X-Amz-SignedHeaders=host&X-Amz-Signature=bad9fe731f05a63a950f99828125653a8c1254750fe0ca7be882e89ecdd449ae)\n[archeive.tar.gz](https://hackerone-us-west-2-production-attachments.s3.us-west-2.amazonaws.com/ymkuh4xnfdcf1soeyi7jc2x4yt2i?response-content-disposition=attachment%3B%20filename%3D%22archive.tar.gz%22%3B%20filename%2A%3DUTF-8%27%27archive.tar.gz&response-content-type=application%2Fx-tar&X-Amz-Algorithm=AWS4-HMAC-SHA256&X-Amz-Credential=ASIAQGK6FURQSWWGDXHA%2F20240312%2Fus-west-2%2Fs3%2Faws4_request&X-Amz-Date=20240312T080103Z&X-Amz-Expires=3600&X-Amz-Security-Token=IQoJb3JpZ2luX2VjEDcaCXVzLXdlc3QtMiJHMEUCID3xYDc6emXVPOg8iVR5dVk0u3gguTPIDJ0OIE%2BKxj17AiEAi%2BGiay1gGMWhH%2F031fvMYnSsa8U7CnpZpxvFAYqNRwgqsQUIQBADGgwwMTM2MTkyNzQ4NDkiDAaj6OgUL3gg4hhLLCqOBUUrOgWSqaK%2FmxN6nKRvB4Who3LIyzswFKm9LV94GiSVFP3zXYA480voCmAHTg7eBL7%2BrYgV2RtXbhF4aCFMCN3qu7GeXkIdH7xwVMi9zXHkekviSKZ%2FsZtVVjn7RFqOCKhJl%2FCoiLQJuDuju%2FtfdTGZbEbGsPgKHoILYbRp81K51zeRL21okjsOehmypkZzq%2BoGrXIX0ynPOKujxw27uqdF4T%2BF9ynodq01vGgwgVBEjHojc4OKOfr1oW5b%2FtGVV59%2BOBVI1hqIKHRG0Ed4SWmp%2BLd1hazGuZPvp52szmegnOj5qr3ubppnKL242bX%2FuAnQKzKK0HpwolqXjsuEeFeM85lxhqHV%2B1BJqaqSHHDa0HUMLZistMRshRlntuchcFQCR6HBa2c8PSnhpVC31zMzvYMfKsI12h4HB6l%2FudrmNrvmH4LmNpi4dZFcio21DzKj%2FRjWmxjH7l8egDyG%2FIgPMY6Ls4IiN7aR1jijYTrBCgPUUHets3BFvqLzHtPFnG3B7%2FYRPnhCLu%2FgzvKN3F8l38KqeTNMHJaxkuhCvEjpFB2SJbi2QZqZZbLj3xASqXoogzbsyPp0Tzp0tH7EKDhPA7H6wwiZukXfFhhlYzP8on9fO2Ajz%2F%2BTDkDjbfWw4KNJ0cFeDsGrUspqQZb5TAKlUge7iOZEc2TZ5uagatSy9Mg08E4nImBSE5QUHDc7Daya1gyqrETMDZBBUHH2RFkGA9qMpEtNrtJ9G%2BPedz%2FpPY1hh9OCp9Pg1BrX97l3SfVzlAMRfNibhywq6qnE35rVnZi%2BEQ1UgBjs9jD%2FQrW49%2FaD0oUDojVeuFFryzRnQxDbKtYgonRcItTvLT5Y0xaK9P0u6H1197%2FMk3XxmjD9%2Fb%2BvBjqxAQWWkKiIxpC1oHEWK9Jt8UdJ39xszDBGpBqjB6Tvt5ePAXSyX8np%2FrBi%2BAPx06O0%2Ba7pU4NmH800EVXxxhgfj9nMw3CeoUIdxorVKtU2Mxw%2FLaAiPgxPS4rqkt65NF7eQYfegcSYDTm2Z%2BHPbz9HfCaVZ28Zqeko6sR%2F29ML4bguqVvHAM4mWPLNDXH33mjG%2BuzLi8e1BF7tNveg2X9G%2FRdcMkojwKYbu6xN3M6aX2alQg%3D%3D&X-Amz-SignedHeaders=host&X-Amz-Signature=5e2c0d4b4de40373ac0fe91908c2659141a6dd4ab850271cc26042a3885c82ea)\n\n## Note\nThis report was originally reported to GitHub bug bounty program, they asked me to report it to you a month ago",
            "severity": "medium",
            "identifiers": [
                {
                    "value": "GHSA-f5x3-32g6-xq36",
                    "type": "GHSA"
                },
                {
                    "value": "CVE-2024-28863",
                    "type": "CVE"
                }
            ],
            "references": [
                {
                    "url": "https://github.com/isaacs/node-tar/security/advisories/GHSA-f5x3-32g6-xq36"
                },
                {
                    "url": "https://nvd.nist.gov/vuln/detail/CVE-2024-28863"
                },
                {
                    "url": "https://github.com/isaacs/node-tar/commit/fe8cd57da5686f8695415414bda49206a545f7f7"
                },
                {
                    "url": "https://github.com/advisories/GHSA-f5x3-32g6-xq36"
                }
            ],
            "published_at": "2024-03-22T16:57:05Z",
            "updated_at": "2024-04-09T19:02:32Z",
            "withdrawn_at": null,
            "vulnerabilities": [
                {
                    "package": {
                        "ecosystem": "npm",
                        "name": "node-tar"
                    },
                    "severity": "medium",
                    "vulnerable_version_range": "< 6.2.1",
                    "first_patched_version": {
                        "identifier": "6.2.1"
                    }
                },
                {
                    "package": {
                        "ecosystem": "npm",
                        "name": "tar"
                    },
                    "severity": "medium",
                    "vulnerable_version_range": "< 6.2.1",
                    "first_patched_version": {
                        "identifier": "6.2.1"
                    }
                }
            ],
            "cvss": {
                "vector_string": "CVSS:3.1/AV:N/AC:L/PR:N/UI:R/S:U/C:N/I:N/A:H",
                "score": 6.5
            },
            "cwes": [
                {
                    "cwe_id": "CWE-400",
                    "name": "Uncontrolled Resource Consumption"
                }
            ]
        },
        "security_vulnerability": {
            "package": {
                "ecosystem": "npm",
                "name": "tar"
            },
            "severity": "medium",
            "vulnerable_version_range": "< 6.2.1",
            "first_patched_version": {
                "identifier": "6.2.1"
            }
        },
        "url": "https://api.github.com/repos/fcas/notebook/dependabot/alerts/1",
        "html_url": "https://github.com/fcas/notebook/security/dependabot/1",
        "created_at": "2024-05-16T23:35:11Z",
        "updated_at": "2024-05-16T23:35:11Z",
        "dismissed_at": null,
        "dismissed_by": null,
        "dismissed_reason": null,
        "dismissed_comment": null,
        "fixed_at": null,
        "auto_dismissed_at": null
    }
]