[
    {
        "number": 2,
        "created_at": "2024-05-17T20:25:49Z",
        "updated_at": "2024-05-17T20:25:50Z",
        "url": "https://api.github.com/repos/fcas/numpy/code-scanning/alerts/2",
        "html_url": "https://github.com/fcas/numpy/security/code-scanning/2",
        "state": "open",
        "fixed_at": null,
        "dismissed_by": null,
        "dismissed_at": null,
        "dismissed_reason": null,
        "dismissed_comment": null,
        "rule": {
            "id": "py/redos",
            "severity": "error",
            "description": "Inefficient regular expression",
            "name": "py/redos",
            "tags": [
                "external/cwe/cwe-1333",
                "external/cwe/cwe-400",
                "external/cwe/cwe-730",
                "security"
            ],
            "security_severity_level": "high"
        },
        "tool": {
            "name": "CodeQL",
            "guid": null,
            "version": "2.17.3"
        },
        "most_recent_instance": {
            "ref": "refs/heads/main",
            "analysis_key": ".github/workflows/codeql.yml:analyze",
            "environment": "{\"build-mode\":\"none\",\"language\":\"python\"}",
            "category": "/language:python",
            "state": "open",
            "commit_sha": "4a912b7aff170070a85a7da52b58d0787d7b0334",
            "message": {
                "text": "This part of the regular expression may cause exponential backtracking on strings containing many repetitions of '@)@bind@(@'."
            },
            "location": {
                "path": "numpy/f2py/crackfortran.py",
                "start_line": 938,
                "end_line": 938,
                "start_column": 147,
                "end_column": 161
            },
            "classifications": []
        },
        "instances_url": "https://api.github.com/repos/fcas/numpy/code-scanning/alerts/2/instances"
    },
    {
        "number": 1,
        "created_at": "2024-05-17T20:25:49Z",
        "updated_at": "2024-05-17T20:25:50Z",
        "url": "https://api.github.com/repos/fcas/numpy/code-scanning/alerts/1",
        "html_url": "https://github.com/fcas/numpy/security/code-scanning/1",
        "state": "open",
        "fixed_at": null,
        "dismissed_by": null,
        "dismissed_at": null,
        "dismissed_reason": null,
        "dismissed_comment": null,
        "rule": {
            "id": "py/overly-large-range",
            "severity": "warning",
            "description": "Overly permissive regular expression range",
            "name": "py/overly-large-range",
            "tags": [
                "correctness",
                "external/cwe/cwe-020",
                "security"
            ],
            "security_severity_level": "medium"
        },
        "tool": {
            "name": "CodeQL",
            "guid": null,
            "version": "2.17.3"
        },
        "most_recent_instance": {
            "ref": "refs/heads/main",
            "analysis_key": ".github/workflows/codeql.yml:analyze",
            "environment": "{\"build-mode\":\"none\",\"language\":\"python\"}",
            "category": "/language:python",
            "state": "open",
            "commit_sha": "4a912b7aff170070a85a7da52b58d0787d7b0334",
            "message": {
                "text": "Suspicious character range that is equivalent to \\[\\u000b\\u000c\\r\\u000e\\u000f\\u0010\\u0011\\u0012\\u001...."
            },
            "location": {
                "path": "tools/refguide_check.py",
                "start_line": 590,
                "end_line": 590,
                "start_column": 29,
                "end_column": 32
            },
            "classifications": []
        },
        "instances_url": "https://api.github.com/repos/fcas/numpy/code-scanning/alerts/1/instances"
    }
]