[
    {
        "number": 1,
        "created_at": "2024-05-19T01:24:40Z",
        "updated_at": "2024-05-19T01:24:41Z",
        "url": "https://api.github.com/repos/fcas/nut/code-scanning/alerts/1",
        "html_url": "https://github.com/fcas/nut/security/code-scanning/1",
        "state": "open",
        "fixed_at": null,
        "dismissed_by": null,
        "dismissed_at": null,
        "dismissed_reason": null,
        "dismissed_comment": null,
        "rule": {
            "id": "py/insecure-temporary-file",
            "severity": "error",
            "description": "Insecure temporary file",
            "name": "py/insecure-temporary-file",
            "tags": [
                "external/cwe/cwe-377",
                "security"
            ],
            "security_severity_level": "high"
        },
        "tool": {
            "name": "CodeQL",
            "guid": null,
            "version": "2.17.3"
        },
        "most_recent_instance": {
            "ref": "refs/heads/master",
            "analysis_key": ".github/workflows/codeql.yml:analyze",
            "environment": "{\"build-mode\":\"none\",\"language\":\"python\"}",
            "category": "/language:python",
            "state": "open",
            "commit_sha": "7647c48bc930c5a0a12dfb06b65ee580b9ff3cfc",
            "message": {
                "text": "Call to deprecated function tempfile.mktemp may be insecure."
            },
            "location": {
                "path": "nut/externals/joblib/test/test_hashing.py",
                "start_line": 90,
                "end_line": 90,
                "start_column": 16,
                "end_column": 33
            },
            "classifications": [
                "test"
            ]
        },
        "instances_url": "https://api.github.com/repos/fcas/nut/code-scanning/alerts/1/instances"
    }
]