[
    {
        "number": 3,
        "state": "open",
        "dependency": {
            "package": {
                "ecosystem": "npm",
                "name": "node-sass"
            },
            "manifest_path": "package.json",
            "scope": "development"
        },
        "security_advisory": {
            "ghsa_id": "GHSA-r8f7-9pfq-mjmv",
            "cve_id": "CVE-2020-24025",
            "summary": "Improper Certificate Validation in node-sass",
            "description": "Certificate validation in node-sass 2.0.0 to 6.0.1 is disabled when requesting binaries even if the user is not specifying an alternative download path.",
            "severity": "medium",
            "identifiers": [
                {
                    "value": "GHSA-r8f7-9pfq-mjmv",
                    "type": "GHSA"
                },
                {
                    "value": "CVE-2020-24025",
                    "type": "CVE"
                }
            ],
            "references": [
                {
                    "url": "https://nvd.nist.gov/vuln/detail/CVE-2020-24025"
                },
                {
                    "url": "https://github.com/sass/node-sass/pull/567#issuecomment-656609236"
                },
                {
                    "url": "https://github.com/sass/node-sass/issues/3067"
                },
                {
                    "url": "https://github.com/sass/node-sass/pull/3149"
                },
                {
                    "url": "https://github.com/sass/node-sass/releases/tag/v7.0.0"
                },
                {
                    "url": "https://github.com/sass/node-sass/commit/0a21792803639851b480fbd8cbcb5540ef974387"
                },
                {
                    "url": "https://github.com/advisories/GHSA-r8f7-9pfq-mjmv"
                }
            ],
            "published_at": "2022-02-09T22:22:24Z",
            "updated_at": "2023-04-30T05:00:22Z",
            "withdrawn_at": null,
            "vulnerabilities": [
                {
                    "package": {
                        "ecosystem": "npm",
                        "name": "node-sass"
                    },
                    "severity": "medium",
                    "vulnerable_version_range": ">= 2.0.0, < 7.0.0",
                    "first_patched_version": {
                        "identifier": "7.0.0"
                    }
                }
            ],
            "cvss": {
                "vector_string": "CVSS:3.1/AV:N/AC:L/PR:N/UI:N/S:U/C:N/I:L/A:N",
                "score": 5.3
            },
            "cwes": [
                {
                    "cwe_id": "CWE-295",
                    "name": "Improper Certificate Validation"
                }
            ]
        },
        "security_vulnerability": {
            "package": {
                "ecosystem": "npm",
                "name": "node-sass"
            },
            "severity": "medium",
            "vulnerable_version_range": ">= 2.0.0, < 7.0.0",
            "first_patched_version": {
                "identifier": "7.0.0"
            }
        },
        "url": "https://api.github.com/repos/fcas/pastalog/dependabot/alerts/3",
        "html_url": "https://github.com/fcas/pastalog/security/dependabot/3",
        "created_at": "2024-05-24T01:34:17Z",
        "updated_at": "2024-05-24T01:34:17Z",
        "dismissed_at": null,
        "dismissed_by": null,
        "dismissed_reason": null,
        "dismissed_comment": null,
        "fixed_at": null,
        "auto_dismissed_at": null
    },
    {
        "number": 2,
        "state": "open",
        "dependency": {
            "package": {
                "ecosystem": "npm",
                "name": "socket.io"
            },
            "manifest_path": "package.json",
            "scope": "runtime"
        },
        "security_advisory": {
            "ghsa_id": "GHSA-fxwf-4rqh-v8g3",
            "cve_id": "CVE-2020-28481",
            "summary": "CORS misconfiguration in socket.io",
            "description": "The package socket.io before 2.4.0 are vulnerable to Insecure Defaults due to CORS Misconfiguration. All domains are whitelisted by default.",
            "severity": "medium",
            "identifiers": [
                {
                    "value": "GHSA-fxwf-4rqh-v8g3",
                    "type": "GHSA"
                },
                {
                    "value": "CVE-2020-28481",
                    "type": "CVE"
                }
            ],
            "references": [
                {
                    "url": "https://nvd.nist.gov/vuln/detail/CVE-2020-28481"
                },
                {
                    "url": "https://github.com/socketio/socket.io/issues/3671"
                },
                {
                    "url": "https://github.com/socketio/socket.io/commit/f78a575f66ab693c3ea96ea88429ddb1a44c86c7"
                },
                {
                    "url": "https://snyk.io/vuln/SNYK-JAVA-ORGWEBJARSBOWER-1056358"
                },
                {
                    "url": "https://snyk.io/vuln/SNYK-JAVA-ORGWEBJARSNPM-1056357"
                },
                {
                    "url": "https://snyk.io/vuln/SNYK-JS-SOCKETIO-1024859"
                },
                {
                    "url": "https://github.com/advisories/GHSA-fxwf-4rqh-v8g3"
                }
            ],
            "published_at": "2021-01-20T21:22:37Z",
            "updated_at": "2023-09-11T22:46:44Z",
            "withdrawn_at": null,
            "vulnerabilities": [
                {
                    "package": {
                        "ecosystem": "npm",
                        "name": "socket.io"
                    },
                    "severity": "medium",
                    "vulnerable_version_range": "< 2.4.0",
                    "first_patched_version": {
                        "identifier": "2.4.0"
                    }
                }
            ],
            "cvss": {
                "vector_string": "CVSS:3.1/AV:N/AC:L/PR:L/UI:N/S:U/C:L/I:N/A:N",
                "score": 4.3
            },
            "cwes": [
                {
                    "cwe_id": "CWE-346",
                    "name": "Origin Validation Error"
                },
                {
                    "cwe_id": "CWE-453",
                    "name": "Insecure Default Variable Initialization"
                }
            ]
        },
        "security_vulnerability": {
            "package": {
                "ecosystem": "npm",
                "name": "socket.io"
            },
            "severity": "medium",
            "vulnerable_version_range": "< 2.4.0",
            "first_patched_version": {
                "identifier": "2.4.0"
            }
        },
        "url": "https://api.github.com/repos/fcas/pastalog/dependabot/alerts/2",
        "html_url": "https://github.com/fcas/pastalog/security/dependabot/2",
        "created_at": "2024-05-24T01:34:17Z",
        "updated_at": "2024-05-24T01:34:17Z",
        "dismissed_at": null,
        "dismissed_by": null,
        "dismissed_reason": null,
        "dismissed_comment": null,
        "fixed_at": null,
        "auto_dismissed_at": null
    },
    {
        "number": 1,
        "state": "auto_dismissed",
        "dependency": {
            "package": {
                "ecosystem": "npm",
                "name": "node-sass"
            },
            "manifest_path": "package.json",
            "scope": "development"
        },
        "security_advisory": {
            "ghsa_id": "GHSA-9v62-24cr-58cx",
            "cve_id": null,
            "summary": "Denial of Service in node-sass",
            "description": "Affected versions of `node-sass` are vulnerable to Denial of Service (DoS). Crafted objects passed to the `renderSync` function may trigger C++ assertions in `CustomImporterBridge::get_importer_entry` and `CustomImporterBridge::post_process_return_value` that crash the Node process. This may allow attackers to crash the system's running Node process and lead to Denial of Service.\n\n\n## Recommendation\n\nUpgrade to version 4.13.1 or later",
            "severity": "medium",
            "identifiers": [
                {
                    "value": "GHSA-9v62-24cr-58cx",
                    "type": "GHSA"
                }
            ],
            "references": [
                {
                    "url": "https://www.npmjs.com/advisories/961"
                },
                {
                    "url": "https://github.com/sass/node-sass/commit/338fd7a14d3b8bd374a382336df16f9c6792b884"
                },
                {
                    "url": "https://github.com/advisories/GHSA-9v62-24cr-58cx"
                }
            ],
            "published_at": "2020-09-11T21:12:39Z",
            "updated_at": "2023-01-09T05:03:38Z",
            "withdrawn_at": null,
            "vulnerabilities": [
                {
                    "package": {
                        "ecosystem": "npm",
                        "name": "node-sass"
                    },
                    "severity": "medium",
                    "vulnerable_version_range": ">= 3.3.0, < 4.13.1",
                    "first_patched_version": {
                        "identifier": "4.13.1"
                    }
                }
            ],
            "cvss": {
                "vector_string": "CVSS:3.1/AV:N/AC:H/PR:N/UI:N/S:U/C:N/I:N/A:H",
                "score": 5.9
            },
            "cwes": [
                {
                    "cwe_id": "CWE-400",
                    "name": "Uncontrolled Resource Consumption"
                }
            ]
        },
        "security_vulnerability": {
            "package": {
                "ecosystem": "npm",
                "name": "node-sass"
            },
            "severity": "medium",
            "vulnerable_version_range": ">= 3.3.0, < 4.13.1",
            "first_patched_version": {
                "identifier": "4.13.1"
            }
        },
        "url": "https://api.github.com/repos/fcas/pastalog/dependabot/alerts/1",
        "html_url": "https://github.com/fcas/pastalog/security/dependabot/1",
        "created_at": "2024-05-24T01:34:17Z",
        "updated_at": "2024-05-24T01:34:17Z",
        "dismissed_at": null,
        "dismissed_by": null,
        "dismissed_reason": null,
        "dismissed_comment": null,
        "fixed_at": null,
        "auto_dismissed_at": "2024-05-24T01:34:17Z"
    }
]