[
    {
        "number": 1,
        "created_at": "2024-05-19T17:49:40Z",
        "updated_at": "2024-05-19T17:49:42Z",
        "url": "https://api.github.com/repos/fcas/pattern_classification/code-scanning/alerts/1",
        "html_url": "https://github.com/fcas/pattern_classification/security/code-scanning/1",
        "state": "open",
        "fixed_at": null,
        "dismissed_by": null,
        "dismissed_at": null,
        "dismissed_reason": null,
        "dismissed_comment": null,
        "rule": {
            "id": "py/flask-debug",
            "severity": "error",
            "description": "Flask app is run in debug mode",
            "name": "py/flask-debug",
            "tags": [
                "external/cwe/cwe-215",
                "external/cwe/cwe-489",
                "security"
            ],
            "security_severity_level": "high"
        },
        "tool": {
            "name": "CodeQL",
            "guid": null,
            "version": "2.17.3"
        },
        "most_recent_instance": {
            "ref": "refs/heads/master",
            "analysis_key": ".github/workflows/codeql.yml:analyze",
            "environment": "{\"build-mode\":\"none\",\"language\":\"python\"}",
            "category": "/language:python",
            "state": "open",
            "commit_sha": "637f36aeb638ba51920ddd361addd3de8c25773d",
            "message": {
                "text": "A Flask app appears to be run in debug mode. This may allow an attacker to run arbitrary code through the debugger."
            },
            "location": {
                "path": "machine_learning/webapp/movieclassifier/app.py",
                "start_line": 92,
                "end_line": 92,
                "start_column": 5,
                "end_column": 24
            },
            "classifications": []
        },
        "instances_url": "https://api.github.com/repos/fcas/pattern_classification/code-scanning/alerts/1/instances"
    }
]