[
    {
        "number": 2,
        "created_at": "2024-05-19T01:18:34Z",
        "updated_at": "2024-05-19T01:18:36Z",
        "url": "https://api.github.com/repos/fcas/pattern/code-scanning/alerts/2",
        "html_url": "https://github.com/fcas/pattern/security/code-scanning/2",
        "state": "open",
        "fixed_at": null,
        "dismissed_by": null,
        "dismissed_at": null,
        "dismissed_reason": null,
        "dismissed_comment": null,
        "rule": {
            "id": "py/overly-large-range",
            "severity": "warning",
            "description": "Overly permissive regular expression range",
            "name": "py/overly-large-range",
            "tags": [
                "correctness",
                "external/cwe/cwe-020",
                "security"
            ],
            "security_severity_level": "medium"
        },
        "tool": {
            "name": "CodeQL",
            "guid": null,
            "version": "2.17.3"
        },
        "most_recent_instance": {
            "ref": "refs/heads/master",
            "analysis_key": ".github/workflows/codeql.yml:analyze",
            "environment": "{\"build-mode\":\"none\",\"language\":\"python\"}",
            "category": "/language:python",
            "state": "open",
            "commit_sha": "05dfbccfd964893ef1cfc58fb3cf9216e99545c1",
            "message": {
                "text": "Suspicious character range that overlaps with a-z in the same character class, and is equivalent to \\[A-Z\\\\[\\\\\\\\]^_`a-z\\]."
            },
            "location": {
                "path": "pattern/text/__init__.py",
                "start_line": 1375,
                "end_line": 1375,
                "start_column": 37,
                "end_column": 40
            },
            "classifications": []
        },
        "instances_url": "https://api.github.com/repos/fcas/pattern/code-scanning/alerts/2/instances"
    },
    {
        "number": 1,
        "created_at": "2024-05-19T01:18:34Z",
        "updated_at": "2024-05-19T01:18:36Z",
        "url": "https://api.github.com/repos/fcas/pattern/code-scanning/alerts/1",
        "html_url": "https://github.com/fcas/pattern/security/code-scanning/1",
        "state": "open",
        "fixed_at": null,
        "dismissed_by": null,
        "dismissed_at": null,
        "dismissed_reason": null,
        "dismissed_comment": null,
        "rule": {
            "id": "py/incomplete-url-substring-sanitization",
            "severity": "warning",
            "description": "Incomplete URL substring sanitization",
            "name": "py/incomplete-url-substring-sanitization",
            "tags": [
                "correctness",
                "external/cwe/cwe-20",
                "security"
            ],
            "security_severity_level": "high"
        },
        "tool": {
            "name": "CodeQL",
            "guid": null,
            "version": "2.17.3"
        },
        "most_recent_instance": {
            "ref": "refs/heads/master",
            "analysis_key": ".github/workflows/codeql.yml:analyze",
            "environment": "{\"build-mode\":\"none\",\"language\":\"python\"}",
            "category": "/language:python",
            "state": "open",
            "commit_sha": "05dfbccfd964893ef1cfc58fb3cf9216e99545c1",
            "message": {
                "text": "The string nodebox.net may be at an arbitrary position in the sanitized URL."
            },
            "location": {
                "path": "test/test_web.py",
                "start_line": 1087,
                "end_line": 1087,
                "start_column": 29,
                "end_column": 49
            },
            "classifications": [
                "test"
            ]
        },
        "instances_url": "https://api.github.com/repos/fcas/pattern/code-scanning/alerts/1/instances"
    }
]