[
    {
        "number": 9,
        "state": "open",
        "dependency": {
            "package": {
                "ecosystem": "pip",
                "name": "numpy"
            },
            "manifest_path": "requirements.txt",
            "scope": "runtime"
        },
        "security_advisory": {
            "ghsa_id": "GHSA-9fq2-x9r6-wfmf",
            "cve_id": "CVE-2019-6446",
            "summary": "Numpy Deserialization of Untrusted Data",
            "description": "** DISPUTED **   An issue was discovered in NumPy 1.16.0 and earlier. It uses the pickle Python module unsafely, which allows remote attackers to execute arbitrary code via a crafted serialized object, as demonstrated by a numpy.load call. NOTE: third parties dispute this issue because it is  a behavior that might have legitimate applications in (for example)  loading serialized Python object arrays from trusted and authenticated  sources.",
            "severity": "critical",
            "identifiers": [
                {
                    "value": "GHSA-9fq2-x9r6-wfmf",
                    "type": "GHSA"
                },
                {
                    "value": "CVE-2019-6446",
                    "type": "CVE"
                }
            ],
            "references": [
                {
                    "url": "https://nvd.nist.gov/vuln/detail/CVE-2019-6446"
                },
                {
                    "url": "https://github.com/numpy/numpy/issues/12759"
                },
                {
                    "url": "https://bugzilla.suse.com/show_bug.cgi?id=1122208"
                },
                {
                    "url": "http://lists.opensuse.org/opensuse-security-announce/2019-09/msg00091.html"
                },
                {
                    "url": "http://lists.opensuse.org/opensuse-security-announce/2019-09/msg00092.html"
                },
                {
                    "url": "http://lists.opensuse.org/opensuse-security-announce/2019-10/msg00015.html"
                },
                {
                    "url": "https://github.com/numpy/numpy/pull/12889"
                },
                {
                    "url": "https://access.redhat.com/errata/RHSA-2019:3335"
                },
                {
                    "url": "https://access.redhat.com/errata/RHSA-2019:3704"
                },
                {
                    "url": "https://lists.fedoraproject.org/archives/list/package-announce%40lists.fedoraproject.org/message/7ZZAYIQNUUYXGMKHSPEEXS4TRYFOUYE4"
                },
                {
                    "url": "https://lists.fedoraproject.org/archives/list/package-announce@lists.fedoraproject.org/message/7ZZAYIQNUUYXGMKHSPEEXS4TRYFOUYE4"
                },
                {
                    "url": "https://web.archive.org/web/20210124234613/https://www.securityfocus.com/bid/106670"
                },
                {
                    "url": "http://www.securityfocus.com/bid/106670"
                },
                {
                    "url": "https://github.com/advisories/GHSA-9fq2-x9r6-wfmf"
                }
            ],
            "published_at": "2022-05-24T22:00:57Z",
            "updated_at": "2024-04-22T21:20:59Z",
            "withdrawn_at": null,
            "vulnerabilities": [
                {
                    "package": {
                        "ecosystem": "pip",
                        "name": "numpy"
                    },
                    "severity": "critical",
                    "vulnerable_version_range": "<= 1.16.0",
                    "first_patched_version": null
                }
            ],
            "cvss": {
                "vector_string": "CVSS:3.0/AV:N/AC:L/PR:N/UI:N/S:U/C:H/I:H/A:H",
                "score": 9.8
            },
            "cwes": [
                {
                    "cwe_id": "CWE-502",
                    "name": "Deserialization of Untrusted Data"
                }
            ]
        },
        "security_vulnerability": {
            "package": {
                "ecosystem": "pip",
                "name": "numpy"
            },
            "severity": "critical",
            "vulnerable_version_range": "<= 1.16.0",
            "first_patched_version": null
        },
        "url": "https://api.github.com/repos/fcas/pix2pix-keras/dependabot/alerts/9",
        "html_url": "https://github.com/fcas/pix2pix-keras/security/dependabot/9",
        "created_at": "2024-05-24T01:33:52Z",
        "updated_at": "2024-05-24T01:33:52Z",
        "dismissed_at": null,
        "dismissed_by": null,
        "dismissed_reason": null,
        "dismissed_comment": null,
        "fixed_at": null,
        "auto_dismissed_at": null
    },
    {
        "number": 8,
        "state": "open",
        "dependency": {
            "package": {
                "ecosystem": "pip",
                "name": "numpy"
            },
            "manifest_path": "requirements.txt",
            "scope": "runtime"
        },
        "security_advisory": {
            "ghsa_id": "GHSA-fpfv-jqm9-f5jm",
            "cve_id": "CVE-2021-34141",
            "summary": "Incorrect Comparison in NumPy",
            "description": "Incomplete string comparison in the numpy.core component in NumPy1.9.x, which allows attackers to fail the APIs via constructing specific string objects.",
            "severity": "medium",
            "identifiers": [
                {
                    "value": "GHSA-fpfv-jqm9-f5jm",
                    "type": "GHSA"
                },
                {
                    "value": "CVE-2021-34141",
                    "type": "CVE"
                }
            ],
            "references": [
                {
                    "url": "https://nvd.nist.gov/vuln/detail/CVE-2021-34141"
                },
                {
                    "url": "https://github.com/numpy/numpy/issues/18993"
                },
                {
                    "url": "https://www.oracle.com/security-alerts/cpujul2022.html"
                },
                {
                    "url": "https://github.com/numpy/numpy/issues/18993#issuecomment-1010735102"
                },
                {
                    "url": "https://github.com/advisories/GHSA-fpfv-jqm9-f5jm"
                },
                {
                    "url": "https://github.com/pypa/advisory-database/tree/main/vulns/numpy/PYSEC-2021-855.yaml"
                }
            ],
            "published_at": "2021-12-18T00:00:41Z",
            "updated_at": "2023-01-27T05:07:10Z",
            "withdrawn_at": null,
            "vulnerabilities": [
                {
                    "package": {
                        "ecosystem": "pip",
                        "name": "numpy"
                    },
                    "severity": "medium",
                    "vulnerable_version_range": "< 1.22",
                    "first_patched_version": {
                        "identifier": "1.22"
                    }
                }
            ],
            "cvss": {
                "vector_string": "CVSS:3.1/AV:N/AC:L/PR:N/UI:N/S:U/C:N/I:N/A:L",
                "score": 5.3
            },
            "cwes": [
                {
                    "cwe_id": "CWE-697",
                    "name": "Incorrect Comparison"
                }
            ]
        },
        "security_vulnerability": {
            "package": {
                "ecosystem": "pip",
                "name": "numpy"
            },
            "severity": "medium",
            "vulnerable_version_range": "< 1.22",
            "first_patched_version": {
                "identifier": "1.22"
            }
        },
        "url": "https://api.github.com/repos/fcas/pix2pix-keras/dependabot/alerts/8",
        "html_url": "https://github.com/fcas/pix2pix-keras/security/dependabot/8",
        "created_at": "2024-05-24T01:33:52Z",
        "updated_at": "2024-05-24T01:33:52Z",
        "dismissed_at": null,
        "dismissed_by": null,
        "dismissed_reason": null,
        "dismissed_comment": null,
        "fixed_at": null,
        "auto_dismissed_at": null
    },
    {
        "number": 7,
        "state": "open",
        "dependency": {
            "package": {
                "ecosystem": "pip",
                "name": "numpy"
            },
            "manifest_path": "requirements.txt",
            "scope": "runtime"
        },
        "security_advisory": {
            "ghsa_id": "GHSA-5545-2q6w-2gh6",
            "cve_id": "CVE-2021-41495",
            "summary": "NumPy NULL Pointer Dereference",
            "description": "Null Pointer Dereference vulnerability exists in numpy.sort in NumPy &lt and 1.19 in the PyArray_DescrNew function due to missing return-value validation, which allows attackers to conduct DoS attacks by repetitively creating sort arrays.",
            "severity": "high",
            "identifiers": [
                {
                    "value": "GHSA-5545-2q6w-2gh6",
                    "type": "GHSA"
                },
                {
                    "value": "CVE-2021-41495",
                    "type": "CVE"
                }
            ],
            "references": [
                {
                    "url": "https://nvd.nist.gov/vuln/detail/CVE-2021-41495"
                },
                {
                    "url": "https://github.com/numpy/numpy/issues/19038"
                },
                {
                    "url": "https://www.oracle.com/security-alerts/cpujul2022.html"
                },
                {
                    "url": "https://github.com/advisories/GHSA-5545-2q6w-2gh6"
                },
                {
                    "url": "https://github.com/pypa/advisory-database/tree/main/vulns/numpy/PYSEC-2021-856.yaml"
                }
            ],
            "published_at": "2022-02-08T00:00:56Z",
            "updated_at": "2023-01-29T05:01:55Z",
            "withdrawn_at": null,
            "vulnerabilities": [
                {
                    "package": {
                        "ecosystem": "pip",
                        "name": "numpy"
                    },
                    "severity": "high",
                    "vulnerable_version_range": "<= 1.18.5",
                    "first_patched_version": {
                        "identifier": "1.19"
                    }
                }
            ],
            "cvss": {
                "vector_string": "CVSS:3.1/AV:N/AC:L/PR:N/UI:N/S:U/C:N/I:N/A:H",
                "score": 7.5
            },
            "cwes": [
                {
                    "cwe_id": "CWE-476",
                    "name": "NULL Pointer Dereference"
                }
            ]
        },
        "security_vulnerability": {
            "package": {
                "ecosystem": "pip",
                "name": "numpy"
            },
            "severity": "high",
            "vulnerable_version_range": "<= 1.18.5",
            "first_patched_version": {
                "identifier": "1.19"
            }
        },
        "url": "https://api.github.com/repos/fcas/pix2pix-keras/dependabot/alerts/7",
        "html_url": "https://github.com/fcas/pix2pix-keras/security/dependabot/7",
        "created_at": "2024-05-24T01:33:52Z",
        "updated_at": "2024-05-24T01:33:52Z",
        "dismissed_at": null,
        "dismissed_by": null,
        "dismissed_reason": null,
        "dismissed_comment": null,
        "fixed_at": null,
        "auto_dismissed_at": null
    },
    {
        "number": 6,
        "state": "open",
        "dependency": {
            "package": {
                "ecosystem": "pip",
                "name": "numpy"
            },
            "manifest_path": "requirements.txt",
            "scope": "runtime"
        },
        "security_advisory": {
            "ghsa_id": "GHSA-f7c7-j99h-c22f",
            "cve_id": "CVE-2021-41496",
            "summary": "Buffer Copy without Checking Size of Input in NumPy",
            "description": "Buffer overflow in the array_from_pyobj function of fortranobject.c in NumPy < 1.19, which allows attackers to conduct a Denial of Service attacks by carefully constructing an array with negative values.",
            "severity": "medium",
            "identifiers": [
                {
                    "value": "GHSA-f7c7-j99h-c22f",
                    "type": "GHSA"
                },
                {
                    "value": "CVE-2021-41496",
                    "type": "CVE"
                }
            ],
            "references": [
                {
                    "url": "https://nvd.nist.gov/vuln/detail/CVE-2021-41496"
                },
                {
                    "url": "https://github.com/numpy/numpy/issues/19000"
                },
                {
                    "url": "https://www.oracle.com/security-alerts/cpujul2022.html"
                },
                {
                    "url": "https://github.com/advisories/GHSA-f7c7-j99h-c22f"
                }
            ],
            "published_at": "2022-02-08T00:00:56Z",
            "updated_at": "2023-01-27T05:02:20Z",
            "withdrawn_at": null,
            "vulnerabilities": [
                {
                    "package": {
                        "ecosystem": "pip",
                        "name": "numpy"
                    },
                    "severity": "medium",
                    "vulnerable_version_range": "<= 1.18.5",
                    "first_patched_version": {
                        "identifier": "1.19"
                    }
                }
            ],
            "cvss": {
                "vector_string": "CVSS:3.1/AV:L/AC:L/PR:L/UI:N/S:U/C:N/I:N/A:H",
                "score": 5.5
            },
            "cwes": [
                {
                    "cwe_id": "CWE-120",
                    "name": "Buffer Copy without Checking Size of Input ('Classic Buffer Overflow')"
                }
            ]
        },
        "security_vulnerability": {
            "package": {
                "ecosystem": "pip",
                "name": "numpy"
            },
            "severity": "medium",
            "vulnerable_version_range": "<= 1.18.5",
            "first_patched_version": {
                "identifier": "1.19"
            }
        },
        "url": "https://api.github.com/repos/fcas/pix2pix-keras/dependabot/alerts/6",
        "html_url": "https://github.com/fcas/pix2pix-keras/security/dependabot/6",
        "created_at": "2024-05-24T01:33:52Z",
        "updated_at": "2024-05-24T01:33:52Z",
        "dismissed_at": null,
        "dismissed_by": null,
        "dismissed_reason": null,
        "dismissed_comment": null,
        "fixed_at": null,
        "auto_dismissed_at": null
    },
    {
        "number": 5,
        "state": "open",
        "dependency": {
            "package": {
                "ecosystem": "pip",
                "name": "numpy"
            },
            "manifest_path": "requirements.txt",
            "scope": "runtime"
        },
        "security_advisory": {
            "ghsa_id": "GHSA-frgw-fgh6-9g52",
            "cve_id": "CVE-2017-12852",
            "summary": "Numpy missing input validation",
            "description": "The numpy.pad function in Numpy 1.13.1 and older versions is missing input validation. An empty list or ndarray will stick into an infinite loop, which can allow attackers to cause a DoS attack.",
            "severity": "high",
            "identifiers": [
                {
                    "value": "GHSA-frgw-fgh6-9g52",
                    "type": "GHSA"
                },
                {
                    "value": "CVE-2017-12852",
                    "type": "CVE"
                }
            ],
            "references": [
                {
                    "url": "https://nvd.nist.gov/vuln/detail/CVE-2017-12852"
                },
                {
                    "url": "https://github.com/numpy/numpy/issues/9560#issuecomment-322395292"
                },
                {
                    "url": "https://github.com/BT123/testcasesForMyRequest/tree/master/CVE-2017-12852"
                },
                {
                    "url": "https://github.com/numpy/numpy/releases/tag/v1.13.3"
                },
                {
                    "url": "https://github.com/advisories/GHSA-frgw-fgh6-9g52"
                },
                {
                    "url": "https://github.com/pypa/advisory-database/tree/main/vulns/numpy/PYSEC-2017-1.yaml"
                }
            ],
            "published_at": "2022-05-13T01:42:46Z",
            "updated_at": "2023-01-27T05:07:54Z",
            "withdrawn_at": null,
            "vulnerabilities": [
                {
                    "package": {
                        "ecosystem": "pip",
                        "name": "numpy"
                    },
                    "severity": "high",
                    "vulnerable_version_range": "< 1.13.3",
                    "first_patched_version": {
                        "identifier": "1.13.3"
                    }
                }
            ],
            "cvss": {
                "vector_string": "CVSS:3.0/AV:N/AC:L/PR:N/UI:N/S:U/C:N/I:N/A:H",
                "score": 7.5
            },
            "cwes": [
                {
                    "cwe_id": "CWE-835",
                    "name": "Loop with Unreachable Exit Condition ('Infinite Loop')"
                }
            ]
        },
        "security_vulnerability": {
            "package": {
                "ecosystem": "pip",
                "name": "numpy"
            },
            "severity": "high",
            "vulnerable_version_range": "< 1.13.3",
            "first_patched_version": {
                "identifier": "1.13.3"
            }
        },
        "url": "https://api.github.com/repos/fcas/pix2pix-keras/dependabot/alerts/5",
        "html_url": "https://github.com/fcas/pix2pix-keras/security/dependabot/5",
        "created_at": "2024-05-24T01:33:52Z",
        "updated_at": "2024-05-24T01:33:52Z",
        "dismissed_at": null,
        "dismissed_by": null,
        "dismissed_reason": null,
        "dismissed_comment": null,
        "fixed_at": null,
        "auto_dismissed_at": null
    },
    {
        "number": 4,
        "state": "open",
        "dependency": {
            "package": {
                "ecosystem": "pip",
                "name": "numpy"
            },
            "manifest_path": "requirements.txt",
            "scope": "runtime"
        },
        "security_advisory": {
            "ghsa_id": "GHSA-6p56-wp2h-9hxr",
            "cve_id": "CVE-2021-33430",
            "summary": "NumPy Buffer Overflow (Disputed)",
            "description": "A Buffer Overflow vulnerability exists in NumPy 1.9.x in the PyArray_NewFromDescr_int function of ctors.c when specifying arrays of large dimensions (over 32) from Python code, which could let a malicious user cause a Denial of Service.\n\nNOTE: The vendor does not agree this is a vulnerability; In (very limited) circumstances a user may be able provoke the buffer overflow, the user is most likely already privileged to at least provoke denial of service by exhausting memory. Triggering this further requires the use of uncommon API (complicated structured dtypes), which is very unlikely to be available to an unprivileged user.",
            "severity": "medium",
            "identifiers": [
                {
                    "value": "GHSA-6p56-wp2h-9hxr",
                    "type": "GHSA"
                },
                {
                    "value": "CVE-2021-33430",
                    "type": "CVE"
                }
            ],
            "references": [
                {
                    "url": "https://nvd.nist.gov/vuln/detail/CVE-2021-33430"
                },
                {
                    "url": "https://github.com/numpy/numpy/issues/18939"
                },
                {
                    "url": "https://github.com/numpy/numpy/commit/ae317fd9ff3e79c0eac357d723bfc29cbd625f2e"
                },
                {
                    "url": "https://github.com/advisories/GHSA-6p56-wp2h-9hxr"
                }
            ],
            "published_at": "2022-01-07T00:09:39Z",
            "updated_at": "2024-01-11T21:28:19Z",
            "withdrawn_at": null,
            "vulnerabilities": [
                {
                    "package": {
                        "ecosystem": "pip",
                        "name": "numpy"
                    },
                    "severity": "medium",
                    "vulnerable_version_range": ">= 1.9.0, < 1.21",
                    "first_patched_version": {
                        "identifier": "1.21"
                    }
                }
            ],
            "cvss": {
                "vector_string": "CVSS:3.1/AV:N/AC:H/PR:L/UI:N/S:U/C:N/I:N/A:H",
                "score": 5.3
            },
            "cwes": [
                {
                    "cwe_id": "CWE-120",
                    "name": "Buffer Copy without Checking Size of Input ('Classic Buffer Overflow')"
                }
            ]
        },
        "security_vulnerability": {
            "package": {
                "ecosystem": "pip",
                "name": "numpy"
            },
            "severity": "medium",
            "vulnerable_version_range": ">= 1.9.0, < 1.21",
            "first_patched_version": {
                "identifier": "1.21"
            }
        },
        "url": "https://api.github.com/repos/fcas/pix2pix-keras/dependabot/alerts/4",
        "html_url": "https://github.com/fcas/pix2pix-keras/security/dependabot/4",
        "created_at": "2024-05-24T01:33:52Z",
        "updated_at": "2024-05-24T01:33:52Z",
        "dismissed_at": null,
        "dismissed_by": null,
        "dismissed_reason": null,
        "dismissed_comment": null,
        "fixed_at": null,
        "auto_dismissed_at": null
    },
    {
        "number": 3,
        "state": "open",
        "dependency": {
            "package": {
                "ecosystem": "pip",
                "name": "pyyaml"
            },
            "manifest_path": "requirements.txt",
            "scope": "runtime"
        },
        "security_advisory": {
            "ghsa_id": "GHSA-rprw-h62v-c2w7",
            "cve_id": "CVE-2017-18342",
            "summary": "PyYAML insecurely deserializes YAML strings leading to arbitrary code execution",
            "description": "In PyYAML before 4.1, the `yaml.load()` API could execute arbitrary code. In other words, `yaml.safe_load` is not used.",
            "severity": "critical",
            "identifiers": [
                {
                    "value": "GHSA-rprw-h62v-c2w7",
                    "type": "GHSA"
                },
                {
                    "value": "CVE-2017-18342",
                    "type": "CVE"
                }
            ],
            "references": [
                {
                    "url": "https://nvd.nist.gov/vuln/detail/CVE-2017-18342"
                },
                {
                    "url": "https://github.com/marshmallow-code/apispec/issues/278"
                },
                {
                    "url": "https://github.com/yaml/pyyaml/issues/193"
                },
                {
                    "url": "https://github.com/yaml/pyyaml/pull/74"
                },
                {
                    "url": "https://github.com/yaml/pyyaml/blob/master/CHANGES"
                },
                {
                    "url": "https://github.com/yaml/pyyaml/wiki/PyYAML-yaml.load(input)-Deprecation"
                },
                {
                    "url": "https://lists.fedoraproject.org/archives/list/package-announce@lists.fedoraproject.org/message/JEX7IPV5P2QJITAMA5Z63GQCZA5I6NVZ/"
                },
                {
                    "url": "https://lists.fedoraproject.org/archives/list/package-announce@lists.fedoraproject.org/message/KSQQMRUQSXBSUXLCRD3TSZYQ7SEZRKCE/"
                },
                {
                    "url": "https://lists.fedoraproject.org/archives/list/package-announce@lists.fedoraproject.org/message/M6JCFGEIEOFMWWIXGHSELMKQDD4CV2BA/"
                },
                {
                    "url": "https://security.gentoo.org/glsa/202003-45"
                },
                {
                    "url": "https://github.com/yaml/pyyaml/commit/7b68405c81db889f83c32846462b238ccae5be80"
                },
                {
                    "url": "https://github.com/advisories/GHSA-rprw-h62v-c2w7"
                }
            ],
            "published_at": "2019-01-04T17:45:26Z",
            "updated_at": "2023-09-05T17:58:47Z",
            "withdrawn_at": null,
            "vulnerabilities": [
                {
                    "package": {
                        "ecosystem": "pip",
                        "name": "pyyaml"
                    },
                    "severity": "critical",
                    "vulnerable_version_range": "< 4.1",
                    "first_patched_version": {
                        "identifier": "4.1"
                    }
                }
            ],
            "cvss": {
                "vector_string": "CVSS:3.1/AV:N/AC:L/PR:N/UI:N/S:U/C:H/I:H/A:H",
                "score": 9.8
            },
            "cwes": [
                {
                    "cwe_id": "CWE-502",
                    "name": "Deserialization of Untrusted Data"
                }
            ]
        },
        "security_vulnerability": {
            "package": {
                "ecosystem": "pip",
                "name": "pyyaml"
            },
            "severity": "critical",
            "vulnerable_version_range": "< 4.1",
            "first_patched_version": {
                "identifier": "4.1"
            }
        },
        "url": "https://api.github.com/repos/fcas/pix2pix-keras/dependabot/alerts/3",
        "html_url": "https://github.com/fcas/pix2pix-keras/security/dependabot/3",
        "created_at": "2024-05-24T01:33:52Z",
        "updated_at": "2024-05-24T01:33:52Z",
        "dismissed_at": null,
        "dismissed_by": null,
        "dismissed_reason": null,
        "dismissed_comment": null,
        "fixed_at": null,
        "auto_dismissed_at": null
    },
    {
        "number": 2,
        "state": "open",
        "dependency": {
            "package": {
                "ecosystem": "pip",
                "name": "pyyaml"
            },
            "manifest_path": "requirements.txt",
            "scope": "runtime"
        },
        "security_advisory": {
            "ghsa_id": "GHSA-6757-jp84-gxfx",
            "cve_id": "CVE-2020-1747",
            "summary": "Improper Input Validation in PyYAML",
            "description": "A vulnerability was discovered in the PyYAML library in versions before 5.3.1, where it is susceptible to arbitrary code execution when it processes untrusted YAML files through the full_load method or with the FullLoader loader. Applications that use the library to process untrusted input may be vulnerable to this flaw. An attacker could use this flaw to execute arbitrary code on the system by abusing the python/object/new constructor.",
            "severity": "critical",
            "identifiers": [
                {
                    "value": "GHSA-6757-jp84-gxfx",
                    "type": "GHSA"
                },
                {
                    "value": "CVE-2020-1747",
                    "type": "CVE"
                }
            ],
            "references": [
                {
                    "url": "https://nvd.nist.gov/vuln/detail/CVE-2020-1747"
                },
                {
                    "url": "https://github.com/yaml/pyyaml/pull/386"
                },
                {
                    "url": "https://bugzilla.redhat.com/show_bug.cgi?id=CVE-2020-1747"
                },
                {
                    "url": "https://lists.fedoraproject.org/archives/list/package-announce@lists.fedoraproject.org/message/7PPAS6C4SZRDQLR7C22A5U3QOLXY33JX/"
                },
                {
                    "url": "https://lists.fedoraproject.org/archives/list/package-announce@lists.fedoraproject.org/message/K5HEPD7LEVDPCITY5IMDYWXUMX37VFMY/"
                },
                {
                    "url": "https://lists.fedoraproject.org/archives/list/package-announce@lists.fedoraproject.org/message/MMQXSZXNJT6ERABJZAAICI3DQSQLCP3D/"
                },
                {
                    "url": "https://lists.fedoraproject.org/archives/list/package-announce@lists.fedoraproject.org/message/WORRFHPQVAFKKXXWLSSW6XKUYLWM6CSH/"
                },
                {
                    "url": "https://lists.fedoraproject.org/archives/list/package-announce@lists.fedoraproject.org/message/ZBJA3SGNJKCAYPSHOHWY3KBCWNM5NYK2/"
                },
                {
                    "url": "http://lists.opensuse.org/opensuse-security-announce/2020-04/msg00017.html"
                },
                {
                    "url": "http://lists.opensuse.org/opensuse-security-announce/2020-05/msg00017.html"
                },
                {
                    "url": "https://www.oracle.com/security-alerts/cpujul2022.html"
                },
                {
                    "url": "https://github.com/yaml/pyyaml/commit/5080ba513377b6355a0502104846ee804656f1e0"
                },
                {
                    "url": "https://github.com/advisories/GHSA-6757-jp84-gxfx"
                }
            ],
            "published_at": "2021-04-20T16:14:24Z",
            "updated_at": "2023-08-25T00:08:24Z",
            "withdrawn_at": null,
            "vulnerabilities": [
                {
                    "package": {
                        "ecosystem": "pip",
                        "name": "pyyaml"
                    },
                    "severity": "critical",
                    "vulnerable_version_range": "< 5.3.1",
                    "first_patched_version": {
                        "identifier": "5.3.1"
                    }
                }
            ],
            "cvss": {
                "vector_string": "CVSS:3.1/AV:N/AC:L/PR:N/UI:N/S:U/C:H/I:H/A:H",
                "score": 9.8
            },
            "cwes": [
                {
                    "cwe_id": "CWE-20",
                    "name": "Improper Input Validation"
                }
            ]
        },
        "security_vulnerability": {
            "package": {
                "ecosystem": "pip",
                "name": "pyyaml"
            },
            "severity": "critical",
            "vulnerable_version_range": "< 5.3.1",
            "first_patched_version": {
                "identifier": "5.3.1"
            }
        },
        "url": "https://api.github.com/repos/fcas/pix2pix-keras/dependabot/alerts/2",
        "html_url": "https://github.com/fcas/pix2pix-keras/security/dependabot/2",
        "created_at": "2024-05-24T01:33:52Z",
        "updated_at": "2024-05-24T01:33:52Z",
        "dismissed_at": null,
        "dismissed_by": null,
        "dismissed_reason": null,
        "dismissed_comment": null,
        "fixed_at": null,
        "auto_dismissed_at": null
    },
    {
        "number": 1,
        "state": "open",
        "dependency": {
            "package": {
                "ecosystem": "pip",
                "name": "PyYAML"
            },
            "manifest_path": "requirements.txt",
            "scope": "runtime"
        },
        "security_advisory": {
            "ghsa_id": "GHSA-8q59-q68h-6hv4",
            "cve_id": "CVE-2020-14343",
            "summary": "Improper Input Validation in PyYAML",
            "description": "A vulnerability was discovered in the PyYAML library in versions before 5.4, where it is susceptible to arbitrary code execution when it processes untrusted YAML files through the full_load method or with the FullLoader loader. Applications that use the library to process untrusted input may be vulnerable to this flaw. This flaw allows an attacker to execute arbitrary code on the system by abusing the python/object/new constructor. This flaw is due to an incomplete fix for CVE-2020-1747.",
            "severity": "critical",
            "identifiers": [
                {
                    "value": "GHSA-8q59-q68h-6hv4",
                    "type": "GHSA"
                },
                {
                    "value": "CVE-2020-14343",
                    "type": "CVE"
                }
            ],
            "references": [
                {
                    "url": "https://nvd.nist.gov/vuln/detail/CVE-2020-14343"
                },
                {
                    "url": "https://github.com/yaml/pyyaml/commit/a001f2782501ad2d24986959f0239a354675f9dc"
                },
                {
                    "url": "https://bugzilla.redhat.com/show_bug.cgi?id=1860466"
                },
                {
                    "url": "https://pypi.org/project/PyYAML/"
                },
                {
                    "url": "https://github.com/yaml/pyyaml/issues/420#issuecomment-663673966"
                },
                {
                    "url": "https://www.oracle.com/security-alerts/cpuapr2022.html"
                },
                {
                    "url": "https://www.oracle.com/security-alerts/cpujul2022.html"
                },
                {
                    "url": "https://github.com/SeldonIO/seldon-core/issues/2252"
                },
                {
                    "url": "https://github.com/yaml/pyyaml/issues/420"
                },
                {
                    "url": "https://github.com/advisories/GHSA-8q59-q68h-6hv4"
                }
            ],
            "published_at": "2021-03-25T21:26:26Z",
            "updated_at": "2023-08-23T23:02:02Z",
            "withdrawn_at": null,
            "vulnerabilities": [
                {
                    "package": {
                        "ecosystem": "pip",
                        "name": "PyYAML"
                    },
                    "severity": "critical",
                    "vulnerable_version_range": "< 5.4",
                    "first_patched_version": {
                        "identifier": "5.4"
                    }
                }
            ],
            "cvss": {
                "vector_string": "CVSS:3.1/AV:N/AC:L/PR:N/UI:N/S:U/C:H/I:H/A:H",
                "score": 9.8
            },
            "cwes": [
                {
                    "cwe_id": "CWE-20",
                    "name": "Improper Input Validation"
                }
            ]
        },
        "security_vulnerability": {
            "package": {
                "ecosystem": "pip",
                "name": "PyYAML"
            },
            "severity": "critical",
            "vulnerable_version_range": "< 5.4",
            "first_patched_version": {
                "identifier": "5.4"
            }
        },
        "url": "https://api.github.com/repos/fcas/pix2pix-keras/dependabot/alerts/1",
        "html_url": "https://github.com/fcas/pix2pix-keras/security/dependabot/1",
        "created_at": "2024-05-24T01:33:51Z",
        "updated_at": "2024-05-24T01:33:51Z",
        "dismissed_at": null,
        "dismissed_by": null,
        "dismissed_reason": null,
        "dismissed_comment": null,
        "fixed_at": null,
        "auto_dismissed_at": null
    }
]