[
    {
        "number": 1,
        "created_at": "2024-05-19T02:40:12Z",
        "updated_at": "2024-05-19T02:40:14Z",
        "url": "https://api.github.com/repos/fcas/pylearn2/code-scanning/alerts/1",
        "html_url": "https://github.com/fcas/pylearn2/security/code-scanning/1",
        "state": "open",
        "fixed_at": null,
        "dismissed_by": null,
        "dismissed_at": null,
        "dismissed_reason": null,
        "dismissed_comment": null,
        "rule": {
            "id": "py/insecure-temporary-file",
            "severity": "error",
            "description": "Insecure temporary file",
            "name": "py/insecure-temporary-file",
            "tags": [
                "external/cwe/cwe-377",
                "security"
            ],
            "security_severity_level": "high"
        },
        "tool": {
            "name": "CodeQL",
            "guid": null,
            "version": "2.17.3"
        },
        "most_recent_instance": {
            "ref": "refs/heads/master",
            "analysis_key": ".github/workflows/codeql.yml:analyze",
            "environment": "{\"build-mode\":\"none\",\"language\":\"python\"}",
            "category": "/language:python",
            "state": "open",
            "commit_sha": "332e1d6ba0f16fc9b3a1d9b5d8bd712c5532ed8e",
            "message": {
                "text": "Call to deprecated function os.tempnam may be insecure."
            },
            "location": {
                "path": "pylearn2/dataset_get/dataset-get.py",
                "start_line": 218,
                "end_line": 218,
                "start_column": 27,
                "end_column": 47
            },
            "classifications": []
        },
        "instances_url": "https://api.github.com/repos/fcas/pylearn2/code-scanning/alerts/1/instances"
    }
]