[
    {
        "number": 16,
        "created_at": "2024-05-19T01:51:03Z",
        "updated_at": "2024-05-19T01:51:03Z",
        "url": "https://api.github.com/repos/fcas/pytorch_geometric/code-scanning/alerts/16",
        "html_url": "https://github.com/fcas/pytorch_geometric/security/code-scanning/16",
        "state": "open",
        "fixed_at": null,
        "dismissed_by": null,
        "dismissed_at": null,
        "dismissed_reason": null,
        "dismissed_comment": null,
        "rule": {
            "id": "py/bind-socket-all-network-interfaces",
            "severity": "error",
            "description": "Binding a socket to all network interfaces",
            "name": "py/bind-socket-all-network-interfaces",
            "tags": [
                "external/cwe/cwe-200",
                "security"
            ],
            "security_severity_level": "medium"
        },
        "tool": {
            "name": "CodeQL",
            "guid": null,
            "version": "2.17.3"
        },
        "most_recent_instance": {
            "ref": "refs/heads/master",
            "analysis_key": ".github/workflows/codeql.yml:analyze",
            "environment": "{\"build-mode\":\"none\",\"language\":\"python\"}",
            "category": "/language:python",
            "state": "open",
            "commit_sha": "69686f97bb08549eef1660e0b76e1ae0dd16826d",
            "message": {
                "text": "'' binds a socket to all interfaces."
            },
            "location": {
                "path": "test/distributed/test_dist_link_neighbor_sampler.py",
                "start_line": 614,
                "end_line": 614,
                "start_column": 9,
                "end_column": 24
            },
            "classifications": [
                "test"
            ]
        },
        "instances_url": "https://api.github.com/repos/fcas/pytorch_geometric/code-scanning/alerts/16/instances"
    },
    {
        "number": 15,
        "created_at": "2024-05-19T01:51:03Z",
        "updated_at": "2024-05-19T01:51:03Z",
        "url": "https://api.github.com/repos/fcas/pytorch_geometric/code-scanning/alerts/15",
        "html_url": "https://github.com/fcas/pytorch_geometric/security/code-scanning/15",
        "state": "open",
        "fixed_at": null,
        "dismissed_by": null,
        "dismissed_at": null,
        "dismissed_reason": null,
        "dismissed_comment": null,
        "rule": {
            "id": "py/bind-socket-all-network-interfaces",
            "severity": "error",
            "description": "Binding a socket to all network interfaces",
            "name": "py/bind-socket-all-network-interfaces",
            "tags": [
                "external/cwe/cwe-200",
                "security"
            ],
            "security_severity_level": "medium"
        },
        "tool": {
            "name": "CodeQL",
            "guid": null,
            "version": "2.17.3"
        },
        "most_recent_instance": {
            "ref": "refs/heads/master",
            "analysis_key": ".github/workflows/codeql.yml:analyze",
            "environment": "{\"build-mode\":\"none\",\"language\":\"python\"}",
            "category": "/language:python",
            "state": "open",
            "commit_sha": "69686f97bb08549eef1660e0b76e1ae0dd16826d",
            "message": {
                "text": "'' binds a socket to all interfaces."
            },
            "location": {
                "path": "test/distributed/test_dist_neighbor_sampler.py",
                "start_line": 564,
                "end_line": 564,
                "start_column": 9,
                "end_column": 24
            },
            "classifications": [
                "test"
            ]
        },
        "instances_url": "https://api.github.com/repos/fcas/pytorch_geometric/code-scanning/alerts/15/instances"
    },
    {
        "number": 14,
        "created_at": "2024-05-19T01:51:03Z",
        "updated_at": "2024-05-19T01:51:03Z",
        "url": "https://api.github.com/repos/fcas/pytorch_geometric/code-scanning/alerts/14",
        "html_url": "https://github.com/fcas/pytorch_geometric/security/code-scanning/14",
        "state": "open",
        "fixed_at": null,
        "dismissed_by": null,
        "dismissed_at": null,
        "dismissed_reason": null,
        "dismissed_comment": null,
        "rule": {
            "id": "py/bind-socket-all-network-interfaces",
            "severity": "error",
            "description": "Binding a socket to all network interfaces",
            "name": "py/bind-socket-all-network-interfaces",
            "tags": [
                "external/cwe/cwe-200",
                "security"
            ],
            "security_severity_level": "medium"
        },
        "tool": {
            "name": "CodeQL",
            "guid": null,
            "version": "2.17.3"
        },
        "most_recent_instance": {
            "ref": "refs/heads/master",
            "analysis_key": ".github/workflows/codeql.yml:analyze",
            "environment": "{\"build-mode\":\"none\",\"language\":\"python\"}",
            "category": "/language:python",
            "state": "open",
            "commit_sha": "69686f97bb08549eef1660e0b76e1ae0dd16826d",
            "message": {
                "text": "'' binds a socket to all interfaces."
            },
            "location": {
                "path": "test/distributed/test_dist_link_neighbor_sampler.py",
                "start_line": 563,
                "end_line": 563,
                "start_column": 9,
                "end_column": 24
            },
            "classifications": [
                "test"
            ]
        },
        "instances_url": "https://api.github.com/repos/fcas/pytorch_geometric/code-scanning/alerts/14/instances"
    },
    {
        "number": 13,
        "created_at": "2024-05-19T01:51:03Z",
        "updated_at": "2024-05-19T01:51:03Z",
        "url": "https://api.github.com/repos/fcas/pytorch_geometric/code-scanning/alerts/13",
        "html_url": "https://github.com/fcas/pytorch_geometric/security/code-scanning/13",
        "state": "open",
        "fixed_at": null,
        "dismissed_by": null,
        "dismissed_at": null,
        "dismissed_reason": null,
        "dismissed_comment": null,
        "rule": {
            "id": "py/bind-socket-all-network-interfaces",
            "severity": "error",
            "description": "Binding a socket to all network interfaces",
            "name": "py/bind-socket-all-network-interfaces",
            "tags": [
                "external/cwe/cwe-200",
                "security"
            ],
            "security_severity_level": "medium"
        },
        "tool": {
            "name": "CodeQL",
            "guid": null,
            "version": "2.17.3"
        },
        "most_recent_instance": {
            "ref": "refs/heads/master",
            "analysis_key": ".github/workflows/codeql.yml:analyze",
            "environment": "{\"build-mode\":\"none\",\"language\":\"python\"}",
            "category": "/language:python",
            "state": "open",
            "commit_sha": "69686f97bb08549eef1660e0b76e1ae0dd16826d",
            "message": {
                "text": "'' binds a socket to all interfaces."
            },
            "location": {
                "path": "test/distributed/test_dist_neighbor_sampler.py",
                "start_line": 513,
                "end_line": 513,
                "start_column": 9,
                "end_column": 24
            },
            "classifications": [
                "test"
            ]
        },
        "instances_url": "https://api.github.com/repos/fcas/pytorch_geometric/code-scanning/alerts/13/instances"
    },
    {
        "number": 12,
        "created_at": "2024-05-19T01:51:03Z",
        "updated_at": "2024-05-19T01:51:03Z",
        "url": "https://api.github.com/repos/fcas/pytorch_geometric/code-scanning/alerts/12",
        "html_url": "https://github.com/fcas/pytorch_geometric/security/code-scanning/12",
        "state": "open",
        "fixed_at": null,
        "dismissed_by": null,
        "dismissed_at": null,
        "dismissed_reason": null,
        "dismissed_comment": null,
        "rule": {
            "id": "py/bind-socket-all-network-interfaces",
            "severity": "error",
            "description": "Binding a socket to all network interfaces",
            "name": "py/bind-socket-all-network-interfaces",
            "tags": [
                "external/cwe/cwe-200",
                "security"
            ],
            "security_severity_level": "medium"
        },
        "tool": {
            "name": "CodeQL",
            "guid": null,
            "version": "2.17.3"
        },
        "most_recent_instance": {
            "ref": "refs/heads/master",
            "analysis_key": ".github/workflows/codeql.yml:analyze",
            "environment": "{\"build-mode\":\"none\",\"language\":\"python\"}",
            "category": "/language:python",
            "state": "open",
            "commit_sha": "69686f97bb08549eef1660e0b76e1ae0dd16826d",
            "message": {
                "text": "'' binds a socket to all interfaces."
            },
            "location": {
                "path": "test/distributed/test_dist_link_neighbor_sampler.py",
                "start_line": 517,
                "end_line": 517,
                "start_column": 9,
                "end_column": 24
            },
            "classifications": [
                "test"
            ]
        },
        "instances_url": "https://api.github.com/repos/fcas/pytorch_geometric/code-scanning/alerts/12/instances"
    },
    {
        "number": 11,
        "created_at": "2024-05-19T01:51:03Z",
        "updated_at": "2024-05-19T01:51:03Z",
        "url": "https://api.github.com/repos/fcas/pytorch_geometric/code-scanning/alerts/11",
        "html_url": "https://github.com/fcas/pytorch_geometric/security/code-scanning/11",
        "state": "open",
        "fixed_at": null,
        "dismissed_by": null,
        "dismissed_at": null,
        "dismissed_reason": null,
        "dismissed_comment": null,
        "rule": {
            "id": "py/bind-socket-all-network-interfaces",
            "severity": "error",
            "description": "Binding a socket to all network interfaces",
            "name": "py/bind-socket-all-network-interfaces",
            "tags": [
                "external/cwe/cwe-200",
                "security"
            ],
            "security_severity_level": "medium"
        },
        "tool": {
            "name": "CodeQL",
            "guid": null,
            "version": "2.17.3"
        },
        "most_recent_instance": {
            "ref": "refs/heads/master",
            "analysis_key": ".github/workflows/codeql.yml:analyze",
            "environment": "{\"build-mode\":\"none\",\"language\":\"python\"}",
            "category": "/language:python",
            "state": "open",
            "commit_sha": "69686f97bb08549eef1660e0b76e1ae0dd16826d",
            "message": {
                "text": "'' binds a socket to all interfaces."
            },
            "location": {
                "path": "test/distributed/test_dist_neighbor_sampler.py",
                "start_line": 468,
                "end_line": 468,
                "start_column": 9,
                "end_column": 24
            },
            "classifications": [
                "test"
            ]
        },
        "instances_url": "https://api.github.com/repos/fcas/pytorch_geometric/code-scanning/alerts/11/instances"
    },
    {
        "number": 10,
        "created_at": "2024-05-19T01:51:03Z",
        "updated_at": "2024-05-19T01:51:03Z",
        "url": "https://api.github.com/repos/fcas/pytorch_geometric/code-scanning/alerts/10",
        "html_url": "https://github.com/fcas/pytorch_geometric/security/code-scanning/10",
        "state": "open",
        "fixed_at": null,
        "dismissed_by": null,
        "dismissed_at": null,
        "dismissed_reason": null,
        "dismissed_comment": null,
        "rule": {
            "id": "py/bind-socket-all-network-interfaces",
            "severity": "error",
            "description": "Binding a socket to all network interfaces",
            "name": "py/bind-socket-all-network-interfaces",
            "tags": [
                "external/cwe/cwe-200",
                "security"
            ],
            "security_severity_level": "medium"
        },
        "tool": {
            "name": "CodeQL",
            "guid": null,
            "version": "2.17.3"
        },
        "most_recent_instance": {
            "ref": "refs/heads/master",
            "analysis_key": ".github/workflows/codeql.yml:analyze",
            "environment": "{\"build-mode\":\"none\",\"language\":\"python\"}",
            "category": "/language:python",
            "state": "open",
            "commit_sha": "69686f97bb08549eef1660e0b76e1ae0dd16826d",
            "message": {
                "text": "'' binds a socket to all interfaces."
            },
            "location": {
                "path": "test/distributed/test_dist_link_neighbor_sampler.py",
                "start_line": 493,
                "end_line": 493,
                "start_column": 9,
                "end_column": 24
            },
            "classifications": [
                "test"
            ]
        },
        "instances_url": "https://api.github.com/repos/fcas/pytorch_geometric/code-scanning/alerts/10/instances"
    },
    {
        "number": 9,
        "created_at": "2024-05-19T01:51:03Z",
        "updated_at": "2024-05-19T01:51:03Z",
        "url": "https://api.github.com/repos/fcas/pytorch_geometric/code-scanning/alerts/9",
        "html_url": "https://github.com/fcas/pytorch_geometric/security/code-scanning/9",
        "state": "open",
        "fixed_at": null,
        "dismissed_by": null,
        "dismissed_at": null,
        "dismissed_reason": null,
        "dismissed_comment": null,
        "rule": {
            "id": "py/bind-socket-all-network-interfaces",
            "severity": "error",
            "description": "Binding a socket to all network interfaces",
            "name": "py/bind-socket-all-network-interfaces",
            "tags": [
                "external/cwe/cwe-200",
                "security"
            ],
            "security_severity_level": "medium"
        },
        "tool": {
            "name": "CodeQL",
            "guid": null,
            "version": "2.17.3"
        },
        "most_recent_instance": {
            "ref": "refs/heads/master",
            "analysis_key": ".github/workflows/codeql.yml:analyze",
            "environment": "{\"build-mode\":\"none\",\"language\":\"python\"}",
            "category": "/language:python",
            "state": "open",
            "commit_sha": "69686f97bb08549eef1660e0b76e1ae0dd16826d",
            "message": {
                "text": "'' binds a socket to all interfaces."
            },
            "location": {
                "path": "test/distributed/test_dist_neighbor_sampler.py",
                "start_line": 444,
                "end_line": 444,
                "start_column": 9,
                "end_column": 24
            },
            "classifications": [
                "test"
            ]
        },
        "instances_url": "https://api.github.com/repos/fcas/pytorch_geometric/code-scanning/alerts/9/instances"
    },
    {
        "number": 8,
        "created_at": "2024-05-19T01:51:03Z",
        "updated_at": "2024-05-19T01:51:03Z",
        "url": "https://api.github.com/repos/fcas/pytorch_geometric/code-scanning/alerts/8",
        "html_url": "https://github.com/fcas/pytorch_geometric/security/code-scanning/8",
        "state": "open",
        "fixed_at": null,
        "dismissed_by": null,
        "dismissed_at": null,
        "dismissed_reason": null,
        "dismissed_comment": null,
        "rule": {
            "id": "py/bind-socket-all-network-interfaces",
            "severity": "error",
            "description": "Binding a socket to all network interfaces",
            "name": "py/bind-socket-all-network-interfaces",
            "tags": [
                "external/cwe/cwe-200",
                "security"
            ],
            "security_severity_level": "medium"
        },
        "tool": {
            "name": "CodeQL",
            "guid": null,
            "version": "2.17.3"
        },
        "most_recent_instance": {
            "ref": "refs/heads/master",
            "analysis_key": ".github/workflows/codeql.yml:analyze",
            "environment": "{\"build-mode\":\"none\",\"language\":\"python\"}",
            "category": "/language:python",
            "state": "open",
            "commit_sha": "69686f97bb08549eef1660e0b76e1ae0dd16826d",
            "message": {
                "text": "'' binds a socket to all interfaces."
            },
            "location": {
                "path": "test/distributed/test_dist_link_neighbor_sampler.py",
                "start_line": 464,
                "end_line": 464,
                "start_column": 9,
                "end_column": 24
            },
            "classifications": [
                "test"
            ]
        },
        "instances_url": "https://api.github.com/repos/fcas/pytorch_geometric/code-scanning/alerts/8/instances"
    },
    {
        "number": 7,
        "created_at": "2024-05-19T01:51:03Z",
        "updated_at": "2024-05-19T01:51:03Z",
        "url": "https://api.github.com/repos/fcas/pytorch_geometric/code-scanning/alerts/7",
        "html_url": "https://github.com/fcas/pytorch_geometric/security/code-scanning/7",
        "state": "open",
        "fixed_at": null,
        "dismissed_by": null,
        "dismissed_at": null,
        "dismissed_reason": null,
        "dismissed_comment": null,
        "rule": {
            "id": "py/bind-socket-all-network-interfaces",
            "severity": "error",
            "description": "Binding a socket to all network interfaces",
            "name": "py/bind-socket-all-network-interfaces",
            "tags": [
                "external/cwe/cwe-200",
                "security"
            ],
            "security_severity_level": "medium"
        },
        "tool": {
            "name": "CodeQL",
            "guid": null,
            "version": "2.17.3"
        },
        "most_recent_instance": {
            "ref": "refs/heads/master",
            "analysis_key": ".github/workflows/codeql.yml:analyze",
            "environment": "{\"build-mode\":\"none\",\"language\":\"python\"}",
            "category": "/language:python",
            "state": "open",
            "commit_sha": "69686f97bb08549eef1660e0b76e1ae0dd16826d",
            "message": {
                "text": "'' binds a socket to all interfaces."
            },
            "location": {
                "path": "test/distributed/test_dist_neighbor_sampler.py",
                "start_line": 415,
                "end_line": 415,
                "start_column": 9,
                "end_column": 24
            },
            "classifications": [
                "test"
            ]
        },
        "instances_url": "https://api.github.com/repos/fcas/pytorch_geometric/code-scanning/alerts/7/instances"
    },
    {
        "number": 6,
        "created_at": "2024-05-19T01:51:03Z",
        "updated_at": "2024-05-19T01:51:03Z",
        "url": "https://api.github.com/repos/fcas/pytorch_geometric/code-scanning/alerts/6",
        "html_url": "https://github.com/fcas/pytorch_geometric/security/code-scanning/6",
        "state": "open",
        "fixed_at": null,
        "dismissed_by": null,
        "dismissed_at": null,
        "dismissed_reason": null,
        "dismissed_comment": null,
        "rule": {
            "id": "py/bind-socket-all-network-interfaces",
            "severity": "error",
            "description": "Binding a socket to all network interfaces",
            "name": "py/bind-socket-all-network-interfaces",
            "tags": [
                "external/cwe/cwe-200",
                "security"
            ],
            "security_severity_level": "medium"
        },
        "tool": {
            "name": "CodeQL",
            "guid": null,
            "version": "2.17.3"
        },
        "most_recent_instance": {
            "ref": "refs/heads/master",
            "analysis_key": ".github/workflows/codeql.yml:analyze",
            "environment": "{\"build-mode\":\"none\",\"language\":\"python\"}",
            "category": "/language:python",
            "state": "open",
            "commit_sha": "69686f97bb08549eef1660e0b76e1ae0dd16826d",
            "message": {
                "text": "'' binds a socket to all interfaces."
            },
            "location": {
                "path": "test/distributed/test_dist_link_neighbor_sampler.py",
                "start_line": 446,
                "end_line": 446,
                "start_column": 9,
                "end_column": 24
            },
            "classifications": [
                "test"
            ]
        },
        "instances_url": "https://api.github.com/repos/fcas/pytorch_geometric/code-scanning/alerts/6/instances"
    },
    {
        "number": 5,
        "created_at": "2024-05-19T01:51:03Z",
        "updated_at": "2024-05-19T01:51:03Z",
        "url": "https://api.github.com/repos/fcas/pytorch_geometric/code-scanning/alerts/5",
        "html_url": "https://github.com/fcas/pytorch_geometric/security/code-scanning/5",
        "state": "open",
        "fixed_at": null,
        "dismissed_by": null,
        "dismissed_at": null,
        "dismissed_reason": null,
        "dismissed_comment": null,
        "rule": {
            "id": "py/bind-socket-all-network-interfaces",
            "severity": "error",
            "description": "Binding a socket to all network interfaces",
            "name": "py/bind-socket-all-network-interfaces",
            "tags": [
                "external/cwe/cwe-200",
                "security"
            ],
            "security_severity_level": "medium"
        },
        "tool": {
            "name": "CodeQL",
            "guid": null,
            "version": "2.17.3"
        },
        "most_recent_instance": {
            "ref": "refs/heads/master",
            "analysis_key": ".github/workflows/codeql.yml:analyze",
            "environment": "{\"build-mode\":\"none\",\"language\":\"python\"}",
            "category": "/language:python",
            "state": "open",
            "commit_sha": "69686f97bb08549eef1660e0b76e1ae0dd16826d",
            "message": {
                "text": "'' binds a socket to all interfaces."
            },
            "location": {
                "path": "test/distributed/test_dist_neighbor_sampler.py",
                "start_line": 397,
                "end_line": 397,
                "start_column": 9,
                "end_column": 24
            },
            "classifications": [
                "test"
            ]
        },
        "instances_url": "https://api.github.com/repos/fcas/pytorch_geometric/code-scanning/alerts/5/instances"
    },
    {
        "number": 4,
        "created_at": "2024-05-19T01:51:03Z",
        "updated_at": "2024-05-19T01:51:03Z",
        "url": "https://api.github.com/repos/fcas/pytorch_geometric/code-scanning/alerts/4",
        "html_url": "https://github.com/fcas/pytorch_geometric/security/code-scanning/4",
        "state": "open",
        "fixed_at": null,
        "dismissed_by": null,
        "dismissed_at": null,
        "dismissed_reason": null,
        "dismissed_comment": null,
        "rule": {
            "id": "py/bind-socket-all-network-interfaces",
            "severity": "error",
            "description": "Binding a socket to all network interfaces",
            "name": "py/bind-socket-all-network-interfaces",
            "tags": [
                "external/cwe/cwe-200",
                "security"
            ],
            "security_severity_level": "medium"
        },
        "tool": {
            "name": "CodeQL",
            "guid": null,
            "version": "2.17.3"
        },
        "most_recent_instance": {
            "ref": "refs/heads/master",
            "analysis_key": ".github/workflows/codeql.yml:analyze",
            "environment": "{\"build-mode\":\"none\",\"language\":\"python\"}",
            "category": "/language:python",
            "state": "open",
            "commit_sha": "69686f97bb08549eef1660e0b76e1ae0dd16826d",
            "message": {
                "text": "'' binds a socket to all interfaces."
            },
            "location": {
                "path": "test/distributed/test_dist_neighbor_loader.py",
                "start_line": 208,
                "end_line": 208,
                "start_column": 9,
                "end_column": 24
            },
            "classifications": [
                "test"
            ]
        },
        "instances_url": "https://api.github.com/repos/fcas/pytorch_geometric/code-scanning/alerts/4/instances"
    },
    {
        "number": 3,
        "created_at": "2024-05-19T01:51:03Z",
        "updated_at": "2024-05-19T01:51:03Z",
        "url": "https://api.github.com/repos/fcas/pytorch_geometric/code-scanning/alerts/3",
        "html_url": "https://github.com/fcas/pytorch_geometric/security/code-scanning/3",
        "state": "open",
        "fixed_at": null,
        "dismissed_by": null,
        "dismissed_at": null,
        "dismissed_reason": null,
        "dismissed_comment": null,
        "rule": {
            "id": "py/bind-socket-all-network-interfaces",
            "severity": "error",
            "description": "Binding a socket to all network interfaces",
            "name": "py/bind-socket-all-network-interfaces",
            "tags": [
                "external/cwe/cwe-200",
                "security"
            ],
            "security_severity_level": "medium"
        },
        "tool": {
            "name": "CodeQL",
            "guid": null,
            "version": "2.17.3"
        },
        "most_recent_instance": {
            "ref": "refs/heads/master",
            "analysis_key": ".github/workflows/codeql.yml:analyze",
            "environment": "{\"build-mode\":\"none\",\"language\":\"python\"}",
            "category": "/language:python",
            "state": "open",
            "commit_sha": "69686f97bb08549eef1660e0b76e1ae0dd16826d",
            "message": {
                "text": "'' binds a socket to all interfaces."
            },
            "location": {
                "path": "test/distributed/test_dist_neighbor_loader.py",
                "start_line": 171,
                "end_line": 171,
                "start_column": 9,
                "end_column": 24
            },
            "classifications": [
                "test"
            ]
        },
        "instances_url": "https://api.github.com/repos/fcas/pytorch_geometric/code-scanning/alerts/3/instances"
    },
    {
        "number": 2,
        "created_at": "2024-05-19T01:51:03Z",
        "updated_at": "2024-05-19T01:51:03Z",
        "url": "https://api.github.com/repos/fcas/pytorch_geometric/code-scanning/alerts/2",
        "html_url": "https://github.com/fcas/pytorch_geometric/security/code-scanning/2",
        "state": "open",
        "fixed_at": null,
        "dismissed_by": null,
        "dismissed_at": null,
        "dismissed_reason": null,
        "dismissed_comment": null,
        "rule": {
            "id": "py/bind-socket-all-network-interfaces",
            "severity": "error",
            "description": "Binding a socket to all network interfaces",
            "name": "py/bind-socket-all-network-interfaces",
            "tags": [
                "external/cwe/cwe-200",
                "security"
            ],
            "security_severity_level": "medium"
        },
        "tool": {
            "name": "CodeQL",
            "guid": null,
            "version": "2.17.3"
        },
        "most_recent_instance": {
            "ref": "refs/heads/master",
            "analysis_key": ".github/workflows/codeql.yml:analyze",
            "environment": "{\"build-mode\":\"none\",\"language\":\"python\"}",
            "category": "/language:python",
            "state": "open",
            "commit_sha": "69686f97bb08549eef1660e0b76e1ae0dd16826d",
            "message": {
                "text": "'' binds a socket to all interfaces."
            },
            "location": {
                "path": "test/distributed/test_dist_link_neighbor_loader.py",
                "start_line": 200,
                "end_line": 200,
                "start_column": 9,
                "end_column": 24
            },
            "classifications": [
                "test"
            ]
        },
        "instances_url": "https://api.github.com/repos/fcas/pytorch_geometric/code-scanning/alerts/2/instances"
    },
    {
        "number": 1,
        "created_at": "2024-05-19T01:51:03Z",
        "updated_at": "2024-05-19T01:51:03Z",
        "url": "https://api.github.com/repos/fcas/pytorch_geometric/code-scanning/alerts/1",
        "html_url": "https://github.com/fcas/pytorch_geometric/security/code-scanning/1",
        "state": "open",
        "fixed_at": null,
        "dismissed_by": null,
        "dismissed_at": null,
        "dismissed_reason": null,
        "dismissed_comment": null,
        "rule": {
            "id": "py/bind-socket-all-network-interfaces",
            "severity": "error",
            "description": "Binding a socket to all network interfaces",
            "name": "py/bind-socket-all-network-interfaces",
            "tags": [
                "external/cwe/cwe-200",
                "security"
            ],
            "security_severity_level": "medium"
        },
        "tool": {
            "name": "CodeQL",
            "guid": null,
            "version": "2.17.3"
        },
        "most_recent_instance": {
            "ref": "refs/heads/master",
            "analysis_key": ".github/workflows/codeql.yml:analyze",
            "environment": "{\"build-mode\":\"none\",\"language\":\"python\"}",
            "category": "/language:python",
            "state": "open",
            "commit_sha": "69686f97bb08549eef1660e0b76e1ae0dd16826d",
            "message": {
                "text": "'' binds a socket to all interfaces."
            },
            "location": {
                "path": "test/distributed/test_dist_link_neighbor_loader.py",
                "start_line": 158,
                "end_line": 158,
                "start_column": 9,
                "end_column": 24
            },
            "classifications": [
                "test"
            ]
        },
        "instances_url": "https://api.github.com/repos/fcas/pytorch_geometric/code-scanning/alerts/1/instances"
    }
]