[
    {
        "number": 4,
        "created_at": "2024-05-19T00:28:58Z",
        "updated_at": "2024-05-19T00:28:59Z",
        "url": "https://api.github.com/repos/fcas/PyTorchCV/code-scanning/alerts/4",
        "html_url": "https://github.com/fcas/PyTorchCV/security/code-scanning/4",
        "state": "open",
        "fixed_at": null,
        "dismissed_by": null,
        "dismissed_at": null,
        "dismissed_reason": null,
        "dismissed_comment": null,
        "rule": {
            "id": "py/path-injection",
            "severity": "error",
            "description": "Uncontrolled data used in path expression",
            "name": "py/path-injection",
            "tags": [
                "correctness",
                "external/cwe/cwe-022",
                "external/cwe/cwe-023",
                "external/cwe/cwe-036",
                "external/cwe/cwe-073",
                "external/cwe/cwe-099",
                "security"
            ],
            "security_severity_level": "high"
        },
        "tool": {
            "name": "CodeQL",
            "guid": null,
            "version": "2.17.3"
        },
        "most_recent_instance": {
            "ref": "refs/heads/master",
            "analysis_key": ".github/workflows/codeql.yml:analyze",
            "environment": "{\"build-mode\":\"none\",\"language\":\"python\"}",
            "category": "/language:python",
            "state": "open",
            "commit_sha": "82904674a756e1011e8f37f3f3519e09da2858e5",
            "message": {
                "text": "This path depends on a user-provided value."
            },
            "location": {
                "path": "imagesite/src/utils.py",
                "start_line": 31,
                "end_line": 31,
                "start_column": 30,
                "end_column": 62
            },
            "classifications": []
        },
        "instances_url": "https://api.github.com/repos/fcas/PyTorchCV/code-scanning/alerts/4/instances"
    },
    {
        "number": 3,
        "created_at": "2024-05-19T00:28:58Z",
        "updated_at": "2024-05-19T00:28:59Z",
        "url": "https://api.github.com/repos/fcas/PyTorchCV/code-scanning/alerts/3",
        "html_url": "https://github.com/fcas/PyTorchCV/security/code-scanning/3",
        "state": "open",
        "fixed_at": null,
        "dismissed_by": null,
        "dismissed_at": null,
        "dismissed_reason": null,
        "dismissed_comment": null,
        "rule": {
            "id": "py/path-injection",
            "severity": "error",
            "description": "Uncontrolled data used in path expression",
            "name": "py/path-injection",
            "tags": [
                "correctness",
                "external/cwe/cwe-022",
                "external/cwe/cwe-023",
                "external/cwe/cwe-036",
                "external/cwe/cwe-073",
                "external/cwe/cwe-099",
                "security"
            ],
            "security_severity_level": "high"
        },
        "tool": {
            "name": "CodeQL",
            "guid": null,
            "version": "2.17.3"
        },
        "most_recent_instance": {
            "ref": "refs/heads/master",
            "analysis_key": ".github/workflows/codeql.yml:analyze",
            "environment": "{\"build-mode\":\"none\",\"language\":\"python\"}",
            "category": "/language:python",
            "state": "open",
            "commit_sha": "82904674a756e1011e8f37f3f3519e09da2858e5",
            "message": {
                "text": "This path depends on a user-provided value."
            },
            "location": {
                "path": "imagesite/src/utils.py",
                "start_line": 21,
                "end_line": 21,
                "start_column": 28,
                "end_column": 40
            },
            "classifications": []
        },
        "instances_url": "https://api.github.com/repos/fcas/PyTorchCV/code-scanning/alerts/3/instances"
    },
    {
        "number": 2,
        "created_at": "2024-05-19T00:28:58Z",
        "updated_at": "2024-05-19T00:28:59Z",
        "url": "https://api.github.com/repos/fcas/PyTorchCV/code-scanning/alerts/2",
        "html_url": "https://github.com/fcas/PyTorchCV/security/code-scanning/2",
        "state": "open",
        "fixed_at": null,
        "dismissed_by": null,
        "dismissed_at": null,
        "dismissed_reason": null,
        "dismissed_comment": null,
        "rule": {
            "id": "py/reflective-xss",
            "severity": "error",
            "description": "Reflected server-side cross-site scripting",
            "name": "py/reflective-xss",
            "tags": [
                "external/cwe/cwe-079",
                "external/cwe/cwe-116",
                "security"
            ],
            "security_severity_level": "medium"
        },
        "tool": {
            "name": "CodeQL",
            "guid": null,
            "version": "2.17.3"
        },
        "most_recent_instance": {
            "ref": "refs/heads/master",
            "analysis_key": ".github/workflows/codeql.yml:analyze",
            "environment": "{\"build-mode\":\"none\",\"language\":\"python\"}",
            "category": "/language:python",
            "state": "open",
            "commit_sha": "82904674a756e1011e8f37f3f3519e09da2858e5",
            "message": {
                "text": "Cross-site scripting vulnerability due to a user-provided value."
            },
            "location": {
                "path": "imagesite/image_site.py",
                "start_line": 35,
                "end_line": 35,
                "start_column": 16,
                "end_column": 61
            },
            "classifications": []
        },
        "instances_url": "https://api.github.com/repos/fcas/PyTorchCV/code-scanning/alerts/2/instances"
    },
    {
        "number": 1,
        "created_at": "2024-05-19T00:28:58Z",
        "updated_at": "2024-05-19T00:28:59Z",
        "url": "https://api.github.com/repos/fcas/PyTorchCV/code-scanning/alerts/1",
        "html_url": "https://github.com/fcas/PyTorchCV/security/code-scanning/1",
        "state": "open",
        "fixed_at": null,
        "dismissed_by": null,
        "dismissed_at": null,
        "dismissed_reason": null,
        "dismissed_comment": null,
        "rule": {
            "id": "py/reflective-xss",
            "severity": "error",
            "description": "Reflected server-side cross-site scripting",
            "name": "py/reflective-xss",
            "tags": [
                "external/cwe/cwe-079",
                "external/cwe/cwe-116",
                "security"
            ],
            "security_severity_level": "medium"
        },
        "tool": {
            "name": "CodeQL",
            "guid": null,
            "version": "2.17.3"
        },
        "most_recent_instance": {
            "ref": "refs/heads/master",
            "analysis_key": ".github/workflows/codeql.yml:analyze",
            "environment": "{\"build-mode\":\"none\",\"language\":\"python\"}",
            "category": "/language:python",
            "state": "open",
            "commit_sha": "82904674a756e1011e8f37f3f3519e09da2858e5",
            "message": {
                "text": "Cross-site scripting vulnerability due to a user-provided value."
            },
            "location": {
                "path": "imagesite/image_site.py",
                "start_line": 19,
                "end_line": 19,
                "start_column": 16,
                "end_column": 61
            },
            "classifications": []
        },
        "instances_url": "https://api.github.com/repos/fcas/PyTorchCV/code-scanning/alerts/1/instances"
    }
]