[
    {
        "number": 11,
        "created_at": "2024-05-19T04:24:50Z",
        "updated_at": "2024-05-19T04:24:53Z",
        "url": "https://api.github.com/repos/fcas/pytorch-lightning/code-scanning/alerts/11",
        "html_url": "https://github.com/fcas/pytorch-lightning/security/code-scanning/11",
        "state": "open",
        "fixed_at": null,
        "dismissed_by": null,
        "dismissed_at": null,
        "dismissed_reason": null,
        "dismissed_comment": null,
        "rule": {
            "id": "py/path-injection",
            "severity": "error",
            "description": "Uncontrolled data used in path expression",
            "name": "py/path-injection",
            "tags": [
                "correctness",
                "external/cwe/cwe-022",
                "external/cwe/cwe-023",
                "external/cwe/cwe-036",
                "external/cwe/cwe-073",
                "external/cwe/cwe-099",
                "security"
            ],
            "security_severity_level": "high"
        },
        "tool": {
            "name": "CodeQL",
            "guid": null,
            "version": "2.17.3"
        },
        "most_recent_instance": {
            "ref": "refs/heads/master",
            "analysis_key": ".github/workflows/codeql.yml:analyze",
            "environment": "{\"build-mode\":\"none\",\"language\":\"python\"}",
            "category": "/language:python",
            "state": "open",
            "commit_sha": "889da1c5e655a0012aca698c21aeeeebeff81c05",
            "message": {
                "text": "This path depends on a user-provided value."
            },
            "location": {
                "path": "src/lightning/app/storage/drive.py",
                "start_line": 328,
                "end_line": 328,
                "start_column": 31,
                "end_column": 67
            },
            "classifications": []
        },
        "instances_url": "https://api.github.com/repos/fcas/pytorch-lightning/code-scanning/alerts/11/instances"
    },
    {
        "number": 10,
        "created_at": "2024-05-19T04:24:50Z",
        "updated_at": "2024-05-19T04:24:53Z",
        "url": "https://api.github.com/repos/fcas/pytorch-lightning/code-scanning/alerts/10",
        "html_url": "https://github.com/fcas/pytorch-lightning/security/code-scanning/10",
        "state": "open",
        "fixed_at": null,
        "dismissed_by": null,
        "dismissed_at": null,
        "dismissed_reason": null,
        "dismissed_comment": null,
        "rule": {
            "id": "py/path-injection",
            "severity": "error",
            "description": "Uncontrolled data used in path expression",
            "name": "py/path-injection",
            "tags": [
                "correctness",
                "external/cwe/cwe-022",
                "external/cwe/cwe-023",
                "external/cwe/cwe-036",
                "external/cwe/cwe-073",
                "external/cwe/cwe-099",
                "security"
            ],
            "security_severity_level": "high"
        },
        "tool": {
            "name": "CodeQL",
            "guid": null,
            "version": "2.17.3"
        },
        "most_recent_instance": {
            "ref": "refs/heads/master",
            "analysis_key": ".github/workflows/codeql.yml:analyze",
            "environment": "{\"build-mode\":\"none\",\"language\":\"python\"}",
            "category": "/language:python",
            "state": "open",
            "commit_sha": "889da1c5e655a0012aca698c21aeeeebeff81c05",
            "message": {
                "text": "This path depends on a user-provided value."
            },
            "location": {
                "path": "src/lightning/app/storage/drive.py",
                "start_line": 114,
                "end_line": 114,
                "start_column": 15,
                "end_column": 65
            },
            "classifications": []
        },
        "instances_url": "https://api.github.com/repos/fcas/pytorch-lightning/code-scanning/alerts/10/instances"
    },
    {
        "number": 9,
        "created_at": "2024-05-19T04:24:50Z",
        "updated_at": "2024-05-19T04:24:53Z",
        "url": "https://api.github.com/repos/fcas/pytorch-lightning/code-scanning/alerts/9",
        "html_url": "https://github.com/fcas/pytorch-lightning/security/code-scanning/9",
        "state": "open",
        "fixed_at": null,
        "dismissed_by": null,
        "dismissed_at": null,
        "dismissed_reason": null,
        "dismissed_comment": null,
        "rule": {
            "id": "py/path-injection",
            "severity": "error",
            "description": "Uncontrolled data used in path expression",
            "name": "py/path-injection",
            "tags": [
                "correctness",
                "external/cwe/cwe-022",
                "external/cwe/cwe-023",
                "external/cwe/cwe-036",
                "external/cwe/cwe-073",
                "external/cwe/cwe-099",
                "security"
            ],
            "security_severity_level": "high"
        },
        "tool": {
            "name": "CodeQL",
            "guid": null,
            "version": "2.17.3"
        },
        "most_recent_instance": {
            "ref": "refs/heads/master",
            "analysis_key": ".github/workflows/codeql.yml:analyze",
            "environment": "{\"build-mode\":\"none\",\"language\":\"python\"}",
            "category": "/language:python",
            "state": "open",
            "commit_sha": "889da1c5e655a0012aca698c21aeeeebeff81c05",
            "message": {
                "text": "This path depends on a user-provided value."
            },
            "location": {
                "path": "src/lightning/app/storage/copier.py",
                "start_line": 141,
                "end_line": 141,
                "start_column": 33,
                "end_column": 44
            },
            "classifications": []
        },
        "instances_url": "https://api.github.com/repos/fcas/pytorch-lightning/code-scanning/alerts/9/instances"
    },
    {
        "number": 8,
        "created_at": "2024-05-19T04:24:50Z",
        "updated_at": "2024-05-19T04:24:53Z",
        "url": "https://api.github.com/repos/fcas/pytorch-lightning/code-scanning/alerts/8",
        "html_url": "https://github.com/fcas/pytorch-lightning/security/code-scanning/8",
        "state": "open",
        "fixed_at": null,
        "dismissed_by": null,
        "dismissed_at": null,
        "dismissed_reason": null,
        "dismissed_comment": null,
        "rule": {
            "id": "py/path-injection",
            "severity": "error",
            "description": "Uncontrolled data used in path expression",
            "name": "py/path-injection",
            "tags": [
                "correctness",
                "external/cwe/cwe-022",
                "external/cwe/cwe-023",
                "external/cwe/cwe-036",
                "external/cwe/cwe-073",
                "external/cwe/cwe-099",
                "security"
            ],
            "security_severity_level": "high"
        },
        "tool": {
            "name": "CodeQL",
            "guid": null,
            "version": "2.17.3"
        },
        "most_recent_instance": {
            "ref": "refs/heads/master",
            "analysis_key": ".github/workflows/codeql.yml:analyze",
            "environment": "{\"build-mode\":\"none\",\"language\":\"python\"}",
            "category": "/language:python",
            "state": "open",
            "commit_sha": "889da1c5e655a0012aca698c21aeeeebeff81c05",
            "message": {
                "text": "This path depends on a user-provided value."
            },
            "location": {
                "path": "src/lightning/app/storage/copier.py",
                "start_line": 140,
                "end_line": 140,
                "start_column": 8,
                "end_column": 19
            },
            "classifications": []
        },
        "instances_url": "https://api.github.com/repos/fcas/pytorch-lightning/code-scanning/alerts/8/instances"
    },
    {
        "number": 7,
        "created_at": "2024-05-19T04:24:50Z",
        "updated_at": "2024-05-19T04:24:53Z",
        "url": "https://api.github.com/repos/fcas/pytorch-lightning/code-scanning/alerts/7",
        "html_url": "https://github.com/fcas/pytorch-lightning/security/code-scanning/7",
        "state": "open",
        "fixed_at": null,
        "dismissed_by": null,
        "dismissed_at": null,
        "dismissed_reason": null,
        "dismissed_comment": null,
        "rule": {
            "id": "py/path-injection",
            "severity": "error",
            "description": "Uncontrolled data used in path expression",
            "name": "py/path-injection",
            "tags": [
                "correctness",
                "external/cwe/cwe-022",
                "external/cwe/cwe-023",
                "external/cwe/cwe-036",
                "external/cwe/cwe-073",
                "external/cwe/cwe-099",
                "security"
            ],
            "security_severity_level": "high"
        },
        "tool": {
            "name": "CodeQL",
            "guid": null,
            "version": "2.17.3"
        },
        "most_recent_instance": {
            "ref": "refs/heads/master",
            "analysis_key": ".github/workflows/codeql.yml:analyze",
            "environment": "{\"build-mode\":\"none\",\"language\":\"python\"}",
            "category": "/language:python",
            "state": "open",
            "commit_sha": "889da1c5e655a0012aca698c21aeeeebeff81c05",
            "message": {
                "text": "This path depends on a user-provided value."
            },
            "location": {
                "path": "src/lightning/app/core/api.py",
                "start_line": 333,
                "end_line": 333,
                "start_column": 19,
                "end_column": 27
            },
            "classifications": []
        },
        "instances_url": "https://api.github.com/repos/fcas/pytorch-lightning/code-scanning/alerts/7/instances"
    },
    {
        "number": 6,
        "created_at": "2024-05-19T04:24:50Z",
        "updated_at": "2024-05-19T04:24:53Z",
        "url": "https://api.github.com/repos/fcas/pytorch-lightning/code-scanning/alerts/6",
        "html_url": "https://github.com/fcas/pytorch-lightning/security/code-scanning/6",
        "state": "open",
        "fixed_at": null,
        "dismissed_by": null,
        "dismissed_at": null,
        "dismissed_reason": null,
        "dismissed_comment": null,
        "rule": {
            "id": "py/bind-socket-all-network-interfaces",
            "severity": "error",
            "description": "Binding a socket to all network interfaces",
            "name": "py/bind-socket-all-network-interfaces",
            "tags": [
                "external/cwe/cwe-200",
                "security"
            ],
            "security_severity_level": "medium"
        },
        "tool": {
            "name": "CodeQL",
            "guid": null,
            "version": "2.17.3"
        },
        "most_recent_instance": {
            "ref": "refs/heads/master",
            "analysis_key": ".github/workflows/codeql.yml:analyze",
            "environment": "{\"build-mode\":\"none\",\"language\":\"python\"}",
            "category": "/language:python",
            "state": "open",
            "commit_sha": "889da1c5e655a0012aca698c21aeeeebeff81c05",
            "message": {
                "text": "'' binds a socket to all interfaces."
            },
            "location": {
                "path": "src/lightning/app/utilities/network.py",
                "start_line": 76,
                "end_line": 76,
                "start_column": 13,
                "end_column": 34
            },
            "classifications": []
        },
        "instances_url": "https://api.github.com/repos/fcas/pytorch-lightning/code-scanning/alerts/6/instances"
    },
    {
        "number": 5,
        "created_at": "2024-05-19T04:24:50Z",
        "updated_at": "2024-05-19T04:24:53Z",
        "url": "https://api.github.com/repos/fcas/pytorch-lightning/code-scanning/alerts/5",
        "html_url": "https://github.com/fcas/pytorch-lightning/security/code-scanning/5",
        "state": "open",
        "fixed_at": null,
        "dismissed_by": null,
        "dismissed_at": null,
        "dismissed_reason": null,
        "dismissed_comment": null,
        "rule": {
            "id": "py/bind-socket-all-network-interfaces",
            "severity": "error",
            "description": "Binding a socket to all network interfaces",
            "name": "py/bind-socket-all-network-interfaces",
            "tags": [
                "external/cwe/cwe-200",
                "security"
            ],
            "security_severity_level": "medium"
        },
        "tool": {
            "name": "CodeQL",
            "guid": null,
            "version": "2.17.3"
        },
        "most_recent_instance": {
            "ref": "refs/heads/master",
            "analysis_key": ".github/workflows/codeql.yml:analyze",
            "environment": "{\"build-mode\":\"none\",\"language\":\"python\"}",
            "category": "/language:python",
            "state": "open",
            "commit_sha": "889da1c5e655a0012aca698c21aeeeebeff81c05",
            "message": {
                "text": "'' binds a socket to all interfaces."
            },
            "location": {
                "path": "src/lightning/app/utilities/network.py",
                "start_line": 48,
                "end_line": 48,
                "start_column": 9,
                "end_column": 27
            },
            "classifications": []
        },
        "instances_url": "https://api.github.com/repos/fcas/pytorch-lightning/code-scanning/alerts/5/instances"
    },
    {
        "number": 4,
        "created_at": "2024-05-19T04:24:50Z",
        "updated_at": "2024-05-19T04:24:53Z",
        "url": "https://api.github.com/repos/fcas/pytorch-lightning/code-scanning/alerts/4",
        "html_url": "https://github.com/fcas/pytorch-lightning/security/code-scanning/4",
        "state": "open",
        "fixed_at": null,
        "dismissed_by": null,
        "dismissed_at": null,
        "dismissed_reason": null,
        "dismissed_comment": null,
        "rule": {
            "id": "py/bind-socket-all-network-interfaces",
            "severity": "error",
            "description": "Binding a socket to all network interfaces",
            "name": "py/bind-socket-all-network-interfaces",
            "tags": [
                "external/cwe/cwe-200",
                "security"
            ],
            "security_severity_level": "medium"
        },
        "tool": {
            "name": "CodeQL",
            "guid": null,
            "version": "2.17.3"
        },
        "most_recent_instance": {
            "ref": "refs/heads/master",
            "analysis_key": ".github/workflows/codeql.yml:analyze",
            "environment": "{\"build-mode\":\"none\",\"language\":\"python\"}",
            "category": "/language:python",
            "state": "open",
            "commit_sha": "889da1c5e655a0012aca698c21aeeeebeff81c05",
            "message": {
                "text": "'' binds a socket to all interfaces."
            },
            "location": {
                "path": "src/lightning/fabric/plugins/environments/lightning.py",
                "start_line": 116,
                "end_line": 116,
                "start_column": 5,
                "end_column": 20
            },
            "classifications": []
        },
        "instances_url": "https://api.github.com/repos/fcas/pytorch-lightning/code-scanning/alerts/4/instances"
    },
    {
        "number": 3,
        "created_at": "2024-05-19T04:24:50Z",
        "updated_at": "2024-05-19T04:24:53Z",
        "url": "https://api.github.com/repos/fcas/pytorch-lightning/code-scanning/alerts/3",
        "html_url": "https://github.com/fcas/pytorch-lightning/security/code-scanning/3",
        "state": "open",
        "fixed_at": null,
        "dismissed_by": null,
        "dismissed_at": null,
        "dismissed_reason": null,
        "dismissed_comment": null,
        "rule": {
            "id": "py/incomplete-url-substring-sanitization",
            "severity": "warning",
            "description": "Incomplete URL substring sanitization",
            "name": "py/incomplete-url-substring-sanitization",
            "tags": [
                "correctness",
                "external/cwe/cwe-20",
                "security"
            ],
            "security_severity_level": "high"
        },
        "tool": {
            "name": "CodeQL",
            "guid": null,
            "version": "2.17.3"
        },
        "most_recent_instance": {
            "ref": "refs/heads/master",
            "analysis_key": ".github/workflows/codeql.yml:analyze",
            "environment": "{\"build-mode\":\"none\",\"language\":\"python\"}",
            "category": "/language:python",
            "state": "open",
            "commit_sha": "889da1c5e655a0012aca698c21aeeeebeff81c05",
            "message": {
                "text": "The string github.com may be at an arbitrary position in the sanitized URL."
            },
            "location": {
                "path": "src/lightning/app/utilities/git.py",
                "start_line": 37,
                "end_line": 37,
                "start_column": 30,
                "end_column": 63
            },
            "classifications": []
        },
        "instances_url": "https://api.github.com/repos/fcas/pytorch-lightning/code-scanning/alerts/3/instances"
    },
    {
        "number": 2,
        "created_at": "2024-05-19T04:24:50Z",
        "updated_at": "2024-05-19T04:24:53Z",
        "url": "https://api.github.com/repos/fcas/pytorch-lightning/code-scanning/alerts/2",
        "html_url": "https://github.com/fcas/pytorch-lightning/security/code-scanning/2",
        "state": "open",
        "fixed_at": null,
        "dismissed_by": null,
        "dismissed_at": null,
        "dismissed_reason": null,
        "dismissed_comment": null,
        "rule": {
            "id": "py/incomplete-url-substring-sanitization",
            "severity": "warning",
            "description": "Incomplete URL substring sanitization",
            "name": "py/incomplete-url-substring-sanitization",
            "tags": [
                "correctness",
                "external/cwe/cwe-20",
                "security"
            ],
            "security_severity_level": "high"
        },
        "tool": {
            "name": "CodeQL",
            "guid": null,
            "version": "2.17.3"
        },
        "most_recent_instance": {
            "ref": "refs/heads/master",
            "analysis_key": ".github/workflows/codeql.yml:analyze",
            "environment": "{\"build-mode\":\"none\",\"language\":\"python\"}",
            "category": "/language:python",
            "state": "open",
            "commit_sha": "889da1c5e655a0012aca698c21aeeeebeff81c05",
            "message": {
                "text": "The string github.com may be at an arbitrary position in the sanitized URL."
            },
            "location": {
                "path": "src/lightning/app/cli/cmd_install.py",
                "start_line": 98,
                "end_line": 98,
                "start_column": 8,
                "end_column": 28
            },
            "classifications": []
        },
        "instances_url": "https://api.github.com/repos/fcas/pytorch-lightning/code-scanning/alerts/2/instances"
    },
    {
        "number": 1,
        "created_at": "2024-05-19T04:24:50Z",
        "updated_at": "2024-05-19T04:24:53Z",
        "url": "https://api.github.com/repos/fcas/pytorch-lightning/code-scanning/alerts/1",
        "html_url": "https://github.com/fcas/pytorch-lightning/security/code-scanning/1",
        "state": "open",
        "fixed_at": null,
        "dismissed_by": null,
        "dismissed_at": null,
        "dismissed_reason": null,
        "dismissed_comment": null,
        "rule": {
            "id": "py/incomplete-url-substring-sanitization",
            "severity": "warning",
            "description": "Incomplete URL substring sanitization",
            "name": "py/incomplete-url-substring-sanitization",
            "tags": [
                "correctness",
                "external/cwe/cwe-20",
                "security"
            ],
            "security_severity_level": "high"
        },
        "tool": {
            "name": "CodeQL",
            "guid": null,
            "version": "2.17.3"
        },
        "most_recent_instance": {
            "ref": "refs/heads/master",
            "analysis_key": ".github/workflows/codeql.yml:analyze",
            "environment": "{\"build-mode\":\"none\",\"language\":\"python\"}",
            "category": "/language:python",
            "state": "open",
            "commit_sha": "889da1c5e655a0012aca698c21aeeeebeff81c05",
            "message": {
                "text": "The string github.com may be at an arbitrary position in the sanitized URL."
            },
            "location": {
                "path": "src/lightning/app/cli/cmd_install.py",
                "start_line": 86,
                "end_line": 86,
                "start_column": 8,
                "end_column": 28
            },
            "classifications": []
        },
        "instances_url": "https://api.github.com/repos/fcas/pytorch-lightning/code-scanning/alerts/1/instances"
    }
]