[
    {
        "number": 49,
        "created_at": "2024-05-19T18:21:15Z",
        "updated_at": "2024-05-19T18:21:18Z",
        "url": "https://api.github.com/repos/fcas/ray/code-scanning/alerts/49",
        "html_url": "https://github.com/fcas/ray/security/code-scanning/49",
        "state": "open",
        "fixed_at": null,
        "dismissed_by": null,
        "dismissed_at": null,
        "dismissed_reason": null,
        "dismissed_comment": null,
        "rule": {
            "id": "py/clear-text-logging-sensitive-data",
            "severity": "error",
            "description": "Clear-text logging of sensitive information",
            "name": "py/clear-text-logging-sensitive-data",
            "tags": [
                "external/cwe/cwe-312",
                "external/cwe/cwe-359",
                "external/cwe/cwe-532",
                "security"
            ],
            "security_severity_level": "high"
        },
        "tool": {
            "name": "CodeQL",
            "guid": null,
            "version": "2.17.3"
        },
        "most_recent_instance": {
            "ref": "refs/heads/master",
            "analysis_key": ".github/workflows/codeql.yml:analyze",
            "environment": "{\"build-mode\":\"none\",\"language\":\"python\"}",
            "category": "/language:python",
            "state": "open",
            "commit_sha": "387736296d698cd8f7430a011189ab025008295a",
            "message": {
                "text": "This expression logs sensitive data (secret) as clear text."
            },
            "location": {
                "path": "release/tune_tests/scalability_tests/workloads/test_durable_trainable.py",
                "start_line": 26,
                "end_line": 26,
                "start_column": 15,
                "end_column": 62
            },
            "classifications": [
                "test"
            ]
        },
        "instances_url": "https://api.github.com/repos/fcas/ray/code-scanning/alerts/49/instances"
    },
    {
        "number": 48,
        "created_at": "2024-05-19T18:21:15Z",
        "updated_at": "2024-05-19T18:21:18Z",
        "url": "https://api.github.com/repos/fcas/ray/code-scanning/alerts/48",
        "html_url": "https://github.com/fcas/ray/security/code-scanning/48",
        "state": "open",
        "fixed_at": null,
        "dismissed_by": null,
        "dismissed_at": null,
        "dismissed_reason": null,
        "dismissed_comment": null,
        "rule": {
            "id": "py/clear-text-logging-sensitive-data",
            "severity": "error",
            "description": "Clear-text logging of sensitive information",
            "name": "py/clear-text-logging-sensitive-data",
            "tags": [
                "external/cwe/cwe-312",
                "external/cwe/cwe-359",
                "external/cwe/cwe-532",
                "security"
            ],
            "security_severity_level": "high"
        },
        "tool": {
            "name": "CodeQL",
            "guid": null,
            "version": "2.17.3"
        },
        "most_recent_instance": {
            "ref": "refs/heads/master",
            "analysis_key": ".github/workflows/codeql.yml:analyze",
            "environment": "{\"build-mode\":\"none\",\"language\":\"python\"}",
            "category": "/language:python",
            "state": "open",
            "commit_sha": "387736296d698cd8f7430a011189ab025008295a",
            "message": {
                "text": "This expression logs sensitive data (secret) as clear text.\nThis expression logs sensitive data (secret) as clear text."
            },
            "location": {
                "path": "ci/env/setup_credentials.py",
                "start_line": 41,
                "end_line": 41,
                "start_column": 15,
                "end_column": 63
            },
            "classifications": []
        },
        "instances_url": "https://api.github.com/repos/fcas/ray/code-scanning/alerts/48/instances"
    },
    {
        "number": 47,
        "created_at": "2024-05-19T18:21:15Z",
        "updated_at": "2024-05-19T18:21:18Z",
        "url": "https://api.github.com/repos/fcas/ray/code-scanning/alerts/47",
        "html_url": "https://github.com/fcas/ray/security/code-scanning/47",
        "state": "open",
        "fixed_at": null,
        "dismissed_by": null,
        "dismissed_at": null,
        "dismissed_reason": null,
        "dismissed_comment": null,
        "rule": {
            "id": "py/clear-text-logging-sensitive-data",
            "severity": "error",
            "description": "Clear-text logging of sensitive information",
            "name": "py/clear-text-logging-sensitive-data",
            "tags": [
                "external/cwe/cwe-312",
                "external/cwe/cwe-359",
                "external/cwe/cwe-532",
                "security"
            ],
            "security_severity_level": "high"
        },
        "tool": {
            "name": "CodeQL",
            "guid": null,
            "version": "2.17.3"
        },
        "most_recent_instance": {
            "ref": "refs/heads/master",
            "analysis_key": ".github/workflows/codeql.yml:analyze",
            "environment": "{\"build-mode\":\"none\",\"language\":\"python\"}",
            "category": "/language:python",
            "state": "open",
            "commit_sha": "387736296d698cd8f7430a011189ab025008295a",
            "message": {
                "text": "This expression logs sensitive data (secret) as clear text."
            },
            "location": {
                "path": "python/ray/_private/runtime_env/packaging.py",
                "start_line": 530,
                "end_line": 530,
                "start_column": 21,
                "end_column": 82
            },
            "classifications": []
        },
        "instances_url": "https://api.github.com/repos/fcas/ray/code-scanning/alerts/47/instances"
    },
    {
        "number": 46,
        "created_at": "2024-05-19T18:21:15Z",
        "updated_at": "2024-05-19T18:21:18Z",
        "url": "https://api.github.com/repos/fcas/ray/code-scanning/alerts/46",
        "html_url": "https://github.com/fcas/ray/security/code-scanning/46",
        "state": "open",
        "fixed_at": null,
        "dismissed_by": null,
        "dismissed_at": null,
        "dismissed_reason": null,
        "dismissed_comment": null,
        "rule": {
            "id": "py/clear-text-logging-sensitive-data",
            "severity": "error",
            "description": "Clear-text logging of sensitive information",
            "name": "py/clear-text-logging-sensitive-data",
            "tags": [
                "external/cwe/cwe-312",
                "external/cwe/cwe-359",
                "external/cwe/cwe-532",
                "security"
            ],
            "security_severity_level": "high"
        },
        "tool": {
            "name": "CodeQL",
            "guid": null,
            "version": "2.17.3"
        },
        "most_recent_instance": {
            "ref": "refs/heads/master",
            "analysis_key": ".github/workflows/codeql.yml:analyze",
            "environment": "{\"build-mode\":\"none\",\"language\":\"python\"}",
            "category": "/language:python",
            "state": "open",
            "commit_sha": "387736296d698cd8f7430a011189ab025008295a",
            "message": {
                "text": "This expression logs sensitive data (secret) as clear text."
            },
            "location": {
                "path": "python/ray/_private/runtime_env/packaging.py",
                "start_line": 406,
                "end_line": 410,
                "start_column": 25,
                "end_column": 68
            },
            "classifications": []
        },
        "instances_url": "https://api.github.com/repos/fcas/ray/code-scanning/alerts/46/instances"
    },
    {
        "number": 45,
        "created_at": "2024-05-19T18:21:15Z",
        "updated_at": "2024-05-19T18:21:18Z",
        "url": "https://api.github.com/repos/fcas/ray/code-scanning/alerts/45",
        "html_url": "https://github.com/fcas/ray/security/code-scanning/45",
        "state": "open",
        "fixed_at": null,
        "dismissed_by": null,
        "dismissed_at": null,
        "dismissed_reason": null,
        "dismissed_comment": null,
        "rule": {
            "id": "py/clear-text-logging-sensitive-data",
            "severity": "error",
            "description": "Clear-text logging of sensitive information",
            "name": "py/clear-text-logging-sensitive-data",
            "tags": [
                "external/cwe/cwe-312",
                "external/cwe/cwe-359",
                "external/cwe/cwe-532",
                "security"
            ],
            "security_severity_level": "high"
        },
        "tool": {
            "name": "CodeQL",
            "guid": null,
            "version": "2.17.3"
        },
        "most_recent_instance": {
            "ref": "refs/heads/master",
            "analysis_key": ".github/workflows/codeql.yml:analyze",
            "environment": "{\"build-mode\":\"none\",\"language\":\"python\"}",
            "category": "/language:python",
            "state": "open",
            "commit_sha": "387736296d698cd8f7430a011189ab025008295a",
            "message": {
                "text": "This expression logs sensitive data (secret) as clear text."
            },
            "location": {
                "path": "python/ray/_private/runtime_env/packaging.py",
                "start_line": 371,
                "end_line": 371,
                "start_column": 17,
                "end_column": 65
            },
            "classifications": []
        },
        "instances_url": "https://api.github.com/repos/fcas/ray/code-scanning/alerts/45/instances"
    },
    {
        "number": 44,
        "created_at": "2024-05-19T18:21:15Z",
        "updated_at": "2024-05-19T18:21:18Z",
        "url": "https://api.github.com/repos/fcas/ray/code-scanning/alerts/44",
        "html_url": "https://github.com/fcas/ray/security/code-scanning/44",
        "state": "open",
        "fixed_at": null,
        "dismissed_by": null,
        "dismissed_at": null,
        "dismissed_reason": null,
        "dismissed_comment": null,
        "rule": {
            "id": "py/clear-text-logging-sensitive-data",
            "severity": "error",
            "description": "Clear-text logging of sensitive information",
            "name": "py/clear-text-logging-sensitive-data",
            "tags": [
                "external/cwe/cwe-312",
                "external/cwe/cwe-359",
                "external/cwe/cwe-532",
                "security"
            ],
            "security_severity_level": "high"
        },
        "tool": {
            "name": "CodeQL",
            "guid": null,
            "version": "2.17.3"
        },
        "most_recent_instance": {
            "ref": "refs/heads/master",
            "analysis_key": ".github/workflows/codeql.yml:analyze",
            "environment": "{\"build-mode\":\"none\",\"language\":\"python\"}",
            "category": "/language:python",
            "state": "open",
            "commit_sha": "387736296d698cd8f7430a011189ab025008295a",
            "message": {
                "text": "This expression logs sensitive data (secret) as clear text."
            },
            "location": {
                "path": "python/ray/_private/runtime_env/packaging.py",
                "start_line": 358,
                "end_line": 358,
                "start_column": 17,
                "end_column": 83
            },
            "classifications": []
        },
        "instances_url": "https://api.github.com/repos/fcas/ray/code-scanning/alerts/44/instances"
    },
    {
        "number": 43,
        "created_at": "2024-05-19T18:21:15Z",
        "updated_at": "2024-05-19T18:21:18Z",
        "url": "https://api.github.com/repos/fcas/ray/code-scanning/alerts/43",
        "html_url": "https://github.com/fcas/ray/security/code-scanning/43",
        "state": "open",
        "fixed_at": null,
        "dismissed_by": null,
        "dismissed_at": null,
        "dismissed_reason": null,
        "dismissed_comment": null,
        "rule": {
            "id": "py/clear-text-logging-sensitive-data",
            "severity": "error",
            "description": "Clear-text logging of sensitive information",
            "name": "py/clear-text-logging-sensitive-data",
            "tags": [
                "external/cwe/cwe-312",
                "external/cwe/cwe-359",
                "external/cwe/cwe-532",
                "security"
            ],
            "security_severity_level": "high"
        },
        "tool": {
            "name": "CodeQL",
            "guid": null,
            "version": "2.17.3"
        },
        "most_recent_instance": {
            "ref": "refs/heads/master",
            "analysis_key": ".github/workflows/codeql.yml:analyze",
            "environment": "{\"build-mode\":\"none\",\"language\":\"python\"}",
            "category": "/language:python",
            "state": "open",
            "commit_sha": "387736296d698cd8f7430a011189ab025008295a",
            "message": {
                "text": "This expression logs sensitive data (secret) as clear text."
            },
            "location": {
                "path": "python/ray/_private/runtime_env/packaging.py",
                "start_line": 159,
                "end_line": 160,
                "start_column": 21,
                "end_column": 65
            },
            "classifications": []
        },
        "instances_url": "https://api.github.com/repos/fcas/ray/code-scanning/alerts/43/instances"
    },
    {
        "number": 42,
        "created_at": "2024-05-19T18:21:15Z",
        "updated_at": "2024-05-19T18:21:18Z",
        "url": "https://api.github.com/repos/fcas/ray/code-scanning/alerts/42",
        "html_url": "https://github.com/fcas/ray/security/code-scanning/42",
        "state": "open",
        "fixed_at": null,
        "dismissed_by": null,
        "dismissed_at": null,
        "dismissed_reason": null,
        "dismissed_comment": null,
        "rule": {
            "id": "py/clear-text-logging-sensitive-data",
            "severity": "error",
            "description": "Clear-text logging of sensitive information",
            "name": "py/clear-text-logging-sensitive-data",
            "tags": [
                "external/cwe/cwe-312",
                "external/cwe/cwe-359",
                "external/cwe/cwe-532",
                "security"
            ],
            "security_severity_level": "high"
        },
        "tool": {
            "name": "CodeQL",
            "guid": null,
            "version": "2.17.3"
        },
        "most_recent_instance": {
            "ref": "refs/heads/master",
            "analysis_key": ".github/workflows/codeql.yml:analyze",
            "environment": "{\"build-mode\":\"none\",\"language\":\"python\"}",
            "category": "/language:python",
            "state": "open",
            "commit_sha": "387736296d698cd8f7430a011189ab025008295a",
            "message": {
                "text": "This expression logs sensitive data (secret) as clear text."
            },
            "location": {
                "path": "python/ray/_private/runtime_env/packaging.py",
                "start_line": 127,
                "end_line": 127,
                "start_column": 26,
                "end_column": 52
            },
            "classifications": []
        },
        "instances_url": "https://api.github.com/repos/fcas/ray/code-scanning/alerts/42/instances"
    },
    {
        "number": 41,
        "created_at": "2024-05-19T18:21:15Z",
        "updated_at": "2024-05-19T18:21:18Z",
        "url": "https://api.github.com/repos/fcas/ray/code-scanning/alerts/41",
        "html_url": "https://github.com/fcas/ray/security/code-scanning/41",
        "state": "open",
        "fixed_at": null,
        "dismissed_by": null,
        "dismissed_at": null,
        "dismissed_reason": null,
        "dismissed_comment": null,
        "rule": {
            "id": "py/clear-text-logging-sensitive-data",
            "severity": "error",
            "description": "Clear-text logging of sensitive information",
            "name": "py/clear-text-logging-sensitive-data",
            "tags": [
                "external/cwe/cwe-312",
                "external/cwe/cwe-359",
                "external/cwe/cwe-532",
                "security"
            ],
            "security_severity_level": "high"
        },
        "tool": {
            "name": "CodeQL",
            "guid": null,
            "version": "2.17.3"
        },
        "most_recent_instance": {
            "ref": "refs/heads/master",
            "analysis_key": ".github/workflows/codeql.yml:analyze",
            "environment": "{\"build-mode\":\"none\",\"language\":\"python\"}",
            "category": "/language:python",
            "state": "open",
            "commit_sha": "387736296d698cd8f7430a011189ab025008295a",
            "message": {
                "text": "This expression logs sensitive data (secret) as clear text."
            },
            "location": {
                "path": "python/ray/util/check_serialize.py",
                "start_line": 30,
                "end_line": 30,
                "start_column": 15,
                "end_column": 27
            },
            "classifications": []
        },
        "instances_url": "https://api.github.com/repos/fcas/ray/code-scanning/alerts/41/instances"
    },
    {
        "number": 40,
        "created_at": "2024-05-19T18:21:15Z",
        "updated_at": "2024-05-19T18:21:18Z",
        "url": "https://api.github.com/repos/fcas/ray/code-scanning/alerts/40",
        "html_url": "https://github.com/fcas/ray/security/code-scanning/40",
        "state": "open",
        "fixed_at": null,
        "dismissed_by": null,
        "dismissed_at": null,
        "dismissed_reason": null,
        "dismissed_comment": null,
        "rule": {
            "id": "py/clear-text-storage-sensitive-data",
            "severity": "error",
            "description": "Clear-text storage of sensitive information",
            "name": "py/clear-text-storage-sensitive-data",
            "tags": [
                "external/cwe/cwe-312",
                "external/cwe/cwe-315",
                "external/cwe/cwe-359",
                "security"
            ],
            "security_severity_level": "high"
        },
        "tool": {
            "name": "CodeQL",
            "guid": null,
            "version": "2.17.3"
        },
        "most_recent_instance": {
            "ref": "refs/heads/master",
            "analysis_key": ".github/workflows/codeql.yml:analyze",
            "environment": "{\"build-mode\":\"none\",\"language\":\"python\"}",
            "category": "/language:python",
            "state": "open",
            "commit_sha": "387736296d698cd8f7430a011189ab025008295a",
            "message": {
                "text": "This expression stores sensitive data (certificate) as clear text.\nThis expression stores sensitive data (certificate) as clear text."
            },
            "location": {
                "path": "python/ray/_private/test_utils.py",
                "start_line": 1409,
                "end_line": 1409,
                "start_column": 18,
                "end_column": 21
            },
            "classifications": [
                "test"
            ]
        },
        "instances_url": "https://api.github.com/repos/fcas/ray/code-scanning/alerts/40/instances"
    },
    {
        "number": 39,
        "created_at": "2024-05-19T18:21:15Z",
        "updated_at": "2024-05-19T18:21:18Z",
        "url": "https://api.github.com/repos/fcas/ray/code-scanning/alerts/39",
        "html_url": "https://github.com/fcas/ray/security/code-scanning/39",
        "state": "open",
        "fixed_at": null,
        "dismissed_by": null,
        "dismissed_at": null,
        "dismissed_reason": null,
        "dismissed_comment": null,
        "rule": {
            "id": "py/clear-text-storage-sensitive-data",
            "severity": "error",
            "description": "Clear-text storage of sensitive information",
            "name": "py/clear-text-storage-sensitive-data",
            "tags": [
                "external/cwe/cwe-312",
                "external/cwe/cwe-315",
                "external/cwe/cwe-359",
                "security"
            ],
            "security_severity_level": "high"
        },
        "tool": {
            "name": "CodeQL",
            "guid": null,
            "version": "2.17.3"
        },
        "most_recent_instance": {
            "ref": "refs/heads/master",
            "analysis_key": ".github/workflows/codeql.yml:analyze",
            "environment": "{\"build-mode\":\"none\",\"language\":\"python\"}",
            "category": "/language:python",
            "state": "open",
            "commit_sha": "387736296d698cd8f7430a011189ab025008295a",
            "message": {
                "text": "This expression stores sensitive data (certificate) as clear text.\nThis expression stores sensitive data (certificate) as clear text."
            },
            "location": {
                "path": "python/ray/_private/test_utils.py",
                "start_line": 1407,
                "end_line": 1407,
                "start_column": 18,
                "end_column": 22
            },
            "classifications": [
                "test"
            ]
        },
        "instances_url": "https://api.github.com/repos/fcas/ray/code-scanning/alerts/39/instances"
    },
    {
        "number": 38,
        "created_at": "2024-05-19T18:21:15Z",
        "updated_at": "2024-05-19T18:21:18Z",
        "url": "https://api.github.com/repos/fcas/ray/code-scanning/alerts/38",
        "html_url": "https://github.com/fcas/ray/security/code-scanning/38",
        "state": "open",
        "fixed_at": null,
        "dismissed_by": null,
        "dismissed_at": null,
        "dismissed_reason": null,
        "dismissed_comment": null,
        "rule": {
            "id": "py/clear-text-storage-sensitive-data",
            "severity": "error",
            "description": "Clear-text storage of sensitive information",
            "name": "py/clear-text-storage-sensitive-data",
            "tags": [
                "external/cwe/cwe-312",
                "external/cwe/cwe-315",
                "external/cwe/cwe-359",
                "security"
            ],
            "security_severity_level": "high"
        },
        "tool": {
            "name": "CodeQL",
            "guid": null,
            "version": "2.17.3"
        },
        "most_recent_instance": {
            "ref": "refs/heads/master",
            "analysis_key": ".github/workflows/codeql.yml:analyze",
            "environment": "{\"build-mode\":\"none\",\"language\":\"python\"}",
            "category": "/language:python",
            "state": "open",
            "commit_sha": "387736296d698cd8f7430a011189ab025008295a",
            "message": {
                "text": "This expression stores sensitive data (password) as clear text.\nThis expression stores sensitive data (password) as clear text.\nThis expression stores sensitive data (password) as clear text.\nThis expression stores sensitive data (password) as clear text.\nThis expression stores sensitive data (password) as clear text.\nThis expression stores sensitive data (password) as clear text.\nThis expression stores sensitive data (password) as clear text.\nThis expression stores sensitive data (password) as clear text.\nThis expression stores sensitive data (password) as clear text.\nThis expression stores sensitive data (password) as clear text.\nThis expression stores sensitive data (password) as clear text.\nThis expression stores sensitive data (password) as clear text.\nThis expression stores sensitive data (password) as clear text.\nThis expression stores sensitive data (password) as clear text.\nThis expression stores sensitive data (password) as clear text.\nThis expression stores sensitive data (password) as clear text.\nThis expression stores sensitive data (password) as clear text.\nThis expression stores sensitive data (password) as clear text.\nThis expression stores sensitive data (password) as clear text.\nThis expression stores sensitive data (password) as clear text.\nThis expression stores sensitive data (password) as clear text.\nThis expression stores sensitive data (password) as clear text.\nThis expression stores sensitive data (password) as clear text.\nThis expression stores sensitive data (password) as clear text."
            },
            "location": {
                "path": "python/ray/_private/services.py",
                "start_line": 948,
                "end_line": 948,
                "start_column": 33,
                "end_column": 50
            },
            "classifications": []
        },
        "instances_url": "https://api.github.com/repos/fcas/ray/code-scanning/alerts/38/instances"
    },
    {
        "number": 37,
        "created_at": "2024-05-19T18:21:15Z",
        "updated_at": "2024-05-19T18:21:18Z",
        "url": "https://api.github.com/repos/fcas/ray/code-scanning/alerts/37",
        "html_url": "https://github.com/fcas/ray/security/code-scanning/37",
        "state": "open",
        "fixed_at": null,
        "dismissed_by": null,
        "dismissed_at": null,
        "dismissed_reason": null,
        "dismissed_comment": null,
        "rule": {
            "id": "py/paramiko-missing-host-key-validation",
            "severity": "error",
            "description": "Accepting unknown SSH host keys when using Paramiko",
            "name": "py/paramiko-missing-host-key-validation",
            "tags": [
                "external/cwe/cwe-295",
                "security"
            ],
            "security_severity_level": "high"
        },
        "tool": {
            "name": "CodeQL",
            "guid": null,
            "version": "2.17.3"
        },
        "most_recent_instance": {
            "ref": "refs/heads/master",
            "analysis_key": ".github/workflows/codeql.yml:analyze",
            "environment": "{\"build-mode\":\"none\",\"language\":\"python\"}",
            "category": "/language:python",
            "state": "open",
            "commit_sha": "387736296d698cd8f7430a011189ab025008295a",
            "message": {
                "text": "Setting missing host key policy to WarningPolicy may be unsafe."
            },
            "location": {
                "path": "ci/repro-ci.py",
                "start_line": 278,
                "end_line": 278,
                "start_column": 9,
                "end_column": 66
            },
            "classifications": []
        },
        "instances_url": "https://api.github.com/repos/fcas/ray/code-scanning/alerts/37/instances"
    },
    {
        "number": 36,
        "created_at": "2024-05-19T18:21:15Z",
        "updated_at": "2024-05-19T18:21:18Z",
        "url": "https://api.github.com/repos/fcas/ray/code-scanning/alerts/36",
        "html_url": "https://github.com/fcas/ray/security/code-scanning/36",
        "state": "open",
        "fixed_at": null,
        "dismissed_by": null,
        "dismissed_at": null,
        "dismissed_reason": null,
        "dismissed_comment": null,
        "rule": {
            "id": "py/redos",
            "severity": "error",
            "description": "Inefficient regular expression",
            "name": "py/redos",
            "tags": [
                "external/cwe/cwe-1333",
                "external/cwe/cwe-400",
                "external/cwe/cwe-730",
                "security"
            ],
            "security_severity_level": "high"
        },
        "tool": {
            "name": "CodeQL",
            "guid": null,
            "version": "2.17.3"
        },
        "most_recent_instance": {
            "ref": "refs/heads/master",
            "analysis_key": ".github/workflows/codeql.yml:analyze",
            "environment": "{\"build-mode\":\"none\",\"language\":\"python\"}",
            "category": "/language:python",
            "state": "open",
            "commit_sha": "387736296d698cd8f7430a011189ab025008295a",
            "message": {
                "text": "This part of the regular expression may cause exponential backtracking on strings starting with 'TensorDtype(shape=(' and containing many repetitions of '0'."
            },
            "location": {
                "path": "python/ray/air/util/tensor_extensions/pandas.py",
                "start_line": 397,
                "end_line": 397,
                "start_column": 32,
                "end_column": 36
            },
            "classifications": []
        },
        "instances_url": "https://api.github.com/repos/fcas/ray/code-scanning/alerts/36/instances"
    },
    {
        "number": 35,
        "created_at": "2024-05-19T18:21:15Z",
        "updated_at": "2024-05-19T18:21:18Z",
        "url": "https://api.github.com/repos/fcas/ray/code-scanning/alerts/35",
        "html_url": "https://github.com/fcas/ray/security/code-scanning/35",
        "state": "open",
        "fixed_at": null,
        "dismissed_by": null,
        "dismissed_at": null,
        "dismissed_reason": null,
        "dismissed_comment": null,
        "rule": {
            "id": "py/unsafe-deserialization",
            "severity": "error",
            "description": "Deserialization of user-controlled data",
            "name": "py/unsafe-deserialization",
            "tags": [
                "external/cwe/cwe-502",
                "security",
                "serialization"
            ],
            "security_severity_level": "critical"
        },
        "tool": {
            "name": "CodeQL",
            "guid": null,
            "version": "2.17.3"
        },
        "most_recent_instance": {
            "ref": "refs/heads/master",
            "analysis_key": ".github/workflows/codeql.yml:analyze",
            "environment": "{\"build-mode\":\"none\",\"language\":\"python\"}",
            "category": "/language:python",
            "state": "open",
            "commit_sha": "387736296d698cd8f7430a011189ab025008295a",
            "message": {
                "text": "Unsafe deserialization depends on a user-provided value."
            },
            "location": {
                "path": "rllib/env/policy_server_input.py",
                "start_line": 272,
                "end_line": 272,
                "start_column": 41,
                "end_column": 49
            },
            "classifications": []
        },
        "instances_url": "https://api.github.com/repos/fcas/ray/code-scanning/alerts/35/instances"
    },
    {
        "number": 34,
        "created_at": "2024-05-19T18:21:15Z",
        "updated_at": "2024-05-19T18:21:18Z",
        "url": "https://api.github.com/repos/fcas/ray/code-scanning/alerts/34",
        "html_url": "https://github.com/fcas/ray/security/code-scanning/34",
        "state": "open",
        "fixed_at": null,
        "dismissed_by": null,
        "dismissed_at": null,
        "dismissed_reason": null,
        "dismissed_comment": null,
        "rule": {
            "id": "py/weak-sensitive-data-hashing",
            "severity": "warning",
            "description": "Use of a broken or weak cryptographic hashing algorithm on sensitive data",
            "name": "py/weak-sensitive-data-hashing",
            "tags": [
                "external/cwe/cwe-327",
                "external/cwe/cwe-328",
                "external/cwe/cwe-916",
                "security"
            ],
            "security_severity_level": "high"
        },
        "tool": {
            "name": "CodeQL",
            "guid": null,
            "version": "2.17.3"
        },
        "most_recent_instance": {
            "ref": "refs/heads/master",
            "analysis_key": ".github/workflows/codeql.yml:analyze",
            "environment": "{\"build-mode\":\"none\",\"language\":\"python\"}",
            "category": "/language:python",
            "state": "open",
            "commit_sha": "387736296d698cd8f7430a011189ab025008295a",
            "message": {
                "text": "Sensitive data (secret) is used in a hashing algorithm (SHA1) that is insecure."
            },
            "location": {
                "path": "python/ray/_private/runtime_env/packaging.py",
                "start_line": 153,
                "end_line": 153,
                "start_column": 21,
                "end_column": 66
            },
            "classifications": []
        },
        "instances_url": "https://api.github.com/repos/fcas/ray/code-scanning/alerts/34/instances"
    },
    {
        "number": 33,
        "created_at": "2024-05-19T18:21:15Z",
        "updated_at": "2024-05-19T18:21:18Z",
        "url": "https://api.github.com/repos/fcas/ray/code-scanning/alerts/33",
        "html_url": "https://github.com/fcas/ray/security/code-scanning/33",
        "state": "open",
        "fixed_at": null,
        "dismissed_by": null,
        "dismissed_at": null,
        "dismissed_reason": null,
        "dismissed_comment": null,
        "rule": {
            "id": "py/stack-trace-exposure",
            "severity": "error",
            "description": "Information exposure through an exception",
            "name": "py/stack-trace-exposure",
            "tags": [
                "external/cwe/cwe-209",
                "external/cwe/cwe-497",
                "security"
            ],
            "security_severity_level": "medium"
        },
        "tool": {
            "name": "CodeQL",
            "guid": null,
            "version": "2.17.3"
        },
        "most_recent_instance": {
            "ref": "refs/heads/master",
            "analysis_key": ".github/workflows/codeql.yml:analyze",
            "environment": "{\"build-mode\":\"none\",\"language\":\"python\"}",
            "category": "/language:python",
            "state": "open",
            "commit_sha": "387736296d698cd8f7430a011189ab025008295a",
            "message": {
                "text": "Stack trace information flows to this location and may be exposed to an external user."
            },
            "location": {
                "path": "dashboard/modules/job/utils.py",
                "start_line": 138,
                "end_line": 138,
                "start_column": 18,
                "end_column": 40
            },
            "classifications": []
        },
        "instances_url": "https://api.github.com/repos/fcas/ray/code-scanning/alerts/33/instances"
    },
    {
        "number": 32,
        "created_at": "2024-05-19T18:21:15Z",
        "updated_at": "2024-05-19T18:21:18Z",
        "url": "https://api.github.com/repos/fcas/ray/code-scanning/alerts/32",
        "html_url": "https://github.com/fcas/ray/security/code-scanning/32",
        "state": "open",
        "fixed_at": null,
        "dismissed_by": null,
        "dismissed_at": null,
        "dismissed_reason": null,
        "dismissed_comment": null,
        "rule": {
            "id": "py/stack-trace-exposure",
            "severity": "error",
            "description": "Information exposure through an exception",
            "name": "py/stack-trace-exposure",
            "tags": [
                "external/cwe/cwe-209",
                "external/cwe/cwe-497",
                "security"
            ],
            "security_severity_level": "medium"
        },
        "tool": {
            "name": "CodeQL",
            "guid": null,
            "version": "2.17.3"
        },
        "most_recent_instance": {
            "ref": "refs/heads/master",
            "analysis_key": ".github/workflows/codeql.yml:analyze",
            "environment": "{\"build-mode\":\"none\",\"language\":\"python\"}",
            "category": "/language:python",
            "state": "open",
            "commit_sha": "387736296d698cd8f7430a011189ab025008295a",
            "message": {
                "text": "Stack trace information flows to this location and may be exposed to an external user."
            },
            "location": {
                "path": "dashboard/modules/serve/serve_rest_api_impl.py",
                "start_line": 195,
                "end_line": 195,
                "start_column": 26,
                "end_column": 32
            },
            "classifications": []
        },
        "instances_url": "https://api.github.com/repos/fcas/ray/code-scanning/alerts/32/instances"
    },
    {
        "number": 31,
        "created_at": "2024-05-19T18:21:15Z",
        "updated_at": "2024-05-19T18:21:18Z",
        "url": "https://api.github.com/repos/fcas/ray/code-scanning/alerts/31",
        "html_url": "https://github.com/fcas/ray/security/code-scanning/31",
        "state": "open",
        "fixed_at": null,
        "dismissed_by": null,
        "dismissed_at": null,
        "dismissed_reason": null,
        "dismissed_comment": null,
        "rule": {
            "id": "py/stack-trace-exposure",
            "severity": "error",
            "description": "Information exposure through an exception",
            "name": "py/stack-trace-exposure",
            "tags": [
                "external/cwe/cwe-209",
                "external/cwe/cwe-497",
                "security"
            ],
            "security_severity_level": "medium"
        },
        "tool": {
            "name": "CodeQL",
            "guid": null,
            "version": "2.17.3"
        },
        "most_recent_instance": {
            "ref": "refs/heads/master",
            "analysis_key": ".github/workflows/codeql.yml:analyze",
            "environment": "{\"build-mode\":\"none\",\"language\":\"python\"}",
            "category": "/language:python",
            "state": "open",
            "commit_sha": "387736296d698cd8f7430a011189ab025008295a",
            "message": {
                "text": "Stack trace information flows to this location and may be exposed to an external user."
            },
            "location": {
                "path": "dashboard/modules/serve/serve_rest_api_impl.py",
                "start_line": 131,
                "end_line": 132,
                "start_column": 29,
                "end_column": 76
            },
            "classifications": []
        },
        "instances_url": "https://api.github.com/repos/fcas/ray/code-scanning/alerts/31/instances"
    },
    {
        "number": 30,
        "created_at": "2024-05-19T18:21:15Z",
        "updated_at": "2024-05-19T18:21:18Z",
        "url": "https://api.github.com/repos/fcas/ray/code-scanning/alerts/30",
        "html_url": "https://github.com/fcas/ray/security/code-scanning/30",
        "state": "open",
        "fixed_at": null,
        "dismissed_by": null,
        "dismissed_at": null,
        "dismissed_reason": null,
        "dismissed_comment": null,
        "rule": {
            "id": "py/stack-trace-exposure",
            "severity": "error",
            "description": "Information exposure through an exception",
            "name": "py/stack-trace-exposure",
            "tags": [
                "external/cwe/cwe-209",
                "external/cwe/cwe-497",
                "security"
            ],
            "security_severity_level": "medium"
        },
        "tool": {
            "name": "CodeQL",
            "guid": null,
            "version": "2.17.3"
        },
        "most_recent_instance": {
            "ref": "refs/heads/master",
            "analysis_key": ".github/workflows/codeql.yml:analyze",
            "environment": "{\"build-mode\":\"none\",\"language\":\"python\"}",
            "category": "/language:python",
            "state": "open",
            "commit_sha": "387736296d698cd8f7430a011189ab025008295a",
            "message": {
                "text": "Stack trace information flows to this location and may be exposed to an external user."
            },
            "location": {
                "path": "dashboard/modules/reporter/reporter_head.py",
                "start_line": 589,
                "end_line": 589,
                "start_column": 64,
                "end_column": 70
            },
            "classifications": []
        },
        "instances_url": "https://api.github.com/repos/fcas/ray/code-scanning/alerts/30/instances"
    },
    {
        "number": 29,
        "created_at": "2024-05-19T18:21:15Z",
        "updated_at": "2024-05-19T18:21:18Z",
        "url": "https://api.github.com/repos/fcas/ray/code-scanning/alerts/29",
        "html_url": "https://github.com/fcas/ray/security/code-scanning/29",
        "state": "open",
        "fixed_at": null,
        "dismissed_by": null,
        "dismissed_at": null,
        "dismissed_reason": null,
        "dismissed_comment": null,
        "rule": {
            "id": "py/stack-trace-exposure",
            "severity": "error",
            "description": "Information exposure through an exception",
            "name": "py/stack-trace-exposure",
            "tags": [
                "external/cwe/cwe-209",
                "external/cwe/cwe-497",
                "security"
            ],
            "security_severity_level": "medium"
        },
        "tool": {
            "name": "CodeQL",
            "guid": null,
            "version": "2.17.3"
        },
        "most_recent_instance": {
            "ref": "refs/heads/master",
            "analysis_key": ".github/workflows/codeql.yml:analyze",
            "environment": "{\"build-mode\":\"none\",\"language\":\"python\"}",
            "category": "/language:python",
            "state": "open",
            "commit_sha": "387736296d698cd8f7430a011189ab025008295a",
            "message": {
                "text": "Stack trace information flows to this location and may be exposed to an external user."
            },
            "location": {
                "path": "dashboard/modules/reporter/reporter_head.py",
                "start_line": 532,
                "end_line": 532,
                "start_column": 64,
                "end_column": 70
            },
            "classifications": []
        },
        "instances_url": "https://api.github.com/repos/fcas/ray/code-scanning/alerts/29/instances"
    },
    {
        "number": 28,
        "created_at": "2024-05-19T18:21:15Z",
        "updated_at": "2024-05-19T18:21:18Z",
        "url": "https://api.github.com/repos/fcas/ray/code-scanning/alerts/28",
        "html_url": "https://github.com/fcas/ray/security/code-scanning/28",
        "state": "open",
        "fixed_at": null,
        "dismissed_by": null,
        "dismissed_at": null,
        "dismissed_reason": null,
        "dismissed_comment": null,
        "rule": {
            "id": "py/stack-trace-exposure",
            "severity": "error",
            "description": "Information exposure through an exception",
            "name": "py/stack-trace-exposure",
            "tags": [
                "external/cwe/cwe-209",
                "external/cwe/cwe-497",
                "security"
            ],
            "security_severity_level": "medium"
        },
        "tool": {
            "name": "CodeQL",
            "guid": null,
            "version": "2.17.3"
        },
        "most_recent_instance": {
            "ref": "refs/heads/master",
            "analysis_key": ".github/workflows/codeql.yml:analyze",
            "environment": "{\"build-mode\":\"none\",\"language\":\"python\"}",
            "category": "/language:python",
            "state": "open",
            "commit_sha": "387736296d698cd8f7430a011189ab025008295a",
            "message": {
                "text": "Stack trace information flows to this location and may be exposed to an external user."
            },
            "location": {
                "path": "dashboard/modules/reporter/reporter_head.py",
                "start_line": 397,
                "end_line": 397,
                "start_column": 60,
                "end_column": 66
            },
            "classifications": []
        },
        "instances_url": "https://api.github.com/repos/fcas/ray/code-scanning/alerts/28/instances"
    },
    {
        "number": 27,
        "created_at": "2024-05-19T18:21:15Z",
        "updated_at": "2024-05-19T18:21:18Z",
        "url": "https://api.github.com/repos/fcas/ray/code-scanning/alerts/27",
        "html_url": "https://github.com/fcas/ray/security/code-scanning/27",
        "state": "open",
        "fixed_at": null,
        "dismissed_by": null,
        "dismissed_at": null,
        "dismissed_reason": null,
        "dismissed_comment": null,
        "rule": {
            "id": "py/stack-trace-exposure",
            "severity": "error",
            "description": "Information exposure through an exception",
            "name": "py/stack-trace-exposure",
            "tags": [
                "external/cwe/cwe-209",
                "external/cwe/cwe-497",
                "security"
            ],
            "security_severity_level": "medium"
        },
        "tool": {
            "name": "CodeQL",
            "guid": null,
            "version": "2.17.3"
        },
        "most_recent_instance": {
            "ref": "refs/heads/master",
            "analysis_key": ".github/workflows/codeql.yml:analyze",
            "environment": "{\"build-mode\":\"none\",\"language\":\"python\"}",
            "category": "/language:python",
            "state": "open",
            "commit_sha": "387736296d698cd8f7430a011189ab025008295a",
            "message": {
                "text": "Stack trace information flows to this location and may be exposed to an external user."
            },
            "location": {
                "path": "dashboard/modules/reporter/reporter_head.py",
                "start_line": 368,
                "end_line": 368,
                "start_column": 60,
                "end_column": 66
            },
            "classifications": []
        },
        "instances_url": "https://api.github.com/repos/fcas/ray/code-scanning/alerts/27/instances"
    },
    {
        "number": 26,
        "created_at": "2024-05-19T18:21:15Z",
        "updated_at": "2024-05-19T18:21:18Z",
        "url": "https://api.github.com/repos/fcas/ray/code-scanning/alerts/26",
        "html_url": "https://github.com/fcas/ray/security/code-scanning/26",
        "state": "open",
        "fixed_at": null,
        "dismissed_by": null,
        "dismissed_at": null,
        "dismissed_reason": null,
        "dismissed_comment": null,
        "rule": {
            "id": "py/stack-trace-exposure",
            "severity": "error",
            "description": "Information exposure through an exception",
            "name": "py/stack-trace-exposure",
            "tags": [
                "external/cwe/cwe-209",
                "external/cwe/cwe-497",
                "security"
            ],
            "security_severity_level": "medium"
        },
        "tool": {
            "name": "CodeQL",
            "guid": null,
            "version": "2.17.3"
        },
        "most_recent_instance": {
            "ref": "refs/heads/master",
            "analysis_key": ".github/workflows/codeql.yml:analyze",
            "environment": "{\"build-mode\":\"none\",\"language\":\"python\"}",
            "category": "/language:python",
            "state": "open",
            "commit_sha": "387736296d698cd8f7430a011189ab025008295a",
            "message": {
                "text": "Stack trace information flows to this location and may be exposed to an external user."
            },
            "location": {
                "path": "dashboard/modules/reporter/reporter_head.py",
                "start_line": 299,
                "end_line": 299,
                "start_column": 60,
                "end_column": 66
            },
            "classifications": []
        },
        "instances_url": "https://api.github.com/repos/fcas/ray/code-scanning/alerts/26/instances"
    },
    {
        "number": 25,
        "created_at": "2024-05-19T18:21:15Z",
        "updated_at": "2024-05-19T18:21:18Z",
        "url": "https://api.github.com/repos/fcas/ray/code-scanning/alerts/25",
        "html_url": "https://github.com/fcas/ray/security/code-scanning/25",
        "state": "open",
        "fixed_at": null,
        "dismissed_by": null,
        "dismissed_at": null,
        "dismissed_reason": null,
        "dismissed_comment": null,
        "rule": {
            "id": "py/stack-trace-exposure",
            "severity": "error",
            "description": "Information exposure through an exception",
            "name": "py/stack-trace-exposure",
            "tags": [
                "external/cwe/cwe-209",
                "external/cwe/cwe-497",
                "security"
            ],
            "security_severity_level": "medium"
        },
        "tool": {
            "name": "CodeQL",
            "guid": null,
            "version": "2.17.3"
        },
        "most_recent_instance": {
            "ref": "refs/heads/master",
            "analysis_key": ".github/workflows/codeql.yml:analyze",
            "environment": "{\"build-mode\":\"none\",\"language\":\"python\"}",
            "category": "/language:python",
            "state": "open",
            "commit_sha": "387736296d698cd8f7430a011189ab025008295a",
            "message": {
                "text": "Stack trace information flows to this location and may be exposed to an external user."
            },
            "location": {
                "path": "dashboard/modules/reporter/reporter_head.py",
                "start_line": 272,
                "end_line": 272,
                "start_column": 60,
                "end_column": 66
            },
            "classifications": []
        },
        "instances_url": "https://api.github.com/repos/fcas/ray/code-scanning/alerts/25/instances"
    },
    {
        "number": 24,
        "created_at": "2024-05-19T18:21:15Z",
        "updated_at": "2024-05-19T18:21:18Z",
        "url": "https://api.github.com/repos/fcas/ray/code-scanning/alerts/24",
        "html_url": "https://github.com/fcas/ray/security/code-scanning/24",
        "state": "open",
        "fixed_at": null,
        "dismissed_by": null,
        "dismissed_at": null,
        "dismissed_reason": null,
        "dismissed_comment": null,
        "rule": {
            "id": "py/stack-trace-exposure",
            "severity": "error",
            "description": "Information exposure through an exception",
            "name": "py/stack-trace-exposure",
            "tags": [
                "external/cwe/cwe-209",
                "external/cwe/cwe-497",
                "security"
            ],
            "security_severity_level": "medium"
        },
        "tool": {
            "name": "CodeQL",
            "guid": null,
            "version": "2.17.3"
        },
        "most_recent_instance": {
            "ref": "refs/heads/master",
            "analysis_key": ".github/workflows/codeql.yml:analyze",
            "environment": "{\"build-mode\":\"none\",\"language\":\"python\"}",
            "category": "/language:python",
            "state": "open",
            "commit_sha": "387736296d698cd8f7430a011189ab025008295a",
            "message": {
                "text": "Stack trace information flows to this location and may be exposed to an external user."
            },
            "location": {
                "path": "dashboard/optional_utils.py",
                "start_line": 295,
                "end_line": 295,
                "start_column": 26,
                "end_column": 48
            },
            "classifications": []
        },
        "instances_url": "https://api.github.com/repos/fcas/ray/code-scanning/alerts/24/instances"
    },
    {
        "number": 23,
        "created_at": "2024-05-19T18:21:15Z",
        "updated_at": "2024-05-19T18:21:18Z",
        "url": "https://api.github.com/repos/fcas/ray/code-scanning/alerts/23",
        "html_url": "https://github.com/fcas/ray/security/code-scanning/23",
        "state": "open",
        "fixed_at": null,
        "dismissed_by": null,
        "dismissed_at": null,
        "dismissed_reason": null,
        "dismissed_comment": null,
        "rule": {
            "id": "py/stack-trace-exposure",
            "severity": "error",
            "description": "Information exposure through an exception",
            "name": "py/stack-trace-exposure",
            "tags": [
                "external/cwe/cwe-209",
                "external/cwe/cwe-497",
                "security"
            ],
            "security_severity_level": "medium"
        },
        "tool": {
            "name": "CodeQL",
            "guid": null,
            "version": "2.17.3"
        },
        "most_recent_instance": {
            "ref": "refs/heads/master",
            "analysis_key": ".github/workflows/codeql.yml:analyze",
            "environment": "{\"build-mode\":\"none\",\"language\":\"python\"}",
            "category": "/language:python",
            "state": "open",
            "commit_sha": "387736296d698cd8f7430a011189ab025008295a",
            "message": {
                "text": "Stack trace information flows to this location and may be exposed to an external user."
            },
            "location": {
                "path": "dashboard/modules/job/job_head.py",
                "start_line": 465,
                "end_line": 465,
                "start_column": 22,
                "end_column": 44
            },
            "classifications": []
        },
        "instances_url": "https://api.github.com/repos/fcas/ray/code-scanning/alerts/23/instances"
    },
    {
        "number": 22,
        "created_at": "2024-05-19T18:21:15Z",
        "updated_at": "2024-05-19T18:21:18Z",
        "url": "https://api.github.com/repos/fcas/ray/code-scanning/alerts/22",
        "html_url": "https://github.com/fcas/ray/security/code-scanning/22",
        "state": "open",
        "fixed_at": null,
        "dismissed_by": null,
        "dismissed_at": null,
        "dismissed_reason": null,
        "dismissed_comment": null,
        "rule": {
            "id": "py/stack-trace-exposure",
            "severity": "error",
            "description": "Information exposure through an exception",
            "name": "py/stack-trace-exposure",
            "tags": [
                "external/cwe/cwe-209",
                "external/cwe/cwe-497",
                "security"
            ],
            "security_severity_level": "medium"
        },
        "tool": {
            "name": "CodeQL",
            "guid": null,
            "version": "2.17.3"
        },
        "most_recent_instance": {
            "ref": "refs/heads/master",
            "analysis_key": ".github/workflows/codeql.yml:analyze",
            "environment": "{\"build-mode\":\"none\",\"language\":\"python\"}",
            "category": "/language:python",
            "state": "open",
            "commit_sha": "387736296d698cd8f7430a011189ab025008295a",
            "message": {
                "text": "Stack trace information flows to this location and may be exposed to an external user."
            },
            "location": {
                "path": "dashboard/modules/job/job_head.py",
                "start_line": 372,
                "end_line": 372,
                "start_column": 22,
                "end_column": 44
            },
            "classifications": []
        },
        "instances_url": "https://api.github.com/repos/fcas/ray/code-scanning/alerts/22/instances"
    },
    {
        "number": 21,
        "created_at": "2024-05-19T18:21:15Z",
        "updated_at": "2024-05-19T18:21:18Z",
        "url": "https://api.github.com/repos/fcas/ray/code-scanning/alerts/21",
        "html_url": "https://github.com/fcas/ray/security/code-scanning/21",
        "state": "open",
        "fixed_at": null,
        "dismissed_by": null,
        "dismissed_at": null,
        "dismissed_reason": null,
        "dismissed_comment": null,
        "rule": {
            "id": "py/stack-trace-exposure",
            "severity": "error",
            "description": "Information exposure through an exception",
            "name": "py/stack-trace-exposure",
            "tags": [
                "external/cwe/cwe-209",
                "external/cwe/cwe-497",
                "security"
            ],
            "security_severity_level": "medium"
        },
        "tool": {
            "name": "CodeQL",
            "guid": null,
            "version": "2.17.3"
        },
        "most_recent_instance": {
            "ref": "refs/heads/master",
            "analysis_key": ".github/workflows/codeql.yml:analyze",
            "environment": "{\"build-mode\":\"none\",\"language\":\"python\"}",
            "category": "/language:python",
            "state": "open",
            "commit_sha": "387736296d698cd8f7430a011189ab025008295a",
            "message": {
                "text": "Stack trace information flows to this location and may be exposed to an external user."
            },
            "location": {
                "path": "dashboard/modules/job/job_head.py",
                "start_line": 337,
                "end_line": 337,
                "start_column": 22,
                "end_column": 44
            },
            "classifications": []
        },
        "instances_url": "https://api.github.com/repos/fcas/ray/code-scanning/alerts/21/instances"
    },
    {
        "number": 20,
        "created_at": "2024-05-19T18:21:15Z",
        "updated_at": "2024-05-19T18:21:18Z",
        "url": "https://api.github.com/repos/fcas/ray/code-scanning/alerts/20",
        "html_url": "https://github.com/fcas/ray/security/code-scanning/20",
        "state": "open",
        "fixed_at": null,
        "dismissed_by": null,
        "dismissed_at": null,
        "dismissed_reason": null,
        "dismissed_comment": null,
        "rule": {
            "id": "py/stack-trace-exposure",
            "severity": "error",
            "description": "Information exposure through an exception",
            "name": "py/stack-trace-exposure",
            "tags": [
                "external/cwe/cwe-209",
                "external/cwe/cwe-497",
                "security"
            ],
            "security_severity_level": "medium"
        },
        "tool": {
            "name": "CodeQL",
            "guid": null,
            "version": "2.17.3"
        },
        "most_recent_instance": {
            "ref": "refs/heads/master",
            "analysis_key": ".github/workflows/codeql.yml:analyze",
            "environment": "{\"build-mode\":\"none\",\"language\":\"python\"}",
            "category": "/language:python",
            "state": "open",
            "commit_sha": "387736296d698cd8f7430a011189ab025008295a",
            "message": {
                "text": "Stack trace information flows to this location and may be exposed to an external user."
            },
            "location": {
                "path": "dashboard/modules/job/job_head.py",
                "start_line": 300,
                "end_line": 300,
                "start_column": 22,
                "end_column": 44
            },
            "classifications": []
        },
        "instances_url": "https://api.github.com/repos/fcas/ray/code-scanning/alerts/20/instances"
    },
    {
        "number": 19,
        "created_at": "2024-05-19T18:21:15Z",
        "updated_at": "2024-05-19T18:21:18Z",
        "url": "https://api.github.com/repos/fcas/ray/code-scanning/alerts/19",
        "html_url": "https://github.com/fcas/ray/security/code-scanning/19",
        "state": "open",
        "fixed_at": null,
        "dismissed_by": null,
        "dismissed_at": null,
        "dismissed_reason": null,
        "dismissed_comment": null,
        "rule": {
            "id": "py/stack-trace-exposure",
            "severity": "error",
            "description": "Information exposure through an exception",
            "name": "py/stack-trace-exposure",
            "tags": [
                "external/cwe/cwe-209",
                "external/cwe/cwe-497",
                "security"
            ],
            "security_severity_level": "medium"
        },
        "tool": {
            "name": "CodeQL",
            "guid": null,
            "version": "2.17.3"
        },
        "most_recent_instance": {
            "ref": "refs/heads/master",
            "analysis_key": ".github/workflows/codeql.yml:analyze",
            "environment": "{\"build-mode\":\"none\",\"language\":\"python\"}",
            "category": "/language:python",
            "state": "open",
            "commit_sha": "387736296d698cd8f7430a011189ab025008295a",
            "message": {
                "text": "Stack trace information flows to this location and may be exposed to an external user."
            },
            "location": {
                "path": "dashboard/modules/job/job_head.py",
                "start_line": 295,
                "end_line": 295,
                "start_column": 22,
                "end_column": 44
            },
            "classifications": []
        },
        "instances_url": "https://api.github.com/repos/fcas/ray/code-scanning/alerts/19/instances"
    },
    {
        "number": 18,
        "created_at": "2024-05-19T18:21:15Z",
        "updated_at": "2024-05-19T18:21:18Z",
        "url": "https://api.github.com/repos/fcas/ray/code-scanning/alerts/18",
        "html_url": "https://github.com/fcas/ray/security/code-scanning/18",
        "state": "open",
        "fixed_at": null,
        "dismissed_by": null,
        "dismissed_at": null,
        "dismissed_reason": null,
        "dismissed_comment": null,
        "rule": {
            "id": "py/stack-trace-exposure",
            "severity": "error",
            "description": "Information exposure through an exception",
            "name": "py/stack-trace-exposure",
            "tags": [
                "external/cwe/cwe-209",
                "external/cwe/cwe-497",
                "security"
            ],
            "security_severity_level": "medium"
        },
        "tool": {
            "name": "CodeQL",
            "guid": null,
            "version": "2.17.3"
        },
        "most_recent_instance": {
            "ref": "refs/heads/master",
            "analysis_key": ".github/workflows/codeql.yml:analyze",
            "environment": "{\"build-mode\":\"none\",\"language\":\"python\"}",
            "category": "/language:python",
            "state": "open",
            "commit_sha": "387736296d698cd8f7430a011189ab025008295a",
            "message": {
                "text": "Stack trace information flows to this location and may be exposed to an external user."
            },
            "location": {
                "path": "dashboard/modules/job/job_head.py",
                "start_line": 267,
                "end_line": 267,
                "start_column": 22,
                "end_column": 44
            },
            "classifications": []
        },
        "instances_url": "https://api.github.com/repos/fcas/ray/code-scanning/alerts/18/instances"
    },
    {
        "number": 17,
        "created_at": "2024-05-19T18:21:15Z",
        "updated_at": "2024-05-19T18:21:18Z",
        "url": "https://api.github.com/repos/fcas/ray/code-scanning/alerts/17",
        "html_url": "https://github.com/fcas/ray/security/code-scanning/17",
        "state": "open",
        "fixed_at": null,
        "dismissed_by": null,
        "dismissed_at": null,
        "dismissed_reason": null,
        "dismissed_comment": null,
        "rule": {
            "id": "py/stack-trace-exposure",
            "severity": "error",
            "description": "Information exposure through an exception",
            "name": "py/stack-trace-exposure",
            "tags": [
                "external/cwe/cwe-209",
                "external/cwe/cwe-497",
                "security"
            ],
            "security_severity_level": "medium"
        },
        "tool": {
            "name": "CodeQL",
            "guid": null,
            "version": "2.17.3"
        },
        "most_recent_instance": {
            "ref": "refs/heads/master",
            "analysis_key": ".github/workflows/codeql.yml:analyze",
            "environment": "{\"build-mode\":\"none\",\"language\":\"python\"}",
            "category": "/language:python",
            "state": "open",
            "commit_sha": "387736296d698cd8f7430a011189ab025008295a",
            "message": {
                "text": "Stack trace information flows to this location and may be exposed to an external user."
            },
            "location": {
                "path": "dashboard/modules/job/job_head.py",
                "start_line": 244,
                "end_line": 244,
                "start_column": 22,
                "end_column": 44
            },
            "classifications": []
        },
        "instances_url": "https://api.github.com/repos/fcas/ray/code-scanning/alerts/17/instances"
    },
    {
        "number": 16,
        "created_at": "2024-05-19T18:21:15Z",
        "updated_at": "2024-05-19T18:21:18Z",
        "url": "https://api.github.com/repos/fcas/ray/code-scanning/alerts/16",
        "html_url": "https://github.com/fcas/ray/security/code-scanning/16",
        "state": "open",
        "fixed_at": null,
        "dismissed_by": null,
        "dismissed_at": null,
        "dismissed_reason": null,
        "dismissed_comment": null,
        "rule": {
            "id": "py/stack-trace-exposure",
            "severity": "error",
            "description": "Information exposure through an exception",
            "name": "py/stack-trace-exposure",
            "tags": [
                "external/cwe/cwe-209",
                "external/cwe/cwe-497",
                "security"
            ],
            "security_severity_level": "medium"
        },
        "tool": {
            "name": "CodeQL",
            "guid": null,
            "version": "2.17.3"
        },
        "most_recent_instance": {
            "ref": "refs/heads/master",
            "analysis_key": ".github/workflows/codeql.yml:analyze",
            "environment": "{\"build-mode\":\"none\",\"language\":\"python\"}",
            "category": "/language:python",
            "state": "open",
            "commit_sha": "387736296d698cd8f7430a011189ab025008295a",
            "message": {
                "text": "Stack trace information flows to this location and may be exposed to an external user."
            },
            "location": {
                "path": "dashboard/modules/job/job_agent.py",
                "start_line": 131,
                "end_line": 131,
                "start_column": 22,
                "end_column": 44
            },
            "classifications": []
        },
        "instances_url": "https://api.github.com/repos/fcas/ray/code-scanning/alerts/16/instances"
    },
    {
        "number": 15,
        "created_at": "2024-05-19T18:21:15Z",
        "updated_at": "2024-05-19T18:21:18Z",
        "url": "https://api.github.com/repos/fcas/ray/code-scanning/alerts/15",
        "html_url": "https://github.com/fcas/ray/security/code-scanning/15",
        "state": "open",
        "fixed_at": null,
        "dismissed_by": null,
        "dismissed_at": null,
        "dismissed_reason": null,
        "dismissed_comment": null,
        "rule": {
            "id": "py/stack-trace-exposure",
            "severity": "error",
            "description": "Information exposure through an exception",
            "name": "py/stack-trace-exposure",
            "tags": [
                "external/cwe/cwe-209",
                "external/cwe/cwe-497",
                "security"
            ],
            "security_severity_level": "medium"
        },
        "tool": {
            "name": "CodeQL",
            "guid": null,
            "version": "2.17.3"
        },
        "most_recent_instance": {
            "ref": "refs/heads/master",
            "analysis_key": ".github/workflows/codeql.yml:analyze",
            "environment": "{\"build-mode\":\"none\",\"language\":\"python\"}",
            "category": "/language:python",
            "state": "open",
            "commit_sha": "387736296d698cd8f7430a011189ab025008295a",
            "message": {
                "text": "Stack trace information flows to this location and may be exposed to an external user."
            },
            "location": {
                "path": "dashboard/modules/job/job_agent.py",
                "start_line": 98,
                "end_line": 98,
                "start_column": 22,
                "end_column": 44
            },
            "classifications": []
        },
        "instances_url": "https://api.github.com/repos/fcas/ray/code-scanning/alerts/15/instances"
    },
    {
        "number": 14,
        "created_at": "2024-05-19T18:21:15Z",
        "updated_at": "2024-05-19T18:21:18Z",
        "url": "https://api.github.com/repos/fcas/ray/code-scanning/alerts/14",
        "html_url": "https://github.com/fcas/ray/security/code-scanning/14",
        "state": "open",
        "fixed_at": null,
        "dismissed_by": null,
        "dismissed_at": null,
        "dismissed_reason": null,
        "dismissed_comment": null,
        "rule": {
            "id": "py/stack-trace-exposure",
            "severity": "error",
            "description": "Information exposure through an exception",
            "name": "py/stack-trace-exposure",
            "tags": [
                "external/cwe/cwe-209",
                "external/cwe/cwe-497",
                "security"
            ],
            "security_severity_level": "medium"
        },
        "tool": {
            "name": "CodeQL",
            "guid": null,
            "version": "2.17.3"
        },
        "most_recent_instance": {
            "ref": "refs/heads/master",
            "analysis_key": ".github/workflows/codeql.yml:analyze",
            "environment": "{\"build-mode\":\"none\",\"language\":\"python\"}",
            "category": "/language:python",
            "state": "open",
            "commit_sha": "387736296d698cd8f7430a011189ab025008295a",
            "message": {
                "text": "Stack trace information flows to this location and may be exposed to an external user."
            },
            "location": {
                "path": "dashboard/modules/job/job_agent.py",
                "start_line": 63,
                "end_line": 63,
                "start_column": 22,
                "end_column": 44
            },
            "classifications": []
        },
        "instances_url": "https://api.github.com/repos/fcas/ray/code-scanning/alerts/14/instances"
    },
    {
        "number": 13,
        "created_at": "2024-05-19T18:21:15Z",
        "updated_at": "2024-05-19T18:21:18Z",
        "url": "https://api.github.com/repos/fcas/ray/code-scanning/alerts/13",
        "html_url": "https://github.com/fcas/ray/security/code-scanning/13",
        "state": "open",
        "fixed_at": null,
        "dismissed_by": null,
        "dismissed_at": null,
        "dismissed_reason": null,
        "dismissed_comment": null,
        "rule": {
            "id": "py/stack-trace-exposure",
            "severity": "error",
            "description": "Information exposure through an exception",
            "name": "py/stack-trace-exposure",
            "tags": [
                "external/cwe/cwe-209",
                "external/cwe/cwe-497",
                "security"
            ],
            "security_severity_level": "medium"
        },
        "tool": {
            "name": "CodeQL",
            "guid": null,
            "version": "2.17.3"
        },
        "most_recent_instance": {
            "ref": "refs/heads/master",
            "analysis_key": ".github/workflows/codeql.yml:analyze",
            "environment": "{\"build-mode\":\"none\",\"language\":\"python\"}",
            "category": "/language:python",
            "state": "open",
            "commit_sha": "387736296d698cd8f7430a011189ab025008295a",
            "message": {
                "text": "Stack trace information flows to this location and may be exposed to an external user."
            },
            "location": {
                "path": "dashboard/modules/job/job_agent.py",
                "start_line": 58,
                "end_line": 58,
                "start_column": 22,
                "end_column": 44
            },
            "classifications": []
        },
        "instances_url": "https://api.github.com/repos/fcas/ray/code-scanning/alerts/13/instances"
    },
    {
        "number": 12,
        "created_at": "2024-05-19T18:21:15Z",
        "updated_at": "2024-05-19T18:21:18Z",
        "url": "https://api.github.com/repos/fcas/ray/code-scanning/alerts/12",
        "html_url": "https://github.com/fcas/ray/security/code-scanning/12",
        "state": "open",
        "fixed_at": null,
        "dismissed_by": null,
        "dismissed_at": null,
        "dismissed_reason": null,
        "dismissed_comment": null,
        "rule": {
            "id": "py/stack-trace-exposure",
            "severity": "error",
            "description": "Information exposure through an exception",
            "name": "py/stack-trace-exposure",
            "tags": [
                "external/cwe/cwe-209",
                "external/cwe/cwe-497",
                "security"
            ],
            "security_severity_level": "medium"
        },
        "tool": {
            "name": "CodeQL",
            "guid": null,
            "version": "2.17.3"
        },
        "most_recent_instance": {
            "ref": "refs/heads/master",
            "analysis_key": ".github/workflows/codeql.yml:analyze",
            "environment": "{\"build-mode\":\"none\",\"language\":\"python\"}",
            "category": "/language:python",
            "state": "open",
            "commit_sha": "387736296d698cd8f7430a011189ab025008295a",
            "message": {
                "text": "Stack trace information flows to this location and may be exposed to an external user."
            },
            "location": {
                "path": "python/ray/workflow/http_event_provider.py",
                "start_line": 128,
                "end_line": 133,
                "start_column": 25,
                "end_column": 18
            },
            "classifications": []
        },
        "instances_url": "https://api.github.com/repos/fcas/ray/code-scanning/alerts/12/instances"
    },
    {
        "number": 11,
        "created_at": "2024-05-19T18:21:15Z",
        "updated_at": "2024-05-19T18:21:18Z",
        "url": "https://api.github.com/repos/fcas/ray/code-scanning/alerts/11",
        "html_url": "https://github.com/fcas/ray/security/code-scanning/11",
        "state": "open",
        "fixed_at": null,
        "dismissed_by": null,
        "dismissed_at": null,
        "dismissed_reason": null,
        "dismissed_comment": null,
        "rule": {
            "id": "py/stack-trace-exposure",
            "severity": "error",
            "description": "Information exposure through an exception",
            "name": "py/stack-trace-exposure",
            "tags": [
                "external/cwe/cwe-209",
                "external/cwe/cwe-497",
                "security"
            ],
            "security_severity_level": "medium"
        },
        "tool": {
            "name": "CodeQL",
            "guid": null,
            "version": "2.17.3"
        },
        "most_recent_instance": {
            "ref": "refs/heads/master",
            "analysis_key": ".github/workflows/codeql.yml:analyze",
            "environment": "{\"build-mode\":\"none\",\"language\":\"python\"}",
            "category": "/language:python",
            "state": "open",
            "commit_sha": "387736296d698cd8f7430a011189ab025008295a",
            "message": {
                "text": "Stack trace information flows to this location and may be exposed to an external user."
            },
            "location": {
                "path": "dashboard/modules/healthz/healthz_agent.py",
                "start_line": 41,
                "end_line": 41,
                "start_column": 50,
                "end_column": 84
            },
            "classifications": []
        },
        "instances_url": "https://api.github.com/repos/fcas/ray/code-scanning/alerts/11/instances"
    },
    {
        "number": 10,
        "created_at": "2024-05-19T18:21:15Z",
        "updated_at": "2024-05-19T18:21:18Z",
        "url": "https://api.github.com/repos/fcas/ray/code-scanning/alerts/10",
        "html_url": "https://github.com/fcas/ray/security/code-scanning/10",
        "state": "open",
        "fixed_at": null,
        "dismissed_by": null,
        "dismissed_at": null,
        "dismissed_reason": null,
        "dismissed_comment": null,
        "rule": {
            "id": "py/stack-trace-exposure",
            "severity": "error",
            "description": "Information exposure through an exception",
            "name": "py/stack-trace-exposure",
            "tags": [
                "external/cwe/cwe-209",
                "external/cwe/cwe-497",
                "security"
            ],
            "security_severity_level": "medium"
        },
        "tool": {
            "name": "CodeQL",
            "guid": null,
            "version": "2.17.3"
        },
        "most_recent_instance": {
            "ref": "refs/heads/master",
            "analysis_key": ".github/workflows/codeql.yml:analyze",
            "environment": "{\"build-mode\":\"none\",\"language\":\"python\"}",
            "category": "/language:python",
            "state": "open",
            "commit_sha": "387736296d698cd8f7430a011189ab025008295a",
            "message": {
                "text": "Stack trace information flows to this location and may be exposed to an external user."
            },
            "location": {
                "path": "dashboard/modules/data/data_head.py",
                "start_line": 138,
                "end_line": 138,
                "start_column": 22,
                "end_column": 28
            },
            "classifications": []
        },
        "instances_url": "https://api.github.com/repos/fcas/ray/code-scanning/alerts/10/instances"
    },
    {
        "number": 9,
        "created_at": "2024-05-19T18:21:15Z",
        "updated_at": "2024-05-19T18:21:18Z",
        "url": "https://api.github.com/repos/fcas/ray/code-scanning/alerts/9",
        "html_url": "https://github.com/fcas/ray/security/code-scanning/9",
        "state": "open",
        "fixed_at": null,
        "dismissed_by": null,
        "dismissed_at": null,
        "dismissed_reason": null,
        "dismissed_comment": null,
        "rule": {
            "id": "py/bind-socket-all-network-interfaces",
            "severity": "error",
            "description": "Binding a socket to all network interfaces",
            "name": "py/bind-socket-all-network-interfaces",
            "tags": [
                "external/cwe/cwe-200",
                "security"
            ],
            "security_severity_level": "medium"
        },
        "tool": {
            "name": "CodeQL",
            "guid": null,
            "version": "2.17.3"
        },
        "most_recent_instance": {
            "ref": "refs/heads/master",
            "analysis_key": ".github/workflows/codeql.yml:analyze",
            "environment": "{\"build-mode\":\"none\",\"language\":\"python\"}",
            "category": "/language:python",
            "state": "open",
            "commit_sha": "387736296d698cd8f7430a011189ab025008295a",
            "message": {
                "text": "'' binds a socket to all interfaces."
            },
            "location": {
                "path": "python/ray/_private/test_utils.py",
                "start_line": 2117,
                "end_line": 2117,
                "start_column": 21,
                "end_column": 39
            },
            "classifications": [
                "test"
            ]
        },
        "instances_url": "https://api.github.com/repos/fcas/ray/code-scanning/alerts/9/instances"
    },
    {
        "number": 8,
        "created_at": "2024-05-19T18:21:15Z",
        "updated_at": "2024-05-19T18:21:18Z",
        "url": "https://api.github.com/repos/fcas/ray/code-scanning/alerts/8",
        "html_url": "https://github.com/fcas/ray/security/code-scanning/8",
        "state": "open",
        "fixed_at": null,
        "dismissed_by": null,
        "dismissed_at": null,
        "dismissed_reason": null,
        "dismissed_comment": null,
        "rule": {
            "id": "py/bind-socket-all-network-interfaces",
            "severity": "error",
            "description": "Binding a socket to all network interfaces",
            "name": "py/bind-socket-all-network-interfaces",
            "tags": [
                "external/cwe/cwe-200",
                "security"
            ],
            "security_severity_level": "medium"
        },
        "tool": {
            "name": "CodeQL",
            "guid": null,
            "version": "2.17.3"
        },
        "most_recent_instance": {
            "ref": "refs/heads/master",
            "analysis_key": ".github/workflows/codeql.yml:analyze",
            "environment": "{\"build-mode\":\"none\",\"language\":\"python\"}",
            "category": "/language:python",
            "state": "open",
            "commit_sha": "387736296d698cd8f7430a011189ab025008295a",
            "message": {
                "text": "'' binds a socket to all interfaces."
            },
            "location": {
                "path": "python/ray/_private/test_utils.py",
                "start_line": 2106,
                "end_line": 2106,
                "start_column": 13,
                "end_column": 28
            },
            "classifications": [
                "test"
            ]
        },
        "instances_url": "https://api.github.com/repos/fcas/ray/code-scanning/alerts/8/instances"
    },
    {
        "number": 7,
        "created_at": "2024-05-19T18:21:15Z",
        "updated_at": "2024-05-19T18:21:18Z",
        "url": "https://api.github.com/repos/fcas/ray/code-scanning/alerts/7",
        "html_url": "https://github.com/fcas/ray/security/code-scanning/7",
        "state": "open",
        "fixed_at": null,
        "dismissed_by": null,
        "dismissed_at": null,
        "dismissed_reason": null,
        "dismissed_comment": null,
        "rule": {
            "id": "py/bind-socket-all-network-interfaces",
            "severity": "error",
            "description": "Binding a socket to all network interfaces",
            "name": "py/bind-socket-all-network-interfaces",
            "tags": [
                "external/cwe/cwe-200",
                "security"
            ],
            "security_severity_level": "medium"
        },
        "tool": {
            "name": "CodeQL",
            "guid": null,
            "version": "2.17.3"
        },
        "most_recent_instance": {
            "ref": "refs/heads/master",
            "analysis_key": ".github/workflows/codeql.yml:analyze",
            "environment": "{\"build-mode\":\"none\",\"language\":\"python\"}",
            "category": "/language:python",
            "state": "open",
            "commit_sha": "387736296d698cd8f7430a011189ab025008295a",
            "message": {
                "text": "'' binds a socket to all interfaces."
            },
            "location": {
                "path": "python/ray/_private/test_utils.py",
                "start_line": 1842,
                "end_line": 1842,
                "start_column": 5,
                "end_column": 23
            },
            "classifications": [
                "test"
            ]
        },
        "instances_url": "https://api.github.com/repos/fcas/ray/code-scanning/alerts/7/instances"
    },
    {
        "number": 6,
        "created_at": "2024-05-19T18:21:15Z",
        "updated_at": "2024-05-19T18:21:18Z",
        "url": "https://api.github.com/repos/fcas/ray/code-scanning/alerts/6",
        "html_url": "https://github.com/fcas/ray/security/code-scanning/6",
        "state": "open",
        "fixed_at": null,
        "dismissed_by": null,
        "dismissed_at": null,
        "dismissed_reason": null,
        "dismissed_comment": null,
        "rule": {
            "id": "py/bind-socket-all-network-interfaces",
            "severity": "error",
            "description": "Binding a socket to all network interfaces",
            "name": "py/bind-socket-all-network-interfaces",
            "tags": [
                "external/cwe/cwe-200",
                "security"
            ],
            "security_severity_level": "medium"
        },
        "tool": {
            "name": "CodeQL",
            "guid": null,
            "version": "2.17.3"
        },
        "most_recent_instance": {
            "ref": "refs/heads/master",
            "analysis_key": ".github/workflows/codeql.yml:analyze",
            "environment": "{\"build-mode\":\"none\",\"language\":\"python\"}",
            "category": "/language:python",
            "state": "open",
            "commit_sha": "387736296d698cd8f7430a011189ab025008295a",
            "message": {
                "text": "'0.0.0.0' binds a socket to all interfaces."
            },
            "location": {
                "path": "python/ray/util/rpdb.py",
                "start_line": 107,
                "end_line": 107,
                "start_column": 9,
                "end_column": 47
            },
            "classifications": []
        },
        "instances_url": "https://api.github.com/repos/fcas/ray/code-scanning/alerts/6/instances"
    },
    {
        "number": 5,
        "created_at": "2024-05-19T18:21:15Z",
        "updated_at": "2024-05-19T18:21:18Z",
        "url": "https://api.github.com/repos/fcas/ray/code-scanning/alerts/5",
        "html_url": "https://github.com/fcas/ray/security/code-scanning/5",
        "state": "open",
        "fixed_at": null,
        "dismissed_by": null,
        "dismissed_at": null,
        "dismissed_reason": null,
        "dismissed_comment": null,
        "rule": {
            "id": "py/bind-socket-all-network-interfaces",
            "severity": "error",
            "description": "Binding a socket to all network interfaces",
            "name": "py/bind-socket-all-network-interfaces",
            "tags": [
                "external/cwe/cwe-200",
                "security"
            ],
            "security_severity_level": "medium"
        },
        "tool": {
            "name": "CodeQL",
            "guid": null,
            "version": "2.17.3"
        },
        "most_recent_instance": {
            "ref": "refs/heads/master",
            "analysis_key": ".github/workflows/codeql.yml:analyze",
            "environment": "{\"build-mode\":\"none\",\"language\":\"python\"}",
            "category": "/language:python",
            "state": "open",
            "commit_sha": "387736296d698cd8f7430a011189ab025008295a",
            "message": {
                "text": "'' binds a socket to all interfaces."
            },
            "location": {
                "path": "python/ray/util/client/server/proxier.py",
                "start_line": 150,
                "end_line": 150,
                "start_column": 21,
                "end_column": 39
            },
            "classifications": []
        },
        "instances_url": "https://api.github.com/repos/fcas/ray/code-scanning/alerts/5/instances"
    },
    {
        "number": 4,
        "created_at": "2024-05-19T18:21:15Z",
        "updated_at": "2024-05-19T18:21:18Z",
        "url": "https://api.github.com/repos/fcas/ray/code-scanning/alerts/4",
        "html_url": "https://github.com/fcas/ray/security/code-scanning/4",
        "state": "open",
        "fixed_at": null,
        "dismissed_by": null,
        "dismissed_at": null,
        "dismissed_reason": null,
        "dismissed_comment": null,
        "rule": {
            "id": "py/bind-socket-all-network-interfaces",
            "severity": "error",
            "description": "Binding a socket to all network interfaces",
            "name": "py/bind-socket-all-network-interfaces",
            "tags": [
                "external/cwe/cwe-200",
                "security"
            ],
            "security_severity_level": "medium"
        },
        "tool": {
            "name": "CodeQL",
            "guid": null,
            "version": "2.17.3"
        },
        "most_recent_instance": {
            "ref": "refs/heads/master",
            "analysis_key": ".github/workflows/codeql.yml:analyze",
            "environment": "{\"build-mode\":\"none\",\"language\":\"python\"}",
            "category": "/language:python",
            "state": "open",
            "commit_sha": "387736296d698cd8f7430a011189ab025008295a",
            "message": {
                "text": "'' binds a socket to all interfaces."
            },
            "location": {
                "path": "python/ray/_private/node.py",
                "start_line": 920,
                "end_line": 920,
                "start_column": 17,
                "end_column": 43
            },
            "classifications": []
        },
        "instances_url": "https://api.github.com/repos/fcas/ray/code-scanning/alerts/4/instances"
    },
    {
        "number": 3,
        "created_at": "2024-05-19T18:21:15Z",
        "updated_at": "2024-05-19T18:21:18Z",
        "url": "https://api.github.com/repos/fcas/ray/code-scanning/alerts/3",
        "html_url": "https://github.com/fcas/ray/security/code-scanning/3",
        "state": "open",
        "fixed_at": null,
        "dismissed_by": null,
        "dismissed_at": null,
        "dismissed_reason": null,
        "dismissed_comment": null,
        "rule": {
            "id": "py/bind-socket-all-network-interfaces",
            "severity": "error",
            "description": "Binding a socket to all network interfaces",
            "name": "py/bind-socket-all-network-interfaces",
            "tags": [
                "external/cwe/cwe-200",
                "security"
            ],
            "security_severity_level": "medium"
        },
        "tool": {
            "name": "CodeQL",
            "guid": null,
            "version": "2.17.3"
        },
        "most_recent_instance": {
            "ref": "refs/heads/master",
            "analysis_key": ".github/workflows/codeql.yml:analyze",
            "environment": "{\"build-mode\":\"none\",\"language\":\"python\"}",
            "category": "/language:python",
            "state": "open",
            "commit_sha": "387736296d698cd8f7430a011189ab025008295a",
            "message": {
                "text": "'' binds a socket to all interfaces."
            },
            "location": {
                "path": "python/ray/_private/node.py",
                "start_line": 906,
                "end_line": 906,
                "start_column": 9,
                "end_column": 24
            },
            "classifications": []
        },
        "instances_url": "https://api.github.com/repos/fcas/ray/code-scanning/alerts/3/instances"
    },
    {
        "number": 2,
        "created_at": "2024-05-19T18:21:15Z",
        "updated_at": "2024-05-19T18:21:18Z",
        "url": "https://api.github.com/repos/fcas/ray/code-scanning/alerts/2",
        "html_url": "https://github.com/fcas/ray/security/code-scanning/2",
        "state": "open",
        "fixed_at": null,
        "dismissed_by": null,
        "dismissed_at": null,
        "dismissed_reason": null,
        "dismissed_comment": null,
        "rule": {
            "id": "py/incomplete-url-substring-sanitization",
            "severity": "warning",
            "description": "Incomplete URL substring sanitization",
            "name": "py/incomplete-url-substring-sanitization",
            "tags": [
                "correctness",
                "external/cwe/cwe-20",
                "security"
            ],
            "security_severity_level": "high"
        },
        "tool": {
            "name": "CodeQL",
            "guid": null,
            "version": "2.17.3"
        },
        "most_recent_instance": {
            "ref": "refs/heads/master",
            "analysis_key": ".github/workflows/codeql.yml:analyze",
            "environment": "{\"build-mode\":\"none\",\"language\":\"python\"}",
            "category": "/language:python",
            "state": "open",
            "commit_sha": "387736296d698cd8f7430a011189ab025008295a",
            "message": {
                "text": "The string https://github.com/ may be at an arbitrary position in the sanitized URL."
            },
            "location": {
                "path": "release/ray_release/wheels.py",
                "start_line": 46,
                "end_line": 46,
                "start_column": 12,
                "end_column": 45
            },
            "classifications": []
        },
        "instances_url": "https://api.github.com/repos/fcas/ray/code-scanning/alerts/2/instances"
    },
    {
        "number": 1,
        "created_at": "2024-05-19T18:21:15Z",
        "updated_at": "2024-05-19T18:21:18Z",
        "url": "https://api.github.com/repos/fcas/ray/code-scanning/alerts/1",
        "html_url": "https://github.com/fcas/ray/security/code-scanning/1",
        "state": "open",
        "fixed_at": null,
        "dismissed_by": null,
        "dismissed_at": null,
        "dismissed_reason": null,
        "dismissed_comment": null,
        "rule": {
            "id": "py/incomplete-url-substring-sanitization",
            "severity": "warning",
            "description": "Incomplete URL substring sanitization",
            "name": "py/incomplete-url-substring-sanitization",
            "tags": [
                "correctness",
                "external/cwe/cwe-20",
                "security"
            ],
            "security_severity_level": "high"
        },
        "tool": {
            "name": "CodeQL",
            "guid": null,
            "version": "2.17.3"
        },
        "most_recent_instance": {
            "ref": "refs/heads/master",
            "analysis_key": ".github/workflows/codeql.yml:analyze",
            "environment": "{\"build-mode\":\"none\",\"language\":\"python\"}",
            "category": "/language:python",
            "state": "open",
            "commit_sha": "387736296d698cd8f7430a011189ab025008295a",
            "message": {
                "text": "The string grpc.io/ may be at an arbitrary position in the sanitized URL."
            },
            "location": {
                "path": "python/ray/_private/metrics_agent.py",
                "start_line": 103,
                "end_line": 103,
                "start_column": 12,
                "end_column": 64
            },
            "classifications": []
        },
        "instances_url": "https://api.github.com/repos/fcas/ray/code-scanning/alerts/1/instances"
    }
]