[
    {
        "number": 4,
        "created_at": "2024-05-19T18:14:49Z",
        "updated_at": "2024-05-19T18:14:50Z",
        "url": "https://api.github.com/repos/fcas/retro/code-scanning/alerts/4",
        "html_url": "https://github.com/fcas/retro/security/code-scanning/4",
        "state": "open",
        "fixed_at": null,
        "dismissed_by": null,
        "dismissed_at": null,
        "dismissed_reason": null,
        "dismissed_comment": null,
        "rule": {
            "id": "py/incomplete-url-substring-sanitization",
            "severity": "warning",
            "description": "Incomplete URL substring sanitization",
            "name": "py/incomplete-url-substring-sanitization",
            "tags": [
                "correctness",
                "external/cwe/cwe-20",
                "security"
            ],
            "security_severity_level": "high"
        },
        "tool": {
            "name": "CodeQL",
            "guid": null,
            "version": "2.17.3"
        },
        "most_recent_instance": {
            "ref": "refs/heads/master",
            "analysis_key": ".github/workflows/codeql.yml:analyze",
            "environment": "{\"build-mode\":\"none\",\"language\":\"python\"}",
            "category": "/language:python",
            "state": "open",
            "commit_sha": "016ef3cc8d49c0562f6b4b4a66dec0360170a4ca",
            "message": {
                "text": "The string svn.collab.net may be at an arbitrary position in the sanitized URL."
            },
            "location": {
                "path": "third-party/gtest/googlemock/scripts/upload.py",
                "start_line": 770,
                "end_line": 770,
                "start_column": 14,
                "end_column": 47
            },
            "classifications": [
                "library"
            ]
        },
        "instances_url": "https://api.github.com/repos/fcas/retro/code-scanning/alerts/4/instances"
    },
    {
        "number": 3,
        "created_at": "2024-05-19T18:14:49Z",
        "updated_at": "2024-05-19T18:14:50Z",
        "url": "https://api.github.com/repos/fcas/retro/code-scanning/alerts/3",
        "html_url": "https://github.com/fcas/retro/security/code-scanning/3",
        "state": "open",
        "fixed_at": null,
        "dismissed_by": null,
        "dismissed_at": null,
        "dismissed_reason": null,
        "dismissed_comment": null,
        "rule": {
            "id": "py/incomplete-url-substring-sanitization",
            "severity": "warning",
            "description": "Incomplete URL substring sanitization",
            "name": "py/incomplete-url-substring-sanitization",
            "tags": [
                "correctness",
                "external/cwe/cwe-20",
                "security"
            ],
            "security_severity_level": "high"
        },
        "tool": {
            "name": "CodeQL",
            "guid": null,
            "version": "2.17.3"
        },
        "most_recent_instance": {
            "ref": "refs/heads/master",
            "analysis_key": ".github/workflows/codeql.yml:analyze",
            "environment": "{\"build-mode\":\"none\",\"language\":\"python\"}",
            "category": "/language:python",
            "state": "open",
            "commit_sha": "016ef3cc8d49c0562f6b4b4a66dec0360170a4ca",
            "message": {
                "text": "The string svn.python.org may be at an arbitrary position in the sanitized URL."
            },
            "location": {
                "path": "third-party/gtest/googlemock/scripts/upload.py",
                "start_line": 762,
                "end_line": 762,
                "start_column": 12,
                "end_column": 45
            },
            "classifications": [
                "library"
            ]
        },
        "instances_url": "https://api.github.com/repos/fcas/retro/code-scanning/alerts/3/instances"
    },
    {
        "number": 2,
        "created_at": "2024-05-19T18:14:49Z",
        "updated_at": "2024-05-19T18:14:50Z",
        "url": "https://api.github.com/repos/fcas/retro/code-scanning/alerts/2",
        "html_url": "https://github.com/fcas/retro/security/code-scanning/2",
        "state": "open",
        "fixed_at": null,
        "dismissed_by": null,
        "dismissed_at": null,
        "dismissed_reason": null,
        "dismissed_comment": null,
        "rule": {
            "id": "py/incomplete-url-substring-sanitization",
            "severity": "warning",
            "description": "Incomplete URL substring sanitization",
            "name": "py/incomplete-url-substring-sanitization",
            "tags": [
                "correctness",
                "external/cwe/cwe-20",
                "security"
            ],
            "security_severity_level": "high"
        },
        "tool": {
            "name": "CodeQL",
            "guid": null,
            "version": "2.17.3"
        },
        "most_recent_instance": {
            "ref": "refs/heads/master",
            "analysis_key": ".github/workflows/codeql.yml:analyze",
            "environment": "{\"build-mode\":\"none\",\"language\":\"python\"}",
            "category": "/language:python",
            "state": "open",
            "commit_sha": "016ef3cc8d49c0562f6b4b4a66dec0360170a4ca",
            "message": {
                "text": "The string svn.collab.net may be at an arbitrary position in the sanitized URL."
            },
            "location": {
                "path": "third-party/gtest/googletest/scripts/upload.py",
                "start_line": 770,
                "end_line": 770,
                "start_column": 14,
                "end_column": 47
            },
            "classifications": [
                "library"
            ]
        },
        "instances_url": "https://api.github.com/repos/fcas/retro/code-scanning/alerts/2/instances"
    },
    {
        "number": 1,
        "created_at": "2024-05-19T18:14:49Z",
        "updated_at": "2024-05-19T18:14:50Z",
        "url": "https://api.github.com/repos/fcas/retro/code-scanning/alerts/1",
        "html_url": "https://github.com/fcas/retro/security/code-scanning/1",
        "state": "open",
        "fixed_at": null,
        "dismissed_by": null,
        "dismissed_at": null,
        "dismissed_reason": null,
        "dismissed_comment": null,
        "rule": {
            "id": "py/incomplete-url-substring-sanitization",
            "severity": "warning",
            "description": "Incomplete URL substring sanitization",
            "name": "py/incomplete-url-substring-sanitization",
            "tags": [
                "correctness",
                "external/cwe/cwe-20",
                "security"
            ],
            "security_severity_level": "high"
        },
        "tool": {
            "name": "CodeQL",
            "guid": null,
            "version": "2.17.3"
        },
        "most_recent_instance": {
            "ref": "refs/heads/master",
            "analysis_key": ".github/workflows/codeql.yml:analyze",
            "environment": "{\"build-mode\":\"none\",\"language\":\"python\"}",
            "category": "/language:python",
            "state": "open",
            "commit_sha": "016ef3cc8d49c0562f6b4b4a66dec0360170a4ca",
            "message": {
                "text": "The string svn.python.org may be at an arbitrary position in the sanitized URL."
            },
            "location": {
                "path": "third-party/gtest/googletest/scripts/upload.py",
                "start_line": 762,
                "end_line": 762,
                "start_column": 12,
                "end_column": 45
            },
            "classifications": [
                "library"
            ]
        },
        "instances_url": "https://api.github.com/repos/fcas/retro/code-scanning/alerts/1/instances"
    }
]