[
    {
        "number": 4,
        "state": "open",
        "dependency": {
            "package": {
                "ecosystem": "pip",
                "name": "requests"
            },
            "manifest_path": "poetry.lock",
            "scope": "runtime"
        },
        "security_advisory": {
            "ghsa_id": "GHSA-9wx4-h78v-vm56",
            "cve_id": "CVE-2024-35195",
            "summary": "Requests `Session` object does not verify requests after making first request with verify=False",
            "description": "When making requests through a Requests `Session`, if the first request is made with `verify=False` to disable cert verification, all subsequent requests to the same origin will continue to ignore cert verification regardless of changes to the value of `verify`. This behavior will continue for the lifecycle of the connection in the connection pool.\n\n### Remediation\nAny of these options can be used to remediate the current issue, we highly recommend upgrading as the preferred mitigation.\n\n* Upgrade to `requests>=2.32.0`.\n* For `requests<2.32.0`, avoid setting `verify=False` for the first request to a host while using a Requests Session.\n* For `requests<2.32.0`, call `close()` on `Session` objects to clear existing connections if `verify=False` is used.\n\n### Related Links\n* https://github.com/psf/requests/pull/6655",
            "severity": "medium",
            "identifiers": [
                {
                    "value": "GHSA-9wx4-h78v-vm56",
                    "type": "GHSA"
                },
                {
                    "value": "CVE-2024-35195",
                    "type": "CVE"
                }
            ],
            "references": [
                {
                    "url": "https://github.com/psf/requests/security/advisories/GHSA-9wx4-h78v-vm56"
                },
                {
                    "url": "https://github.com/psf/requests/pull/6655"
                },
                {
                    "url": "https://github.com/psf/requests/commit/a58d7f2ffb4d00b46dca2d70a3932a0b37e22fac"
                },
                {
                    "url": "https://nvd.nist.gov/vuln/detail/CVE-2024-35195"
                },
                {
                    "url": "https://github.com/advisories/GHSA-9wx4-h78v-vm56"
                }
            ],
            "published_at": "2024-05-20T20:15:00Z",
            "updated_at": "2024-05-20T22:07:29Z",
            "withdrawn_at": null,
            "vulnerabilities": [
                {
                    "package": {
                        "ecosystem": "pip",
                        "name": "requests"
                    },
                    "severity": "medium",
                    "vulnerable_version_range": "< 2.32.0",
                    "first_patched_version": {
                        "identifier": "2.32.0"
                    }
                }
            ],
            "cvss": {
                "vector_string": "CVSS:3.1/AV:L/AC:H/PR:H/UI:R/S:U/C:H/I:H/A:N",
                "score": 5.6
            },
            "cwes": [
                {
                    "cwe_id": "CWE-670",
                    "name": "Always-Incorrect Control Flow Implementation"
                }
            ]
        },
        "security_vulnerability": {
            "package": {
                "ecosystem": "pip",
                "name": "requests"
            },
            "severity": "medium",
            "vulnerable_version_range": "< 2.32.0",
            "first_patched_version": {
                "identifier": "2.32.0"
            }
        },
        "url": "https://api.github.com/repos/fcas/river/dependabot/alerts/4",
        "html_url": "https://github.com/fcas/river/security/dependabot/4",
        "created_at": "2024-05-21T08:36:36Z",
        "updated_at": "2024-05-21T08:36:36Z",
        "dismissed_at": null,
        "dismissed_by": null,
        "dismissed_reason": null,
        "dismissed_comment": null,
        "fixed_at": null,
        "auto_dismissed_at": null
    },
    {
        "number": 3,
        "state": "open",
        "dependency": {
            "package": {
                "ecosystem": "pip",
                "name": "Werkzeug"
            },
            "manifest_path": "poetry.lock",
            "scope": "runtime"
        },
        "security_advisory": {
            "ghsa_id": "GHSA-2g68-c3qc-8985",
            "cve_id": "CVE-2024-34069",
            "summary": "Werkzeug debugger vulnerable to remote execution when interacting with attacker controlled domain",
            "description": "The debugger in affected versions of Werkzeug can allow an attacker to execute code on a developer's machine under some circumstances. This requires the attacker to get the developer to interact with a domain and subdomain they control, and enter the debugger PIN, but if they are successful it allows access to the debugger even if it is only running on localhost. This also requires the attacker to guess a URL in the developer's application that will trigger the debugger.",
            "severity": "high",
            "identifiers": [
                {
                    "value": "GHSA-2g68-c3qc-8985",
                    "type": "GHSA"
                },
                {
                    "value": "CVE-2024-34069",
                    "type": "CVE"
                }
            ],
            "references": [
                {
                    "url": "https://github.com/pallets/werkzeug/security/advisories/GHSA-2g68-c3qc-8985"
                },
                {
                    "url": "https://github.com/pallets/werkzeug/commit/3386395b24c7371db11a5b8eaac0c91da5362692"
                },
                {
                    "url": "https://nvd.nist.gov/vuln/detail/CVE-2024-34069"
                },
                {
                    "url": "https://github.com/advisories/GHSA-2g68-c3qc-8985"
                }
            ],
            "published_at": "2024-05-06T14:21:27Z",
            "updated_at": "2024-05-06T16:17:35Z",
            "withdrawn_at": null,
            "vulnerabilities": [
                {
                    "package": {
                        "ecosystem": "pip",
                        "name": "Werkzeug"
                    },
                    "severity": "high",
                    "vulnerable_version_range": "< 3.0.3",
                    "first_patched_version": {
                        "identifier": "3.0.3"
                    }
                }
            ],
            "cvss": {
                "vector_string": "CVSS:3.1/AV:N/AC:H/PR:N/UI:R/S:U/C:H/I:H/A:H",
                "score": 7.5
            },
            "cwes": [
                {
                    "cwe_id": "CWE-352",
                    "name": "Cross-Site Request Forgery (CSRF)"
                }
            ]
        },
        "security_vulnerability": {
            "package": {
                "ecosystem": "pip",
                "name": "Werkzeug"
            },
            "severity": "high",
            "vulnerable_version_range": "< 3.0.3",
            "first_patched_version": {
                "identifier": "3.0.3"
            }
        },
        "url": "https://api.github.com/repos/fcas/river/dependabot/alerts/3",
        "html_url": "https://github.com/fcas/river/security/dependabot/3",
        "created_at": "2024-05-17T00:33:18Z",
        "updated_at": "2024-05-17T00:33:18Z",
        "dismissed_at": null,
        "dismissed_by": null,
        "dismissed_reason": null,
        "dismissed_comment": null,
        "fixed_at": null,
        "auto_dismissed_at": null
    },
    {
        "number": 2,
        "state": "open",
        "dependency": {
            "package": {
                "ecosystem": "pip",
                "name": "Jinja2"
            },
            "manifest_path": "poetry.lock",
            "scope": "runtime"
        },
        "security_advisory": {
            "ghsa_id": "GHSA-h75v-3vvj-5mfj",
            "cve_id": "CVE-2024-34064",
            "summary": "Jinja vulnerable to HTML attribute injection when passing user input as keys to xmlattr filter",
            "description": "The `xmlattr` filter in affected versions of Jinja accepts keys containing non-attribute characters. XML/HTML attributes cannot contain spaces, `/`, `>`, or `=`, as each would then be interpreted as starting a separate attribute. If an application accepts keys (as opposed to only values) as user input, and renders these in pages that other users see as well, an attacker could use this to inject other attributes and perform XSS. The fix for the previous GHSA-h5c8-rqwp-cp95 CVE-2024-22195 only addressed spaces but not other characters.\n\nAccepting keys as user input is now explicitly considered an unintended use case of the `xmlattr` filter, and code that does so without otherwise validating the input should be flagged as insecure, regardless of Jinja version. Accepting _values_ as user input continues to be safe.",
            "severity": "medium",
            "identifiers": [
                {
                    "value": "GHSA-h75v-3vvj-5mfj",
                    "type": "GHSA"
                },
                {
                    "value": "CVE-2024-34064",
                    "type": "CVE"
                }
            ],
            "references": [
                {
                    "url": "https://github.com/pallets/jinja/security/advisories/GHSA-h75v-3vvj-5mfj"
                },
                {
                    "url": "https://github.com/pallets/jinja/commit/0668239dc6b44ef38e7a6c9f91f312fd4ca581cb"
                },
                {
                    "url": "https://nvd.nist.gov/vuln/detail/CVE-2024-34064"
                },
                {
                    "url": "https://github.com/advisories/GHSA-h75v-3vvj-5mfj"
                }
            ],
            "published_at": "2024-05-06T14:20:59Z",
            "updated_at": "2024-05-06T16:17:32Z",
            "withdrawn_at": null,
            "vulnerabilities": [
                {
                    "package": {
                        "ecosystem": "pip",
                        "name": "Jinja2"
                    },
                    "severity": "medium",
                    "vulnerable_version_range": "< 3.1.4",
                    "first_patched_version": {
                        "identifier": "3.1.4"
                    }
                }
            ],
            "cvss": {
                "vector_string": "CVSS:3.1/AV:N/AC:L/PR:N/UI:R/S:U/C:L/I:L/A:N",
                "score": 5.4
            },
            "cwes": [
                {
                    "cwe_id": "CWE-79",
                    "name": "Improper Neutralization of Input During Web Page Generation ('Cross-site Scripting')"
                }
            ]
        },
        "security_vulnerability": {
            "package": {
                "ecosystem": "pip",
                "name": "Jinja2"
            },
            "severity": "medium",
            "vulnerable_version_range": "< 3.1.4",
            "first_patched_version": {
                "identifier": "3.1.4"
            }
        },
        "url": "https://api.github.com/repos/fcas/river/dependabot/alerts/2",
        "html_url": "https://github.com/fcas/river/security/dependabot/2",
        "created_at": "2024-05-17T00:33:18Z",
        "updated_at": "2024-05-17T00:33:18Z",
        "dismissed_at": null,
        "dismissed_by": null,
        "dismissed_reason": null,
        "dismissed_comment": null,
        "fixed_at": null,
        "auto_dismissed_at": null
    },
    {
        "number": 1,
        "state": "open",
        "dependency": {
            "package": {
                "ecosystem": "pip",
                "name": "tqdm"
            },
            "manifest_path": "poetry.lock",
            "scope": "runtime"
        },
        "security_advisory": {
            "ghsa_id": "GHSA-g7vv-2v7x-gj9p",
            "cve_id": "CVE-2024-34062",
            "summary": "tqdm CLI arguments injection attack",
            "description": "### Impact\nAny optional non-boolean CLI arguments (e.g. `--delim`, `--buf-size`, `--manpath`) are passed through python's `eval`, allowing arbitrary code execution. Example:\n\n```sh\npython -m tqdm --manpath=\"\\\" + str(exec(\\\"import os\\nos.system('echo hi && killall python3')\\\")) + \\\"\"\n```\n\n### Patches\nhttps://github.com/tqdm/tqdm/commit/4e613f84ed2ae029559f539464df83fa91feb316 released in `tqdm>=4.66.3`\n\n### Workarounds\nNone\n\n### References\n- https://github.com/tqdm/tqdm/releases/tag/v4.66.3",
            "severity": "low",
            "identifiers": [
                {
                    "value": "GHSA-g7vv-2v7x-gj9p",
                    "type": "GHSA"
                },
                {
                    "value": "CVE-2024-34062",
                    "type": "CVE"
                }
            ],
            "references": [
                {
                    "url": "https://github.com/tqdm/tqdm/security/advisories/GHSA-g7vv-2v7x-gj9p"
                },
                {
                    "url": "https://nvd.nist.gov/vuln/detail/CVE-2024-34062"
                },
                {
                    "url": "https://github.com/tqdm/tqdm/commit/4e613f84ed2ae029559f539464df83fa91feb316"
                },
                {
                    "url": "https://github.com/advisories/GHSA-g7vv-2v7x-gj9p"
                }
            ],
            "published_at": "2024-05-03T19:33:28Z",
            "updated_at": "2024-05-03T19:33:29Z",
            "withdrawn_at": null,
            "vulnerabilities": [
                {
                    "package": {
                        "ecosystem": "pip",
                        "name": "tqdm"
                    },
                    "severity": "low",
                    "vulnerable_version_range": ">= 4.4.0, < 4.66.3",
                    "first_patched_version": {
                        "identifier": "4.66.3"
                    }
                }
            ],
            "cvss": {
                "vector_string": "CVSS:3.1/AV:L/AC:L/PR:L/UI:R/S:U/C:L/I:L/A:N",
                "score": 3.9
            },
            "cwes": [
                {
                    "cwe_id": "CWE-74",
                    "name": "Improper Neutralization of Special Elements in Output Used by a Downstream Component ('Injection')"
                }
            ]
        },
        "security_vulnerability": {
            "package": {
                "ecosystem": "pip",
                "name": "tqdm"
            },
            "severity": "low",
            "vulnerable_version_range": ">= 4.4.0, < 4.66.3",
            "first_patched_version": {
                "identifier": "4.66.3"
            }
        },
        "url": "https://api.github.com/repos/fcas/river/dependabot/alerts/1",
        "html_url": "https://github.com/fcas/river/security/dependabot/1",
        "created_at": "2024-05-17T00:33:18Z",
        "updated_at": "2024-05-17T00:33:18Z",
        "dismissed_at": null,
        "dismissed_by": null,
        "dismissed_reason": null,
        "dismissed_comment": null,
        "fixed_at": null,
        "auto_dismissed_at": null
    }
]