[
    {
        "number": 2,
        "created_at": "2024-05-23T09:42:23Z",
        "updated_at": "2024-05-23T09:42:24Z",
        "url": "https://api.github.com/repos/fcas/scikit-learn-intelex/code-scanning/alerts/2",
        "html_url": "https://github.com/fcas/scikit-learn-intelex/security/code-scanning/2",
        "state": "open",
        "fixed_at": null,
        "dismissed_by": null,
        "dismissed_at": null,
        "dismissed_reason": null,
        "dismissed_comment": null,
        "rule": {
            "id": "py/redos",
            "severity": "error",
            "description": "Inefficient regular expression",
            "name": "py/redos",
            "tags": [
                "external/cwe/cwe-1333",
                "external/cwe/cwe-400",
                "external/cwe/cwe-730",
                "security"
            ],
            "security_severity_level": "high"
        },
        "tool": {
            "name": "CodeQL",
            "guid": null,
            "version": "2.17.3"
        },
        "most_recent_instance": {
            "ref": "refs/heads/main",
            "analysis_key": ".github/workflows/codeql.yml:analyze",
            "environment": "{\"build-mode\":\"none\",\"language\":\"python\"}",
            "category": "/language:python",
            "state": "open",
            "commit_sha": "9ad2c61384fcfc4fb1aa670862aab5f3b4b19254",
            "message": {
                "text": "This part of the regular expression may cause exponential backtracking on strings starting with 'template class ' and containing many repetitions of '0'."
            },
            "location": {
                "path": "generator/parse.py",
                "start_line": 457,
                "end_line": 457,
                "start_column": 57,
                "end_column": 63
            },
            "classifications": []
        },
        "instances_url": "https://api.github.com/repos/fcas/scikit-learn-intelex/code-scanning/alerts/2/instances"
    },
    {
        "number": 1,
        "created_at": "2024-05-23T09:42:23Z",
        "updated_at": "2024-05-23T09:42:24Z",
        "url": "https://api.github.com/repos/fcas/scikit-learn-intelex/code-scanning/alerts/1",
        "html_url": "https://github.com/fcas/scikit-learn-intelex/security/code-scanning/1",
        "state": "open",
        "fixed_at": null,
        "dismissed_by": null,
        "dismissed_at": null,
        "dismissed_reason": null,
        "dismissed_comment": null,
        "rule": {
            "id": "py/redos",
            "severity": "error",
            "description": "Inefficient regular expression",
            "name": "py/redos",
            "tags": [
                "external/cwe/cwe-1333",
                "external/cwe/cwe-400",
                "external/cwe/cwe-730",
                "security"
            ],
            "security_severity_level": "high"
        },
        "tool": {
            "name": "CodeQL",
            "guid": null,
            "version": "2.17.3"
        },
        "most_recent_instance": {
            "ref": "refs/heads/main",
            "analysis_key": ".github/workflows/codeql.yml:analyze",
            "environment": "{\"build-mode\":\"none\",\"language\":\"python\"}",
            "category": "/language:python",
            "state": "open",
            "commit_sha": "9ad2c61384fcfc4fb1aa670862aab5f3b4b19254",
            "message": {
                "text": "This part of the regular expression may cause exponential backtracking on strings starting with '<' and containing many repetitions of ' ><'."
            },
            "location": {
                "path": "generator/parse.py",
                "start_line": 417,
                "end_line": 417,
                "start_column": 60,
                "end_column": 62
            },
            "classifications": []
        },
        "instances_url": "https://api.github.com/repos/fcas/scikit-learn-intelex/code-scanning/alerts/1/instances"
    }
]