[
    {
        "number": 1,
        "created_at": "2024-05-16T19:28:54Z",
        "updated_at": "2024-05-16T19:28:56Z",
        "url": "https://api.github.com/repos/fcas/scikit-learn/code-scanning/alerts/1",
        "html_url": "https://github.com/fcas/scikit-learn/security/code-scanning/1",
        "state": "open",
        "fixed_at": null,
        "dismissed_by": null,
        "dismissed_at": null,
        "dismissed_reason": null,
        "dismissed_comment": null,
        "rule": {
            "id": "js/xss-through-dom",
            "severity": "warning",
            "description": "DOM text reinterpreted as HTML",
            "name": "js/xss-through-dom",
            "tags": [
                "external/cwe/cwe-079",
                "external/cwe/cwe-116",
                "security"
            ],
            "security_severity_level": "medium"
        },
        "tool": {
            "name": "CodeQL",
            "guid": null,
            "version": "2.17.3"
        },
        "most_recent_instance": {
            "ref": "refs/heads/main",
            "analysis_key": ".github/workflows/codeql.yml:analyze",
            "environment": "{\"build-mode\":\"none\",\"language\":\"javascript-typescript\"}",
            "category": "/language:javascript-typescript",
            "state": "open",
            "commit_sha": "94a6e79e10d8ce007ad1dba69b642d83b55d5a77",
            "message": {
                "text": "DOM text is reinterpreted as HTML without escaping meta-characters."
            },
            "location": {
                "path": "doc/themes/scikit-learn-modern/static/js/details-permalink.js",
                "start_line": 40,
                "end_line": 40,
                "start_column": 44,
                "end_column": 58
            },
            "classifications": [
                "documentation"
            ]
        },
        "instances_url": "https://api.github.com/repos/fcas/scikit-learn/code-scanning/alerts/1/instances"
    }
]