[
    {
        "number": 8,
        "state": "open",
        "dependency": {
            "package": {
                "ecosystem": "pip",
                "name": "numpy"
            },
            "manifest_path": "cicd/azure-wheel-helpers/requirements-test.txt",
            "scope": "development"
        },
        "security_advisory": {
            "ghsa_id": "GHSA-fpfv-jqm9-f5jm",
            "cve_id": "CVE-2021-34141",
            "summary": "Incorrect Comparison in NumPy",
            "description": "Incomplete string comparison in the numpy.core component in NumPy1.9.x, which allows attackers to fail the APIs via constructing specific string objects.",
            "severity": "medium",
            "identifiers": [
                {
                    "value": "GHSA-fpfv-jqm9-f5jm",
                    "type": "GHSA"
                },
                {
                    "value": "CVE-2021-34141",
                    "type": "CVE"
                }
            ],
            "references": [
                {
                    "url": "https://nvd.nist.gov/vuln/detail/CVE-2021-34141"
                },
                {
                    "url": "https://github.com/numpy/numpy/issues/18993"
                },
                {
                    "url": "https://www.oracle.com/security-alerts/cpujul2022.html"
                },
                {
                    "url": "https://github.com/numpy/numpy/issues/18993#issuecomment-1010735102"
                },
                {
                    "url": "https://github.com/advisories/GHSA-fpfv-jqm9-f5jm"
                },
                {
                    "url": "https://github.com/pypa/advisory-database/tree/main/vulns/numpy/PYSEC-2021-855.yaml"
                }
            ],
            "published_at": "2021-12-18T00:00:41Z",
            "updated_at": "2023-01-27T05:07:10Z",
            "withdrawn_at": null,
            "vulnerabilities": [
                {
                    "package": {
                        "ecosystem": "pip",
                        "name": "numpy"
                    },
                    "severity": "medium",
                    "vulnerable_version_range": "< 1.22",
                    "first_patched_version": {
                        "identifier": "1.22"
                    }
                }
            ],
            "cvss": {
                "vector_string": "CVSS:3.1/AV:N/AC:L/PR:N/UI:N/S:U/C:N/I:N/A:L",
                "score": 5.3
            },
            "cwes": [
                {
                    "cwe_id": "CWE-697",
                    "name": "Incorrect Comparison"
                }
            ]
        },
        "security_vulnerability": {
            "package": {
                "ecosystem": "pip",
                "name": "numpy"
            },
            "severity": "medium",
            "vulnerable_version_range": "< 1.22",
            "first_patched_version": {
                "identifier": "1.22"
            }
        },
        "url": "https://api.github.com/repos/fcas/scikit-multiflow/dependabot/alerts/8",
        "html_url": "https://github.com/fcas/scikit-multiflow/security/dependabot/8",
        "created_at": "2024-05-24T01:34:05Z",
        "updated_at": "2024-05-24T01:34:05Z",
        "dismissed_at": null,
        "dismissed_by": null,
        "dismissed_reason": null,
        "dismissed_comment": null,
        "fixed_at": null,
        "auto_dismissed_at": null
    },
    {
        "number": 7,
        "state": "open",
        "dependency": {
            "package": {
                "ecosystem": "pip",
                "name": "numpy"
            },
            "manifest_path": "cicd/azure-wheel-helpers/requirements-test.txt",
            "scope": "development"
        },
        "security_advisory": {
            "ghsa_id": "GHSA-5545-2q6w-2gh6",
            "cve_id": "CVE-2021-41495",
            "summary": "NumPy NULL Pointer Dereference",
            "description": "Null Pointer Dereference vulnerability exists in numpy.sort in NumPy &lt and 1.19 in the PyArray_DescrNew function due to missing return-value validation, which allows attackers to conduct DoS attacks by repetitively creating sort arrays.",
            "severity": "high",
            "identifiers": [
                {
                    "value": "GHSA-5545-2q6w-2gh6",
                    "type": "GHSA"
                },
                {
                    "value": "CVE-2021-41495",
                    "type": "CVE"
                }
            ],
            "references": [
                {
                    "url": "https://nvd.nist.gov/vuln/detail/CVE-2021-41495"
                },
                {
                    "url": "https://github.com/numpy/numpy/issues/19038"
                },
                {
                    "url": "https://www.oracle.com/security-alerts/cpujul2022.html"
                },
                {
                    "url": "https://github.com/advisories/GHSA-5545-2q6w-2gh6"
                },
                {
                    "url": "https://github.com/pypa/advisory-database/tree/main/vulns/numpy/PYSEC-2021-856.yaml"
                }
            ],
            "published_at": "2022-02-08T00:00:56Z",
            "updated_at": "2023-01-29T05:01:55Z",
            "withdrawn_at": null,
            "vulnerabilities": [
                {
                    "package": {
                        "ecosystem": "pip",
                        "name": "numpy"
                    },
                    "severity": "high",
                    "vulnerable_version_range": "<= 1.18.5",
                    "first_patched_version": {
                        "identifier": "1.19"
                    }
                }
            ],
            "cvss": {
                "vector_string": "CVSS:3.1/AV:N/AC:L/PR:N/UI:N/S:U/C:N/I:N/A:H",
                "score": 7.5
            },
            "cwes": [
                {
                    "cwe_id": "CWE-476",
                    "name": "NULL Pointer Dereference"
                }
            ]
        },
        "security_vulnerability": {
            "package": {
                "ecosystem": "pip",
                "name": "numpy"
            },
            "severity": "high",
            "vulnerable_version_range": "<= 1.18.5",
            "first_patched_version": {
                "identifier": "1.19"
            }
        },
        "url": "https://api.github.com/repos/fcas/scikit-multiflow/dependabot/alerts/7",
        "html_url": "https://github.com/fcas/scikit-multiflow/security/dependabot/7",
        "created_at": "2024-05-24T01:34:05Z",
        "updated_at": "2024-05-24T01:34:05Z",
        "dismissed_at": null,
        "dismissed_by": null,
        "dismissed_reason": null,
        "dismissed_comment": null,
        "fixed_at": null,
        "auto_dismissed_at": null
    },
    {
        "number": 6,
        "state": "open",
        "dependency": {
            "package": {
                "ecosystem": "pip",
                "name": "numpy"
            },
            "manifest_path": "cicd/azure-wheel-helpers/requirements-test.txt",
            "scope": "development"
        },
        "security_advisory": {
            "ghsa_id": "GHSA-f7c7-j99h-c22f",
            "cve_id": "CVE-2021-41496",
            "summary": "Buffer Copy without Checking Size of Input in NumPy",
            "description": "Buffer overflow in the array_from_pyobj function of fortranobject.c in NumPy < 1.19, which allows attackers to conduct a Denial of Service attacks by carefully constructing an array with negative values.",
            "severity": "medium",
            "identifiers": [
                {
                    "value": "GHSA-f7c7-j99h-c22f",
                    "type": "GHSA"
                },
                {
                    "value": "CVE-2021-41496",
                    "type": "CVE"
                }
            ],
            "references": [
                {
                    "url": "https://nvd.nist.gov/vuln/detail/CVE-2021-41496"
                },
                {
                    "url": "https://github.com/numpy/numpy/issues/19000"
                },
                {
                    "url": "https://www.oracle.com/security-alerts/cpujul2022.html"
                },
                {
                    "url": "https://github.com/advisories/GHSA-f7c7-j99h-c22f"
                }
            ],
            "published_at": "2022-02-08T00:00:56Z",
            "updated_at": "2023-01-27T05:02:20Z",
            "withdrawn_at": null,
            "vulnerabilities": [
                {
                    "package": {
                        "ecosystem": "pip",
                        "name": "numpy"
                    },
                    "severity": "medium",
                    "vulnerable_version_range": "<= 1.18.5",
                    "first_patched_version": {
                        "identifier": "1.19"
                    }
                }
            ],
            "cvss": {
                "vector_string": "CVSS:3.1/AV:L/AC:L/PR:L/UI:N/S:U/C:N/I:N/A:H",
                "score": 5.5
            },
            "cwes": [
                {
                    "cwe_id": "CWE-120",
                    "name": "Buffer Copy without Checking Size of Input ('Classic Buffer Overflow')"
                }
            ]
        },
        "security_vulnerability": {
            "package": {
                "ecosystem": "pip",
                "name": "numpy"
            },
            "severity": "medium",
            "vulnerable_version_range": "<= 1.18.5",
            "first_patched_version": {
                "identifier": "1.19"
            }
        },
        "url": "https://api.github.com/repos/fcas/scikit-multiflow/dependabot/alerts/6",
        "html_url": "https://github.com/fcas/scikit-multiflow/security/dependabot/6",
        "created_at": "2024-05-24T01:34:05Z",
        "updated_at": "2024-05-24T01:34:05Z",
        "dismissed_at": null,
        "dismissed_by": null,
        "dismissed_reason": null,
        "dismissed_comment": null,
        "fixed_at": null,
        "auto_dismissed_at": null
    },
    {
        "number": 5,
        "state": "open",
        "dependency": {
            "package": {
                "ecosystem": "pip",
                "name": "numpy"
            },
            "manifest_path": "cicd/azure-wheel-helpers/requirements-test.txt",
            "scope": "development"
        },
        "security_advisory": {
            "ghsa_id": "GHSA-6p56-wp2h-9hxr",
            "cve_id": "CVE-2021-33430",
            "summary": "NumPy Buffer Overflow (Disputed)",
            "description": "A Buffer Overflow vulnerability exists in NumPy 1.9.x in the PyArray_NewFromDescr_int function of ctors.c when specifying arrays of large dimensions (over 32) from Python code, which could let a malicious user cause a Denial of Service.\n\nNOTE: The vendor does not agree this is a vulnerability; In (very limited) circumstances a user may be able provoke the buffer overflow, the user is most likely already privileged to at least provoke denial of service by exhausting memory. Triggering this further requires the use of uncommon API (complicated structured dtypes), which is very unlikely to be available to an unprivileged user.",
            "severity": "medium",
            "identifiers": [
                {
                    "value": "GHSA-6p56-wp2h-9hxr",
                    "type": "GHSA"
                },
                {
                    "value": "CVE-2021-33430",
                    "type": "CVE"
                }
            ],
            "references": [
                {
                    "url": "https://nvd.nist.gov/vuln/detail/CVE-2021-33430"
                },
                {
                    "url": "https://github.com/numpy/numpy/issues/18939"
                },
                {
                    "url": "https://github.com/numpy/numpy/commit/ae317fd9ff3e79c0eac357d723bfc29cbd625f2e"
                },
                {
                    "url": "https://github.com/advisories/GHSA-6p56-wp2h-9hxr"
                }
            ],
            "published_at": "2022-01-07T00:09:39Z",
            "updated_at": "2024-01-11T21:28:19Z",
            "withdrawn_at": null,
            "vulnerabilities": [
                {
                    "package": {
                        "ecosystem": "pip",
                        "name": "numpy"
                    },
                    "severity": "medium",
                    "vulnerable_version_range": ">= 1.9.0, < 1.21",
                    "first_patched_version": {
                        "identifier": "1.21"
                    }
                }
            ],
            "cvss": {
                "vector_string": "CVSS:3.1/AV:N/AC:H/PR:L/UI:N/S:U/C:N/I:N/A:H",
                "score": 5.3
            },
            "cwes": [
                {
                    "cwe_id": "CWE-120",
                    "name": "Buffer Copy without Checking Size of Input ('Classic Buffer Overflow')"
                }
            ]
        },
        "security_vulnerability": {
            "package": {
                "ecosystem": "pip",
                "name": "numpy"
            },
            "severity": "medium",
            "vulnerable_version_range": ">= 1.9.0, < 1.21",
            "first_patched_version": {
                "identifier": "1.21"
            }
        },
        "url": "https://api.github.com/repos/fcas/scikit-multiflow/dependabot/alerts/5",
        "html_url": "https://github.com/fcas/scikit-multiflow/security/dependabot/5",
        "created_at": "2024-05-24T01:34:05Z",
        "updated_at": "2024-05-24T01:34:05Z",
        "dismissed_at": null,
        "dismissed_by": null,
        "dismissed_reason": null,
        "dismissed_comment": null,
        "fixed_at": null,
        "auto_dismissed_at": null
    },
    {
        "number": 4,
        "state": "open",
        "dependency": {
            "package": {
                "ecosystem": "pip",
                "name": "numpy"
            },
            "manifest_path": "cicd/azure-wheel-helpers/requirements-dev.txt",
            "scope": "development"
        },
        "security_advisory": {
            "ghsa_id": "GHSA-fpfv-jqm9-f5jm",
            "cve_id": "CVE-2021-34141",
            "summary": "Incorrect Comparison in NumPy",
            "description": "Incomplete string comparison in the numpy.core component in NumPy1.9.x, which allows attackers to fail the APIs via constructing specific string objects.",
            "severity": "medium",
            "identifiers": [
                {
                    "value": "GHSA-fpfv-jqm9-f5jm",
                    "type": "GHSA"
                },
                {
                    "value": "CVE-2021-34141",
                    "type": "CVE"
                }
            ],
            "references": [
                {
                    "url": "https://nvd.nist.gov/vuln/detail/CVE-2021-34141"
                },
                {
                    "url": "https://github.com/numpy/numpy/issues/18993"
                },
                {
                    "url": "https://www.oracle.com/security-alerts/cpujul2022.html"
                },
                {
                    "url": "https://github.com/numpy/numpy/issues/18993#issuecomment-1010735102"
                },
                {
                    "url": "https://github.com/advisories/GHSA-fpfv-jqm9-f5jm"
                },
                {
                    "url": "https://github.com/pypa/advisory-database/tree/main/vulns/numpy/PYSEC-2021-855.yaml"
                }
            ],
            "published_at": "2021-12-18T00:00:41Z",
            "updated_at": "2023-01-27T05:07:10Z",
            "withdrawn_at": null,
            "vulnerabilities": [
                {
                    "package": {
                        "ecosystem": "pip",
                        "name": "numpy"
                    },
                    "severity": "medium",
                    "vulnerable_version_range": "< 1.22",
                    "first_patched_version": {
                        "identifier": "1.22"
                    }
                }
            ],
            "cvss": {
                "vector_string": "CVSS:3.1/AV:N/AC:L/PR:N/UI:N/S:U/C:N/I:N/A:L",
                "score": 5.3
            },
            "cwes": [
                {
                    "cwe_id": "CWE-697",
                    "name": "Incorrect Comparison"
                }
            ]
        },
        "security_vulnerability": {
            "package": {
                "ecosystem": "pip",
                "name": "numpy"
            },
            "severity": "medium",
            "vulnerable_version_range": "< 1.22",
            "first_patched_version": {
                "identifier": "1.22"
            }
        },
        "url": "https://api.github.com/repos/fcas/scikit-multiflow/dependabot/alerts/4",
        "html_url": "https://github.com/fcas/scikit-multiflow/security/dependabot/4",
        "created_at": "2024-05-24T01:34:05Z",
        "updated_at": "2024-05-24T01:34:05Z",
        "dismissed_at": null,
        "dismissed_by": null,
        "dismissed_reason": null,
        "dismissed_comment": null,
        "fixed_at": null,
        "auto_dismissed_at": null
    },
    {
        "number": 3,
        "state": "open",
        "dependency": {
            "package": {
                "ecosystem": "pip",
                "name": "numpy"
            },
            "manifest_path": "cicd/azure-wheel-helpers/requirements-dev.txt",
            "scope": "development"
        },
        "security_advisory": {
            "ghsa_id": "GHSA-5545-2q6w-2gh6",
            "cve_id": "CVE-2021-41495",
            "summary": "NumPy NULL Pointer Dereference",
            "description": "Null Pointer Dereference vulnerability exists in numpy.sort in NumPy &lt and 1.19 in the PyArray_DescrNew function due to missing return-value validation, which allows attackers to conduct DoS attacks by repetitively creating sort arrays.",
            "severity": "high",
            "identifiers": [
                {
                    "value": "GHSA-5545-2q6w-2gh6",
                    "type": "GHSA"
                },
                {
                    "value": "CVE-2021-41495",
                    "type": "CVE"
                }
            ],
            "references": [
                {
                    "url": "https://nvd.nist.gov/vuln/detail/CVE-2021-41495"
                },
                {
                    "url": "https://github.com/numpy/numpy/issues/19038"
                },
                {
                    "url": "https://www.oracle.com/security-alerts/cpujul2022.html"
                },
                {
                    "url": "https://github.com/advisories/GHSA-5545-2q6w-2gh6"
                },
                {
                    "url": "https://github.com/pypa/advisory-database/tree/main/vulns/numpy/PYSEC-2021-856.yaml"
                }
            ],
            "published_at": "2022-02-08T00:00:56Z",
            "updated_at": "2023-01-29T05:01:55Z",
            "withdrawn_at": null,
            "vulnerabilities": [
                {
                    "package": {
                        "ecosystem": "pip",
                        "name": "numpy"
                    },
                    "severity": "high",
                    "vulnerable_version_range": "<= 1.18.5",
                    "first_patched_version": {
                        "identifier": "1.19"
                    }
                }
            ],
            "cvss": {
                "vector_string": "CVSS:3.1/AV:N/AC:L/PR:N/UI:N/S:U/C:N/I:N/A:H",
                "score": 7.5
            },
            "cwes": [
                {
                    "cwe_id": "CWE-476",
                    "name": "NULL Pointer Dereference"
                }
            ]
        },
        "security_vulnerability": {
            "package": {
                "ecosystem": "pip",
                "name": "numpy"
            },
            "severity": "high",
            "vulnerable_version_range": "<= 1.18.5",
            "first_patched_version": {
                "identifier": "1.19"
            }
        },
        "url": "https://api.github.com/repos/fcas/scikit-multiflow/dependabot/alerts/3",
        "html_url": "https://github.com/fcas/scikit-multiflow/security/dependabot/3",
        "created_at": "2024-05-24T01:34:04Z",
        "updated_at": "2024-05-24T01:34:04Z",
        "dismissed_at": null,
        "dismissed_by": null,
        "dismissed_reason": null,
        "dismissed_comment": null,
        "fixed_at": null,
        "auto_dismissed_at": null
    },
    {
        "number": 2,
        "state": "open",
        "dependency": {
            "package": {
                "ecosystem": "pip",
                "name": "numpy"
            },
            "manifest_path": "cicd/azure-wheel-helpers/requirements-dev.txt",
            "scope": "development"
        },
        "security_advisory": {
            "ghsa_id": "GHSA-f7c7-j99h-c22f",
            "cve_id": "CVE-2021-41496",
            "summary": "Buffer Copy without Checking Size of Input in NumPy",
            "description": "Buffer overflow in the array_from_pyobj function of fortranobject.c in NumPy < 1.19, which allows attackers to conduct a Denial of Service attacks by carefully constructing an array with negative values.",
            "severity": "medium",
            "identifiers": [
                {
                    "value": "GHSA-f7c7-j99h-c22f",
                    "type": "GHSA"
                },
                {
                    "value": "CVE-2021-41496",
                    "type": "CVE"
                }
            ],
            "references": [
                {
                    "url": "https://nvd.nist.gov/vuln/detail/CVE-2021-41496"
                },
                {
                    "url": "https://github.com/numpy/numpy/issues/19000"
                },
                {
                    "url": "https://www.oracle.com/security-alerts/cpujul2022.html"
                },
                {
                    "url": "https://github.com/advisories/GHSA-f7c7-j99h-c22f"
                }
            ],
            "published_at": "2022-02-08T00:00:56Z",
            "updated_at": "2023-01-27T05:02:20Z",
            "withdrawn_at": null,
            "vulnerabilities": [
                {
                    "package": {
                        "ecosystem": "pip",
                        "name": "numpy"
                    },
                    "severity": "medium",
                    "vulnerable_version_range": "<= 1.18.5",
                    "first_patched_version": {
                        "identifier": "1.19"
                    }
                }
            ],
            "cvss": {
                "vector_string": "CVSS:3.1/AV:L/AC:L/PR:L/UI:N/S:U/C:N/I:N/A:H",
                "score": 5.5
            },
            "cwes": [
                {
                    "cwe_id": "CWE-120",
                    "name": "Buffer Copy without Checking Size of Input ('Classic Buffer Overflow')"
                }
            ]
        },
        "security_vulnerability": {
            "package": {
                "ecosystem": "pip",
                "name": "numpy"
            },
            "severity": "medium",
            "vulnerable_version_range": "<= 1.18.5",
            "first_patched_version": {
                "identifier": "1.19"
            }
        },
        "url": "https://api.github.com/repos/fcas/scikit-multiflow/dependabot/alerts/2",
        "html_url": "https://github.com/fcas/scikit-multiflow/security/dependabot/2",
        "created_at": "2024-05-24T01:34:04Z",
        "updated_at": "2024-05-24T01:34:04Z",
        "dismissed_at": null,
        "dismissed_by": null,
        "dismissed_reason": null,
        "dismissed_comment": null,
        "fixed_at": null,
        "auto_dismissed_at": null
    },
    {
        "number": 1,
        "state": "open",
        "dependency": {
            "package": {
                "ecosystem": "pip",
                "name": "numpy"
            },
            "manifest_path": "cicd/azure-wheel-helpers/requirements-dev.txt",
            "scope": "development"
        },
        "security_advisory": {
            "ghsa_id": "GHSA-6p56-wp2h-9hxr",
            "cve_id": "CVE-2021-33430",
            "summary": "NumPy Buffer Overflow (Disputed)",
            "description": "A Buffer Overflow vulnerability exists in NumPy 1.9.x in the PyArray_NewFromDescr_int function of ctors.c when specifying arrays of large dimensions (over 32) from Python code, which could let a malicious user cause a Denial of Service.\n\nNOTE: The vendor does not agree this is a vulnerability; In (very limited) circumstances a user may be able provoke the buffer overflow, the user is most likely already privileged to at least provoke denial of service by exhausting memory. Triggering this further requires the use of uncommon API (complicated structured dtypes), which is very unlikely to be available to an unprivileged user.",
            "severity": "medium",
            "identifiers": [
                {
                    "value": "GHSA-6p56-wp2h-9hxr",
                    "type": "GHSA"
                },
                {
                    "value": "CVE-2021-33430",
                    "type": "CVE"
                }
            ],
            "references": [
                {
                    "url": "https://nvd.nist.gov/vuln/detail/CVE-2021-33430"
                },
                {
                    "url": "https://github.com/numpy/numpy/issues/18939"
                },
                {
                    "url": "https://github.com/numpy/numpy/commit/ae317fd9ff3e79c0eac357d723bfc29cbd625f2e"
                },
                {
                    "url": "https://github.com/advisories/GHSA-6p56-wp2h-9hxr"
                }
            ],
            "published_at": "2022-01-07T00:09:39Z",
            "updated_at": "2024-01-11T21:28:19Z",
            "withdrawn_at": null,
            "vulnerabilities": [
                {
                    "package": {
                        "ecosystem": "pip",
                        "name": "numpy"
                    },
                    "severity": "medium",
                    "vulnerable_version_range": ">= 1.9.0, < 1.21",
                    "first_patched_version": {
                        "identifier": "1.21"
                    }
                }
            ],
            "cvss": {
                "vector_string": "CVSS:3.1/AV:N/AC:H/PR:L/UI:N/S:U/C:N/I:N/A:H",
                "score": 5.3
            },
            "cwes": [
                {
                    "cwe_id": "CWE-120",
                    "name": "Buffer Copy without Checking Size of Input ('Classic Buffer Overflow')"
                }
            ]
        },
        "security_vulnerability": {
            "package": {
                "ecosystem": "pip",
                "name": "numpy"
            },
            "severity": "medium",
            "vulnerable_version_range": ">= 1.9.0, < 1.21",
            "first_patched_version": {
                "identifier": "1.21"
            }
        },
        "url": "https://api.github.com/repos/fcas/scikit-multiflow/dependabot/alerts/1",
        "html_url": "https://github.com/fcas/scikit-multiflow/security/dependabot/1",
        "created_at": "2024-05-24T01:34:04Z",
        "updated_at": "2024-05-24T01:34:04Z",
        "dismissed_at": null,
        "dismissed_by": null,
        "dismissed_reason": null,
        "dismissed_comment": null,
        "fixed_at": null,
        "auto_dismissed_at": null
    }
]