[
    {
        "number": 1,
        "created_at": "2024-05-19T01:26:40Z",
        "updated_at": "2024-05-19T01:26:41Z",
        "url": "https://api.github.com/repos/fcas/spaCy/code-scanning/alerts/1",
        "html_url": "https://github.com/fcas/spaCy/security/code-scanning/1",
        "state": "open",
        "fixed_at": null,
        "dismissed_by": null,
        "dismissed_at": null,
        "dismissed_reason": null,
        "dismissed_comment": null,
        "rule": {
            "id": "py/bind-socket-all-network-interfaces",
            "severity": "error",
            "description": "Binding a socket to all network interfaces",
            "name": "py/bind-socket-all-network-interfaces",
            "tags": [
                "external/cwe/cwe-200",
                "security"
            ],
            "security_severity_level": "medium"
        },
        "tool": {
            "name": "CodeQL",
            "guid": null,
            "version": "2.17.3"
        },
        "most_recent_instance": {
            "ref": "refs/heads/master",
            "analysis_key": ".github/workflows/codeql.yml:analyze",
            "environment": "{\"build-mode\":\"none\",\"language\":\"python\"}",
            "category": "/language:python",
            "state": "open",
            "commit_sha": "7561eab837b8b4750b7fd47ae703c2aa9a950572",
            "message": {
                "text": "'0.0.0.0' binds a socket to all interfaces."
            },
            "location": {
                "path": "spacy/util.py",
                "start_line": 1801,
                "end_line": 1801,
                "start_column": 9,
                "end_column": 29
            },
            "classifications": []
        },
        "instances_url": "https://api.github.com/repos/fcas/spaCy/code-scanning/alerts/1/instances"
    }
]