[
    {
        "number": 1,
        "created_at": "2024-05-19T01:24:12Z",
        "updated_at": "2024-05-19T01:24:14Z",
        "url": "https://api.github.com/repos/fcas/spammy/code-scanning/alerts/1",
        "html_url": "https://github.com/fcas/spammy/security/code-scanning/1",
        "state": "open",
        "fixed_at": null,
        "dismissed_by": null,
        "dismissed_at": null,
        "dismissed_reason": null,
        "dismissed_comment": null,
        "rule": {
            "id": "py/overly-large-range",
            "severity": "warning",
            "description": "Overly permissive regular expression range",
            "name": "py/overly-large-range",
            "tags": [
                "correctness",
                "external/cwe/cwe-020",
                "security"
            ],
            "security_severity_level": "medium"
        },
        "tool": {
            "name": "CodeQL",
            "guid": null,
            "version": "2.17.3"
        },
        "most_recent_instance": {
            "ref": "refs/heads/master",
            "analysis_key": ".github/workflows/codeql.yml:analyze",
            "environment": "{\"build-mode\":\"none\",\"language\":\"python\"}",
            "category": "/language:python",
            "state": "open",
            "commit_sha": "b1d5c5192ca91a5635d9e99047cacdd2dd77617f",
            "message": {
                "text": "Suspicious character range that is equivalent to \\[$%&'()*+,\\-.\\/0-9:;<=>?@A-Z\\\\[\\\\\\\\]^_\\]."
            },
            "location": {
                "path": "spammy/train.py",
                "start_line": 138,
                "end_line": 138,
                "start_column": 40,
                "end_column": 43
            },
            "classifications": []
        },
        "instances_url": "https://api.github.com/repos/fcas/spammy/code-scanning/alerts/1/instances"
    }
]