[
    {
        "number": 9,
        "created_at": "2024-05-23T09:40:31Z",
        "updated_at": "2024-05-23T09:40:32Z",
        "url": "https://api.github.com/repos/fcas/streamlit/code-scanning/alerts/9",
        "html_url": "https://github.com/fcas/streamlit/security/code-scanning/9",
        "state": "open",
        "fixed_at": null,
        "dismissed_by": null,
        "dismissed_at": null,
        "dismissed_reason": null,
        "dismissed_comment": null,
        "rule": {
            "id": "py/clear-text-logging-sensitive-data",
            "severity": "error",
            "description": "Clear-text logging of sensitive information",
            "name": "py/clear-text-logging-sensitive-data",
            "tags": [
                "external/cwe/cwe-312",
                "external/cwe/cwe-359",
                "external/cwe/cwe-532",
                "security"
            ],
            "security_severity_level": "high"
        },
        "tool": {
            "name": "CodeQL",
            "guid": null,
            "version": "2.17.3"
        },
        "most_recent_instance": {
            "ref": "refs/heads/develop",
            "analysis_key": ".github/workflows/codeql.yml:analyze",
            "environment": "{\"build-mode\":\"none\",\"language\":\"python\"}",
            "category": "/language:python",
            "state": "open",
            "commit_sha": "d2be39d80444f22d671aac10f2302f06f71a4966",
            "message": {
                "text": "This expression logs sensitive data (certificate) as clear text.\nThis expression logs sensitive data (certificate) as clear text."
            },
            "location": {
                "path": "lib/streamlit/web/server/server.py",
                "start_line": 162,
                "end_line": 162,
                "start_column": 17,
                "end_column": 26
            },
            "classifications": []
        },
        "instances_url": "https://api.github.com/repos/fcas/streamlit/code-scanning/alerts/9/instances"
    },
    {
        "number": 8,
        "created_at": "2024-05-23T09:40:31Z",
        "updated_at": "2024-05-23T09:40:32Z",
        "url": "https://api.github.com/repos/fcas/streamlit/code-scanning/alerts/8",
        "html_url": "https://github.com/fcas/streamlit/security/code-scanning/8",
        "state": "open",
        "fixed_at": null,
        "dismissed_by": null,
        "dismissed_at": null,
        "dismissed_reason": null,
        "dismissed_comment": null,
        "rule": {
            "id": "py/clear-text-logging-sensitive-data",
            "severity": "error",
            "description": "Clear-text logging of sensitive information",
            "name": "py/clear-text-logging-sensitive-data",
            "tags": [
                "external/cwe/cwe-312",
                "external/cwe/cwe-359",
                "external/cwe/cwe-532",
                "security"
            ],
            "security_severity_level": "high"
        },
        "tool": {
            "name": "CodeQL",
            "guid": null,
            "version": "2.17.3"
        },
        "most_recent_instance": {
            "ref": "refs/heads/develop",
            "analysis_key": ".github/workflows/codeql.yml:analyze",
            "environment": "{\"build-mode\":\"none\",\"language\":\"python\"}",
            "category": "/language:python",
            "state": "open",
            "commit_sha": "d2be39d80444f22d671aac10f2302f06f71a4966",
            "message": {
                "text": "This expression logs sensitive data (certificate) as clear text.\nThis expression logs sensitive data (certificate) as clear text."
            },
            "location": {
                "path": "lib/streamlit/web/server/server.py",
                "start_line": 144,
                "end_line": 144,
                "start_column": 61,
                "end_column": 70
            },
            "classifications": []
        },
        "instances_url": "https://api.github.com/repos/fcas/streamlit/code-scanning/alerts/8/instances"
    },
    {
        "number": 7,
        "created_at": "2024-05-23T09:40:31Z",
        "updated_at": "2024-05-23T09:40:32Z",
        "url": "https://api.github.com/repos/fcas/streamlit/code-scanning/alerts/7",
        "html_url": "https://github.com/fcas/streamlit/security/code-scanning/7",
        "state": "open",
        "fixed_at": null,
        "dismissed_by": null,
        "dismissed_at": null,
        "dismissed_reason": null,
        "dismissed_comment": null,
        "rule": {
            "id": "py/clear-text-logging-sensitive-data",
            "severity": "error",
            "description": "Clear-text logging of sensitive information",
            "name": "py/clear-text-logging-sensitive-data",
            "tags": [
                "external/cwe/cwe-312",
                "external/cwe/cwe-359",
                "external/cwe/cwe-532",
                "security"
            ],
            "security_severity_level": "high"
        },
        "tool": {
            "name": "CodeQL",
            "guid": null,
            "version": "2.17.3"
        },
        "most_recent_instance": {
            "ref": "refs/heads/develop",
            "analysis_key": ".github/workflows/codeql.yml:analyze",
            "environment": "{\"build-mode\":\"none\",\"language\":\"python\"}",
            "category": "/language:python",
            "state": "open",
            "commit_sha": "d2be39d80444f22d671aac10f2302f06f71a4966",
            "message": {
                "text": "This expression logs sensitive data (secret) as clear text."
            },
            "location": {
                "path": "lib/streamlit/runtime/secrets.py",
                "start_line": 218,
                "end_line": 219,
                "start_column": 21,
                "end_column": 117
            },
            "classifications": []
        },
        "instances_url": "https://api.github.com/repos/fcas/streamlit/code-scanning/alerts/7/instances"
    },
    {
        "number": 6,
        "created_at": "2024-05-23T09:40:31Z",
        "updated_at": "2024-05-23T09:40:32Z",
        "url": "https://api.github.com/repos/fcas/streamlit/code-scanning/alerts/6",
        "html_url": "https://github.com/fcas/streamlit/security/code-scanning/6",
        "state": "open",
        "fixed_at": null,
        "dismissed_by": null,
        "dismissed_at": null,
        "dismissed_reason": null,
        "dismissed_comment": null,
        "rule": {
            "id": "py/clear-text-logging-sensitive-data",
            "severity": "error",
            "description": "Clear-text logging of sensitive information",
            "name": "py/clear-text-logging-sensitive-data",
            "tags": [
                "external/cwe/cwe-312",
                "external/cwe/cwe-359",
                "external/cwe/cwe-532",
                "security"
            ],
            "security_severity_level": "high"
        },
        "tool": {
            "name": "CodeQL",
            "guid": null,
            "version": "2.17.3"
        },
        "most_recent_instance": {
            "ref": "refs/heads/develop",
            "analysis_key": ".github/workflows/codeql.yml:analyze",
            "environment": "{\"build-mode\":\"none\",\"language\":\"python\"}",
            "category": "/language:python",
            "state": "open",
            "commit_sha": "d2be39d80444f22d671aac10f2302f06f71a4966",
            "message": {
                "text": "This expression logs sensitive data (secret) as clear text."
            },
            "location": {
                "path": "lib/streamlit/watcher/event_based_path_watcher.py",
                "start_line": 101,
                "end_line": 101,
                "start_column": 49,
                "end_column": 59
            },
            "classifications": []
        },
        "instances_url": "https://api.github.com/repos/fcas/streamlit/code-scanning/alerts/6/instances"
    },
    {
        "number": 5,
        "created_at": "2024-05-23T09:40:31Z",
        "updated_at": "2024-05-23T09:40:32Z",
        "url": "https://api.github.com/repos/fcas/streamlit/code-scanning/alerts/5",
        "html_url": "https://github.com/fcas/streamlit/security/code-scanning/5",
        "state": "open",
        "fixed_at": null,
        "dismissed_by": null,
        "dismissed_at": null,
        "dismissed_reason": null,
        "dismissed_comment": null,
        "rule": {
            "id": "py/clear-text-logging-sensitive-data",
            "severity": "error",
            "description": "Clear-text logging of sensitive information",
            "name": "py/clear-text-logging-sensitive-data",
            "tags": [
                "external/cwe/cwe-312",
                "external/cwe/cwe-359",
                "external/cwe/cwe-532",
                "security"
            ],
            "security_severity_level": "high"
        },
        "tool": {
            "name": "CodeQL",
            "guid": null,
            "version": "2.17.3"
        },
        "most_recent_instance": {
            "ref": "refs/heads/develop",
            "analysis_key": ".github/workflows/codeql.yml:analyze",
            "environment": "{\"build-mode\":\"none\",\"language\":\"python\"}",
            "category": "/language:python",
            "state": "open",
            "commit_sha": "d2be39d80444f22d671aac10f2302f06f71a4966",
            "message": {
                "text": "This expression logs sensitive data (secret) as clear text.\nThis expression logs sensitive data (secret) as clear text."
            },
            "location": {
                "path": "lib/streamlit/runtime/caching/cache_utils.py",
                "start_line": 393,
                "end_line": 393,
                "start_column": 70,
                "end_column": 78
            },
            "classifications": []
        },
        "instances_url": "https://api.github.com/repos/fcas/streamlit/code-scanning/alerts/5/instances"
    },
    {
        "number": 4,
        "created_at": "2024-05-23T09:40:31Z",
        "updated_at": "2024-05-23T09:40:32Z",
        "url": "https://api.github.com/repos/fcas/streamlit/code-scanning/alerts/4",
        "html_url": "https://github.com/fcas/streamlit/security/code-scanning/4",
        "state": "open",
        "fixed_at": null,
        "dismissed_by": null,
        "dismissed_at": null,
        "dismissed_reason": null,
        "dismissed_comment": null,
        "rule": {
            "id": "py/path-injection",
            "severity": "error",
            "description": "Uncontrolled data used in path expression",
            "name": "py/path-injection",
            "tags": [
                "correctness",
                "external/cwe/cwe-022",
                "external/cwe/cwe-023",
                "external/cwe/cwe-036",
                "external/cwe/cwe-073",
                "external/cwe/cwe-099",
                "security"
            ],
            "security_severity_level": "high"
        },
        "tool": {
            "name": "CodeQL",
            "guid": null,
            "version": "2.17.3"
        },
        "most_recent_instance": {
            "ref": "refs/heads/develop",
            "analysis_key": ".github/workflows/codeql.yml:analyze",
            "environment": "{\"build-mode\":\"none\",\"language\":\"python\"}",
            "category": "/language:python",
            "state": "open",
            "commit_sha": "d2be39d80444f22d671aac10f2302f06f71a4966",
            "message": {
                "text": "This path depends on a user-provided value."
            },
            "location": {
                "path": "lib/streamlit/web/server/component_request_handler.py",
                "start_line": 54,
                "end_line": 54,
                "start_column": 23,
                "end_column": 30
            },
            "classifications": []
        },
        "instances_url": "https://api.github.com/repos/fcas/streamlit/code-scanning/alerts/4/instances"
    },
    {
        "number": 3,
        "created_at": "2024-05-23T09:40:31Z",
        "updated_at": "2024-05-23T09:40:32Z",
        "url": "https://api.github.com/repos/fcas/streamlit/code-scanning/alerts/3",
        "html_url": "https://github.com/fcas/streamlit/security/code-scanning/3",
        "state": "open",
        "fixed_at": null,
        "dismissed_by": null,
        "dismissed_at": null,
        "dismissed_reason": null,
        "dismissed_comment": null,
        "rule": {
            "id": "py/weak-sensitive-data-hashing",
            "severity": "warning",
            "description": "Use of a broken or weak cryptographic hashing algorithm on sensitive data",
            "name": "py/weak-sensitive-data-hashing",
            "tags": [
                "external/cwe/cwe-327",
                "external/cwe/cwe-328",
                "external/cwe/cwe-916",
                "security"
            ],
            "security_severity_level": "high"
        },
        "tool": {
            "name": "CodeQL",
            "guid": null,
            "version": "2.17.3"
        },
        "most_recent_instance": {
            "ref": "refs/heads/develop",
            "analysis_key": ".github/workflows/codeql.yml:analyze",
            "environment": "{\"build-mode\":\"none\",\"language\":\"python\"}",
            "category": "/language:python",
            "state": "open",
            "commit_sha": "d2be39d80444f22d671aac10f2302f06f71a4966",
            "message": {
                "text": "Sensitive data (secret) is used in a hashing algorithm (MD5) that is insecure."
            },
            "location": {
                "path": "lib/streamlit/watcher/util.py",
                "start_line": 62,
                "end_line": 62,
                "start_column": 16,
                "end_column": 23
            },
            "classifications": []
        },
        "instances_url": "https://api.github.com/repos/fcas/streamlit/code-scanning/alerts/3/instances"
    },
    {
        "number": 2,
        "created_at": "2024-05-23T09:40:31Z",
        "updated_at": "2024-05-23T09:40:32Z",
        "url": "https://api.github.com/repos/fcas/streamlit/code-scanning/alerts/2",
        "html_url": "https://github.com/fcas/streamlit/security/code-scanning/2",
        "state": "open",
        "fixed_at": null,
        "dismissed_by": null,
        "dismissed_at": null,
        "dismissed_reason": null,
        "dismissed_comment": null,
        "rule": {
            "id": "py/weak-sensitive-data-hashing",
            "severity": "warning",
            "description": "Use of a broken or weak cryptographic hashing algorithm on sensitive data",
            "name": "py/weak-sensitive-data-hashing",
            "tags": [
                "external/cwe/cwe-327",
                "external/cwe/cwe-328",
                "external/cwe/cwe-916",
                "security"
            ],
            "security_severity_level": "high"
        },
        "tool": {
            "name": "CodeQL",
            "guid": null,
            "version": "2.17.3"
        },
        "most_recent_instance": {
            "ref": "refs/heads/develop",
            "analysis_key": ".github/workflows/codeql.yml:analyze",
            "environment": "{\"build-mode\":\"none\",\"language\":\"python\"}",
            "category": "/language:python",
            "state": "open",
            "commit_sha": "d2be39d80444f22d671aac10f2302f06f71a4966",
            "message": {
                "text": "Sensitive data (secret) is used in a hashing algorithm (MD5) that is insecure.\nSensitive data (id) is used in a hashing algorithm (MD5) that is insecure.\nSensitive data (id) is used in a hashing algorithm (MD5) that is insecure.\nSensitive data (id) is used in a hashing algorithm (MD5) that is insecure.\nSensitive data (id) is used in a hashing algorithm (MD5) that is insecure.\nSensitive data (id) is used in a hashing algorithm (MD5) that is insecure.\nSensitive data (id) is used in a hashing algorithm (MD5) that is insecure.\nSensitive data (id) is used in a hashing algorithm (MD5) that is insecure.\nSensitive data (id) is used in a hashing algorithm (MD5) that is insecure.\nSensitive data (id) is used in a hashing algorithm (MD5) that is insecure.\nSensitive data (id) is used in a hashing algorithm (MD5) that is insecure.\nSensitive data (id) is used in a hashing algorithm (MD5) that is insecure.\nSensitive data (id) is used in a hashing algorithm (MD5) that is insecure.\nSensitive data (secret) is used in a hashing algorithm (MD5) that is insecure.\nSensitive data (id) is used in a hashing algorithm (MD5) that is insecure.\nSensitive data (id) is used in a hashing algorithm (MD5) that is insecure."
            },
            "location": {
                "path": "lib/streamlit/runtime/caching/hashing.py",
                "start_line": 342,
                "end_line": 342,
                "start_column": 23,
                "end_column": 24
            },
            "classifications": []
        },
        "instances_url": "https://api.github.com/repos/fcas/streamlit/code-scanning/alerts/2/instances"
    },
    {
        "number": 1,
        "created_at": "2024-05-23T09:40:31Z",
        "updated_at": "2024-05-23T09:40:32Z",
        "url": "https://api.github.com/repos/fcas/streamlit/code-scanning/alerts/1",
        "html_url": "https://github.com/fcas/streamlit/security/code-scanning/1",
        "state": "open",
        "fixed_at": null,
        "dismissed_by": null,
        "dismissed_at": null,
        "dismissed_reason": null,
        "dismissed_comment": null,
        "rule": {
            "id": "py/incomplete-url-substring-sanitization",
            "severity": "warning",
            "description": "Incomplete URL substring sanitization",
            "name": "py/incomplete-url-substring-sanitization",
            "tags": [
                "correctness",
                "external/cwe/cwe-20",
                "security"
            ],
            "security_severity_level": "high"
        },
        "tool": {
            "name": "CodeQL",
            "guid": null,
            "version": "2.17.3"
        },
        "most_recent_instance": {
            "ref": "refs/heads/develop",
            "analysis_key": ".github/workflows/codeql.yml:analyze",
            "environment": "{\"build-mode\":\"none\",\"language\":\"python\"}",
            "category": "/language:python",
            "state": "open",
            "commit_sha": "d2be39d80444f22d671aac10f2302f06f71a4966",
            "message": {
                "text": "The string https://streamlit.io may be at an arbitrary position in the sanitized URL."
            },
            "location": {
                "path": "lib/tests/streamlit/elements/link_button_test.py",
                "start_line": 45,
                "end_line": 45,
                "start_column": 25,
                "end_column": 56
            },
            "classifications": [
                "test"
            ]
        },
        "instances_url": "https://api.github.com/repos/fcas/streamlit/code-scanning/alerts/1/instances"
    }
]