[
    {
        "number": 5,
        "created_at": "2024-05-19T17:45:57Z",
        "updated_at": "2024-05-19T17:45:59Z",
        "url": "https://api.github.com/repos/fcas/superset/code-scanning/alerts/5",
        "html_url": "https://github.com/fcas/superset/security/code-scanning/5",
        "state": "open",
        "fixed_at": null,
        "dismissed_by": null,
        "dismissed_at": null,
        "dismissed_reason": null,
        "dismissed_comment": null,
        "rule": {
            "id": "py/unsafe-deserialization",
            "severity": "error",
            "description": "Deserialization of user-controlled data",
            "name": "py/unsafe-deserialization",
            "tags": [
                "external/cwe/cwe-502",
                "security",
                "serialization"
            ],
            "security_severity_level": "critical"
        },
        "tool": {
            "name": "CodeQL",
            "guid": null,
            "version": "2.17.3"
        },
        "most_recent_instance": {
            "ref": "refs/heads/master",
            "analysis_key": ".github/workflows/codeql.yml:analyze",
            "environment": "{\"build-mode\":\"none\",\"language\":\"python\"}",
            "category": "/language:python",
            "state": "open",
            "commit_sha": "1f3573ff4dc57756d330bc7d3bf5e01415a6a1e8",
            "message": {
                "text": "Unsafe deserialization depends on a user-provided value."
            },
            "location": {
                "path": "superset/views/core.py",
                "start_line": 976,
                "end_line": 976,
                "start_column": 32,
                "end_column": 33
            },
            "classifications": []
        },
        "instances_url": "https://api.github.com/repos/fcas/superset/code-scanning/alerts/5/instances"
    },
    {
        "number": 4,
        "created_at": "2024-05-19T17:45:57Z",
        "updated_at": "2024-05-19T17:45:59Z",
        "url": "https://api.github.com/repos/fcas/superset/code-scanning/alerts/4",
        "html_url": "https://github.com/fcas/superset/security/code-scanning/4",
        "state": "open",
        "fixed_at": null,
        "dismissed_by": null,
        "dismissed_at": null,
        "dismissed_reason": null,
        "dismissed_comment": null,
        "rule": {
            "id": "py/url-redirection",
            "severity": "error",
            "description": "URL redirection from remote source",
            "name": "py/url-redirection",
            "tags": [
                "external/cwe/cwe-601",
                "security"
            ],
            "security_severity_level": "medium"
        },
        "tool": {
            "name": "CodeQL",
            "guid": null,
            "version": "2.17.3"
        },
        "most_recent_instance": {
            "ref": "refs/heads/master",
            "analysis_key": ".github/workflows/codeql.yml:analyze",
            "environment": "{\"build-mode\":\"none\",\"language\":\"python\"}",
            "category": "/language:python",
            "state": "open",
            "commit_sha": "1f3573ff4dc57756d330bc7d3bf5e01415a6a1e8",
            "message": {
                "text": "Untrusted URL redirection depends on a user-provided value."
            },
            "location": {
                "path": "superset/views/core.py",
                "start_line": 2321,
                "end_line": 2321,
                "start_column": 21,
                "end_column": 69
            },
            "classifications": []
        },
        "instances_url": "https://api.github.com/repos/fcas/superset/code-scanning/alerts/4/instances"
    },
    {
        "number": 3,
        "created_at": "2024-05-19T17:45:57Z",
        "updated_at": "2024-05-19T17:45:59Z",
        "url": "https://api.github.com/repos/fcas/superset/code-scanning/alerts/3",
        "html_url": "https://github.com/fcas/superset/security/code-scanning/3",
        "state": "open",
        "fixed_at": null,
        "dismissed_by": null,
        "dismissed_at": null,
        "dismissed_reason": null,
        "dismissed_comment": null,
        "rule": {
            "id": "py/url-redirection",
            "severity": "error",
            "description": "URL redirection from remote source",
            "name": "py/url-redirection",
            "tags": [
                "external/cwe/cwe-601",
                "security"
            ],
            "security_severity_level": "medium"
        },
        "tool": {
            "name": "CodeQL",
            "guid": null,
            "version": "2.17.3"
        },
        "most_recent_instance": {
            "ref": "refs/heads/master",
            "analysis_key": ".github/workflows/codeql.yml:analyze",
            "environment": "{\"build-mode\":\"none\",\"language\":\"python\"}",
            "category": "/language:python",
            "state": "open",
            "commit_sha": "1f3573ff4dc57756d330bc7d3bf5e01415a6a1e8",
            "message": {
                "text": "Untrusted URL redirection depends on a user-provided value."
            },
            "location": {
                "path": "superset/views/core.py",
                "start_line": 2316,
                "end_line": 2316,
                "start_column": 21,
                "end_column": 71
            },
            "classifications": []
        },
        "instances_url": "https://api.github.com/repos/fcas/superset/code-scanning/alerts/3/instances"
    },
    {
        "number": 2,
        "created_at": "2024-05-19T17:45:57Z",
        "updated_at": "2024-05-19T17:45:59Z",
        "url": "https://api.github.com/repos/fcas/superset/code-scanning/alerts/2",
        "html_url": "https://github.com/fcas/superset/security/code-scanning/2",
        "state": "open",
        "fixed_at": null,
        "dismissed_by": null,
        "dismissed_at": null,
        "dismissed_reason": null,
        "dismissed_comment": null,
        "rule": {
            "id": "py/url-redirection",
            "severity": "error",
            "description": "URL redirection from remote source",
            "name": "py/url-redirection",
            "tags": [
                "external/cwe/cwe-601",
                "security"
            ],
            "security_severity_level": "medium"
        },
        "tool": {
            "name": "CodeQL",
            "guid": null,
            "version": "2.17.3"
        },
        "most_recent_instance": {
            "ref": "refs/heads/master",
            "analysis_key": ".github/workflows/codeql.yml:analyze",
            "environment": "{\"build-mode\":\"none\",\"language\":\"python\"}",
            "category": "/language:python",
            "state": "open",
            "commit_sha": "1f3573ff4dc57756d330bc7d3bf5e01415a6a1e8",
            "message": {
                "text": "Untrusted URL redirection depends on a user-provided value."
            },
            "location": {
                "path": "superset/views/core.py",
                "start_line": 610,
                "end_line": 610,
                "start_column": 25,
                "end_column": 48
            },
            "classifications": []
        },
        "instances_url": "https://api.github.com/repos/fcas/superset/code-scanning/alerts/2/instances"
    },
    {
        "number": 1,
        "created_at": "2024-05-19T17:45:57Z",
        "updated_at": "2024-05-19T17:45:59Z",
        "url": "https://api.github.com/repos/fcas/superset/code-scanning/alerts/1",
        "html_url": "https://github.com/fcas/superset/security/code-scanning/1",
        "state": "open",
        "fixed_at": null,
        "dismissed_by": null,
        "dismissed_at": null,
        "dismissed_reason": null,
        "dismissed_comment": null,
        "rule": {
            "id": "py/stack-trace-exposure",
            "severity": "error",
            "description": "Information exposure through an exception",
            "name": "py/stack-trace-exposure",
            "tags": [
                "external/cwe/cwe-209",
                "external/cwe/cwe-497",
                "security"
            ],
            "security_severity_level": "medium"
        },
        "tool": {
            "name": "CodeQL",
            "guid": null,
            "version": "2.17.3"
        },
        "most_recent_instance": {
            "ref": "refs/heads/master",
            "analysis_key": ".github/workflows/codeql.yml:analyze",
            "environment": "{\"build-mode\":\"none\",\"language\":\"python\"}",
            "category": "/language:python",
            "state": "open",
            "commit_sha": "1f3573ff4dc57756d330bc7d3bf5e01415a6a1e8",
            "message": {
                "text": "Stack trace information flows to this location and may be exposed to an external user.\nStack trace information flows to this location and may be exposed to an external user.\nStack trace information flows to this location and may be exposed to an external user.\nStack trace information flows to this location and may be exposed to an external user.\nStack trace information flows to this location and may be exposed to an external user.\nStack trace information flows to this location and may be exposed to an external user.\nStack trace information flows to this location and may be exposed to an external user.\nStack trace information flows to this location and may be exposed to an external user.\nStack trace information flows to this location and may be exposed to an external user.\nStack trace information flows to this location and may be exposed to an external user.\nStack trace information flows to this location and may be exposed to an external user."
            },
            "location": {
                "path": "superset/views/base.py",
                "start_line": 38,
                "end_line": 38,
                "start_column": 9,
                "end_column": 25
            },
            "classifications": []
        },
        "instances_url": "https://api.github.com/repos/fcas/superset/code-scanning/alerts/1/instances"
    }
]