[
    {
        "number": 6,
        "created_at": "2024-05-17T21:06:15Z",
        "updated_at": "2024-05-17T21:06:16Z",
        "url": "https://api.github.com/repos/fcas/tensorflow/code-scanning/alerts/6",
        "html_url": "https://github.com/fcas/tensorflow/security/code-scanning/6",
        "state": "open",
        "fixed_at": null,
        "dismissed_by": null,
        "dismissed_at": null,
        "dismissed_reason": null,
        "dismissed_comment": null,
        "rule": {
            "id": "py/insecure-temporary-file",
            "severity": "error",
            "description": "Insecure temporary file",
            "name": "py/insecure-temporary-file",
            "tags": [
                "external/cwe/cwe-377",
                "security"
            ],
            "security_severity_level": "high"
        },
        "tool": {
            "name": "CodeQL",
            "guid": null,
            "version": "2.17.3"
        },
        "most_recent_instance": {
            "ref": "refs/heads/master",
            "analysis_key": ".github/workflows/codeql.yml:analyze",
            "environment": "{\"build-mode\":\"none\",\"language\":\"python\"}",
            "category": "/language:python",
            "state": "open",
            "commit_sha": "5a6d53ebbabe92defa222323ae85f216b295c981",
            "message": {
                "text": "Call to deprecated function tempfile.mktemp may be insecure."
            },
            "location": {
                "path": "tensorflow/compiler/mlir/tensorflow/tests/tf_saved_model/common_v1.py",
                "start_line": 91,
                "end_line": 91,
                "start_column": 25,
                "end_column": 63
            },
            "classifications": [
                "test"
            ]
        },
        "instances_url": "https://api.github.com/repos/fcas/tensorflow/code-scanning/alerts/6/instances"
    },
    {
        "number": 5,
        "created_at": "2024-05-17T20:58:05Z",
        "updated_at": "2024-05-17T20:58:06Z",
        "url": "https://api.github.com/repos/fcas/tensorflow/code-scanning/alerts/5",
        "html_url": "https://github.com/fcas/tensorflow/security/code-scanning/5",
        "state": "open",
        "fixed_at": null,
        "dismissed_by": null,
        "dismissed_at": null,
        "dismissed_reason": null,
        "dismissed_comment": null,
        "rule": {
            "id": "java/implicit-cast-in-compound-assignment",
            "severity": "warning",
            "description": "Implicit narrowing conversion in compound assignment",
            "name": "java/implicit-cast-in-compound-assignment",
            "tags": [
                "external/cwe/cwe-190",
                "external/cwe/cwe-192",
                "external/cwe/cwe-197",
                "external/cwe/cwe-681",
                "reliability",
                "security"
            ],
            "security_severity_level": "high"
        },
        "tool": {
            "name": "CodeQL",
            "guid": null,
            "version": "2.17.2"
        },
        "most_recent_instance": {
            "ref": "refs/heads/master",
            "analysis_key": ".github/workflows/codeql.yml:analyze",
            "environment": "{\"build-mode\":\"none\",\"language\":\"java-kotlin\"}",
            "category": "/language:java-kotlin",
            "state": "open",
            "commit_sha": "efd69e0d11e4263b8c8c83f0844754ba45fad045",
            "message": {
                "text": "Implicit cast of source type float to narrower destination type int."
            },
            "location": {
                "path": "tensorflow/tools/android/test/src/org/tensorflow/demo/RecognitionScoreView.java",
                "start_line": 65,
                "end_line": 65,
                "start_column": 9,
                "end_column": 42
            },
            "classifications": [
                "test"
            ]
        },
        "instances_url": "https://api.github.com/repos/fcas/tensorflow/code-scanning/alerts/5/instances"
    },
    {
        "number": 4,
        "created_at": "2024-05-17T20:58:05Z",
        "updated_at": "2024-05-17T20:58:06Z",
        "url": "https://api.github.com/repos/fcas/tensorflow/code-scanning/alerts/4",
        "html_url": "https://github.com/fcas/tensorflow/security/code-scanning/4",
        "state": "open",
        "fixed_at": null,
        "dismissed_by": null,
        "dismissed_at": null,
        "dismissed_reason": null,
        "dismissed_comment": null,
        "rule": {
            "id": "java/android/debuggable-attribute-enabled",
            "severity": "warning",
            "description": "Android debuggable attribute enabled",
            "name": "java/android/debuggable-attribute-enabled",
            "tags": [
                "external/cwe/cwe-489",
                "security"
            ],
            "security_severity_level": "high"
        },
        "tool": {
            "name": "CodeQL",
            "guid": null,
            "version": "2.17.2"
        },
        "most_recent_instance": {
            "ref": "refs/heads/master",
            "analysis_key": ".github/workflows/codeql.yml:analyze",
            "environment": "{\"build-mode\":\"none\",\"language\":\"java-kotlin\"}",
            "category": "/language:java-kotlin",
            "state": "open",
            "commit_sha": "efd69e0d11e4263b8c8c83f0844754ba45fad045",
            "message": {
                "text": "The 'android:debuggable' attribute is enabled."
            },
            "location": {
                "path": "tensorflow/tools/android/test/bin/AndroidManifest.xml",
                "start_line": 30,
                "end_line": 34,
                "start_column": 5,
                "end_column": 47
            },
            "classifications": [
                "test"
            ]
        },
        "instances_url": "https://api.github.com/repos/fcas/tensorflow/code-scanning/alerts/4/instances"
    },
    {
        "number": 3,
        "created_at": "2024-05-17T20:58:05Z",
        "updated_at": "2024-05-17T20:58:06Z",
        "url": "https://api.github.com/repos/fcas/tensorflow/code-scanning/alerts/3",
        "html_url": "https://github.com/fcas/tensorflow/security/code-scanning/3",
        "state": "open",
        "fixed_at": null,
        "dismissed_by": null,
        "dismissed_at": null,
        "dismissed_reason": null,
        "dismissed_comment": null,
        "rule": {
            "id": "java/android/debuggable-attribute-enabled",
            "severity": "warning",
            "description": "Android debuggable attribute enabled",
            "name": "java/android/debuggable-attribute-enabled",
            "tags": [
                "external/cwe/cwe-489",
                "security"
            ],
            "security_severity_level": "high"
        },
        "tool": {
            "name": "CodeQL",
            "guid": null,
            "version": "2.17.2"
        },
        "most_recent_instance": {
            "ref": "refs/heads/master",
            "analysis_key": ".github/workflows/codeql.yml:analyze",
            "environment": "{\"build-mode\":\"none\",\"language\":\"java-kotlin\"}",
            "category": "/language:java-kotlin",
            "state": "open",
            "commit_sha": "efd69e0d11e4263b8c8c83f0844754ba45fad045",
            "message": {
                "text": "The 'android:debuggable' attribute is enabled."
            },
            "location": {
                "path": "tensorflow/lite/tools/benchmark/experimental/delegate_performance/android/AndroidManifest.xml",
                "start_line": 33,
                "end_line": 33,
                "start_column": 5,
                "end_column": 45
            },
            "classifications": [
                "test"
            ]
        },
        "instances_url": "https://api.github.com/repos/fcas/tensorflow/code-scanning/alerts/3/instances"
    },
    {
        "number": 2,
        "created_at": "2024-05-17T20:58:05Z",
        "updated_at": "2024-05-17T20:58:06Z",
        "url": "https://api.github.com/repos/fcas/tensorflow/code-scanning/alerts/2",
        "html_url": "https://github.com/fcas/tensorflow/security/code-scanning/2",
        "state": "open",
        "fixed_at": null,
        "dismissed_by": null,
        "dismissed_at": null,
        "dismissed_reason": null,
        "dismissed_comment": null,
        "rule": {
            "id": "java/android/debuggable-attribute-enabled",
            "severity": "warning",
            "description": "Android debuggable attribute enabled",
            "name": "java/android/debuggable-attribute-enabled",
            "tags": [
                "external/cwe/cwe-489",
                "security"
            ],
            "security_severity_level": "high"
        },
        "tool": {
            "name": "CodeQL",
            "guid": null,
            "version": "2.17.2"
        },
        "most_recent_instance": {
            "ref": "refs/heads/master",
            "analysis_key": ".github/workflows/codeql.yml:analyze",
            "environment": "{\"build-mode\":\"none\",\"language\":\"java-kotlin\"}",
            "category": "/language:java-kotlin",
            "state": "open",
            "commit_sha": "efd69e0d11e4263b8c8c83f0844754ba45fad045",
            "message": {
                "text": "The 'android:debuggable' attribute is enabled."
            },
            "location": {
                "path": "tensorflow/lite/tools/benchmark/android/AndroidManifest.xml",
                "start_line": 28,
                "end_line": 29,
                "start_column": 5,
                "end_column": 36
            },
            "classifications": [
                "test"
            ]
        },
        "instances_url": "https://api.github.com/repos/fcas/tensorflow/code-scanning/alerts/2/instances"
    },
    {
        "number": 1,
        "created_at": "2024-05-17T20:58:05Z",
        "updated_at": "2024-05-17T20:58:06Z",
        "url": "https://api.github.com/repos/fcas/tensorflow/code-scanning/alerts/1",
        "html_url": "https://github.com/fcas/tensorflow/security/code-scanning/1",
        "state": "open",
        "fixed_at": null,
        "dismissed_by": null,
        "dismissed_at": null,
        "dismissed_reason": null,
        "dismissed_comment": null,
        "rule": {
            "id": "java/android/unsafe-content-uri-resolution",
            "severity": "warning",
            "description": "Uncontrolled data used in content resolution",
            "name": "java/android/unsafe-content-uri-resolution",
            "tags": [
                "external/cwe/cwe-441",
                "external/cwe/cwe-610",
                "security"
            ],
            "security_severity_level": "high"
        },
        "tool": {
            "name": "CodeQL",
            "guid": null,
            "version": "2.17.2"
        },
        "most_recent_instance": {
            "ref": "refs/heads/master",
            "analysis_key": ".github/workflows/codeql.yml:analyze",
            "environment": "{\"build-mode\":\"none\",\"language\":\"java-kotlin\"}",
            "category": "/language:java-kotlin",
            "state": "open",
            "commit_sha": "efd69e0d11e4263b8c8c83f0844754ba45fad045",
            "message": {
                "text": "This ContentResolver method that resolves a URI depends on a user-provided value."
            },
            "location": {
                "path": "tensorflow/lite/tools/benchmark/experimental/firebase/android/src/org/tensorflow/lite/benchmark/firebase/BenchmarkModelActivity.java",
                "start_line": 55,
                "end_line": 55,
                "start_column": 58,
                "end_column": 68
            },
            "classifications": [
                "test"
            ]
        },
        "instances_url": "https://api.github.com/repos/fcas/tensorflow/code-scanning/alerts/1/instances"
    }
]