[
    {
        "number": 12,
        "state": "open",
        "dependency": {
            "package": {
                "ecosystem": "pip",
                "name": "requests"
            },
            "manifest_path": "requirements_lock_3_10.txt",
            "scope": "runtime"
        },
        "security_advisory": {
            "ghsa_id": "GHSA-9wx4-h78v-vm56",
            "cve_id": "CVE-2024-35195",
            "summary": "Requests `Session` object does not verify requests after making first request with verify=False",
            "description": "When making requests through a Requests `Session`, if the first request is made with `verify=False` to disable cert verification, all subsequent requests to the same origin will continue to ignore cert verification regardless of changes to the value of `verify`. This behavior will continue for the lifecycle of the connection in the connection pool.\n\n### Remediation\nAny of these options can be used to remediate the current issue, we highly recommend upgrading as the preferred mitigation.\n\n* Upgrade to `requests>=2.32.0`.\n* For `requests<2.32.0`, avoid setting `verify=False` for the first request to a host while using a Requests Session.\n* For `requests<2.32.0`, call `close()` on `Session` objects to clear existing connections if `verify=False` is used.\n\n### Related Links\n* https://github.com/psf/requests/pull/6655",
            "severity": "medium",
            "identifiers": [
                {
                    "value": "GHSA-9wx4-h78v-vm56",
                    "type": "GHSA"
                },
                {
                    "value": "CVE-2024-35195",
                    "type": "CVE"
                }
            ],
            "references": [
                {
                    "url": "https://github.com/psf/requests/security/advisories/GHSA-9wx4-h78v-vm56"
                },
                {
                    "url": "https://github.com/psf/requests/pull/6655"
                },
                {
                    "url": "https://github.com/psf/requests/commit/a58d7f2ffb4d00b46dca2d70a3932a0b37e22fac"
                },
                {
                    "url": "https://nvd.nist.gov/vuln/detail/CVE-2024-35195"
                },
                {
                    "url": "https://github.com/advisories/GHSA-9wx4-h78v-vm56"
                }
            ],
            "published_at": "2024-05-20T20:15:00Z",
            "updated_at": "2024-05-20T22:07:29Z",
            "withdrawn_at": null,
            "vulnerabilities": [
                {
                    "package": {
                        "ecosystem": "pip",
                        "name": "requests"
                    },
                    "severity": "medium",
                    "vulnerable_version_range": "< 2.32.0",
                    "first_patched_version": {
                        "identifier": "2.32.0"
                    }
                }
            ],
            "cvss": {
                "vector_string": "CVSS:3.1/AV:L/AC:H/PR:H/UI:R/S:U/C:H/I:H/A:N",
                "score": 5.6
            },
            "cwes": [
                {
                    "cwe_id": "CWE-670",
                    "name": "Always-Incorrect Control Flow Implementation"
                }
            ]
        },
        "security_vulnerability": {
            "package": {
                "ecosystem": "pip",
                "name": "requests"
            },
            "severity": "medium",
            "vulnerable_version_range": "< 2.32.0",
            "first_patched_version": {
                "identifier": "2.32.0"
            }
        },
        "url": "https://api.github.com/repos/fcas/tensorflow/dependabot/alerts/12",
        "html_url": "https://github.com/fcas/tensorflow/security/dependabot/12",
        "created_at": "2024-05-21T08:36:34Z",
        "updated_at": "2024-05-21T08:36:34Z",
        "dismissed_at": null,
        "dismissed_by": null,
        "dismissed_reason": null,
        "dismissed_comment": null,
        "fixed_at": null,
        "auto_dismissed_at": null
    },
    {
        "number": 11,
        "state": "open",
        "dependency": {
            "package": {
                "ecosystem": "pip",
                "name": "requests"
            },
            "manifest_path": "requirements_lock_3_9.txt",
            "scope": "runtime"
        },
        "security_advisory": {
            "ghsa_id": "GHSA-9wx4-h78v-vm56",
            "cve_id": "CVE-2024-35195",
            "summary": "Requests `Session` object does not verify requests after making first request with verify=False",
            "description": "When making requests through a Requests `Session`, if the first request is made with `verify=False` to disable cert verification, all subsequent requests to the same origin will continue to ignore cert verification regardless of changes to the value of `verify`. This behavior will continue for the lifecycle of the connection in the connection pool.\n\n### Remediation\nAny of these options can be used to remediate the current issue, we highly recommend upgrading as the preferred mitigation.\n\n* Upgrade to `requests>=2.32.0`.\n* For `requests<2.32.0`, avoid setting `verify=False` for the first request to a host while using a Requests Session.\n* For `requests<2.32.0`, call `close()` on `Session` objects to clear existing connections if `verify=False` is used.\n\n### Related Links\n* https://github.com/psf/requests/pull/6655",
            "severity": "medium",
            "identifiers": [
                {
                    "value": "GHSA-9wx4-h78v-vm56",
                    "type": "GHSA"
                },
                {
                    "value": "CVE-2024-35195",
                    "type": "CVE"
                }
            ],
            "references": [
                {
                    "url": "https://github.com/psf/requests/security/advisories/GHSA-9wx4-h78v-vm56"
                },
                {
                    "url": "https://github.com/psf/requests/pull/6655"
                },
                {
                    "url": "https://github.com/psf/requests/commit/a58d7f2ffb4d00b46dca2d70a3932a0b37e22fac"
                },
                {
                    "url": "https://nvd.nist.gov/vuln/detail/CVE-2024-35195"
                },
                {
                    "url": "https://github.com/advisories/GHSA-9wx4-h78v-vm56"
                }
            ],
            "published_at": "2024-05-20T20:15:00Z",
            "updated_at": "2024-05-20T22:07:29Z",
            "withdrawn_at": null,
            "vulnerabilities": [
                {
                    "package": {
                        "ecosystem": "pip",
                        "name": "requests"
                    },
                    "severity": "medium",
                    "vulnerable_version_range": "< 2.32.0",
                    "first_patched_version": {
                        "identifier": "2.32.0"
                    }
                }
            ],
            "cvss": {
                "vector_string": "CVSS:3.1/AV:L/AC:H/PR:H/UI:R/S:U/C:H/I:H/A:N",
                "score": 5.6
            },
            "cwes": [
                {
                    "cwe_id": "CWE-670",
                    "name": "Always-Incorrect Control Flow Implementation"
                }
            ]
        },
        "security_vulnerability": {
            "package": {
                "ecosystem": "pip",
                "name": "requests"
            },
            "severity": "medium",
            "vulnerable_version_range": "< 2.32.0",
            "first_patched_version": {
                "identifier": "2.32.0"
            }
        },
        "url": "https://api.github.com/repos/fcas/tensorflow/dependabot/alerts/11",
        "html_url": "https://github.com/fcas/tensorflow/security/dependabot/11",
        "created_at": "2024-05-21T08:36:34Z",
        "updated_at": "2024-05-21T08:36:34Z",
        "dismissed_at": null,
        "dismissed_by": null,
        "dismissed_reason": null,
        "dismissed_comment": null,
        "fixed_at": null,
        "auto_dismissed_at": null
    },
    {
        "number": 10,
        "state": "open",
        "dependency": {
            "package": {
                "ecosystem": "pip",
                "name": "requests"
            },
            "manifest_path": "requirements_lock_3_12.txt",
            "scope": "runtime"
        },
        "security_advisory": {
            "ghsa_id": "GHSA-9wx4-h78v-vm56",
            "cve_id": "CVE-2024-35195",
            "summary": "Requests `Session` object does not verify requests after making first request with verify=False",
            "description": "When making requests through a Requests `Session`, if the first request is made with `verify=False` to disable cert verification, all subsequent requests to the same origin will continue to ignore cert verification regardless of changes to the value of `verify`. This behavior will continue for the lifecycle of the connection in the connection pool.\n\n### Remediation\nAny of these options can be used to remediate the current issue, we highly recommend upgrading as the preferred mitigation.\n\n* Upgrade to `requests>=2.32.0`.\n* For `requests<2.32.0`, avoid setting `verify=False` for the first request to a host while using a Requests Session.\n* For `requests<2.32.0`, call `close()` on `Session` objects to clear existing connections if `verify=False` is used.\n\n### Related Links\n* https://github.com/psf/requests/pull/6655",
            "severity": "medium",
            "identifiers": [
                {
                    "value": "GHSA-9wx4-h78v-vm56",
                    "type": "GHSA"
                },
                {
                    "value": "CVE-2024-35195",
                    "type": "CVE"
                }
            ],
            "references": [
                {
                    "url": "https://github.com/psf/requests/security/advisories/GHSA-9wx4-h78v-vm56"
                },
                {
                    "url": "https://github.com/psf/requests/pull/6655"
                },
                {
                    "url": "https://github.com/psf/requests/commit/a58d7f2ffb4d00b46dca2d70a3932a0b37e22fac"
                },
                {
                    "url": "https://nvd.nist.gov/vuln/detail/CVE-2024-35195"
                },
                {
                    "url": "https://github.com/advisories/GHSA-9wx4-h78v-vm56"
                }
            ],
            "published_at": "2024-05-20T20:15:00Z",
            "updated_at": "2024-05-20T22:07:29Z",
            "withdrawn_at": null,
            "vulnerabilities": [
                {
                    "package": {
                        "ecosystem": "pip",
                        "name": "requests"
                    },
                    "severity": "medium",
                    "vulnerable_version_range": "< 2.32.0",
                    "first_patched_version": {
                        "identifier": "2.32.0"
                    }
                }
            ],
            "cvss": {
                "vector_string": "CVSS:3.1/AV:L/AC:H/PR:H/UI:R/S:U/C:H/I:H/A:N",
                "score": 5.6
            },
            "cwes": [
                {
                    "cwe_id": "CWE-670",
                    "name": "Always-Incorrect Control Flow Implementation"
                }
            ]
        },
        "security_vulnerability": {
            "package": {
                "ecosystem": "pip",
                "name": "requests"
            },
            "severity": "medium",
            "vulnerable_version_range": "< 2.32.0",
            "first_patched_version": {
                "identifier": "2.32.0"
            }
        },
        "url": "https://api.github.com/repos/fcas/tensorflow/dependabot/alerts/10",
        "html_url": "https://github.com/fcas/tensorflow/security/dependabot/10",
        "created_at": "2024-05-21T08:36:34Z",
        "updated_at": "2024-05-21T08:36:34Z",
        "dismissed_at": null,
        "dismissed_by": null,
        "dismissed_reason": null,
        "dismissed_comment": null,
        "fixed_at": null,
        "auto_dismissed_at": null
    },
    {
        "number": 9,
        "state": "open",
        "dependency": {
            "package": {
                "ecosystem": "pip",
                "name": "requests"
            },
            "manifest_path": "requirements_lock_3_11.txt",
            "scope": "runtime"
        },
        "security_advisory": {
            "ghsa_id": "GHSA-9wx4-h78v-vm56",
            "cve_id": "CVE-2024-35195",
            "summary": "Requests `Session` object does not verify requests after making first request with verify=False",
            "description": "When making requests through a Requests `Session`, if the first request is made with `verify=False` to disable cert verification, all subsequent requests to the same origin will continue to ignore cert verification regardless of changes to the value of `verify`. This behavior will continue for the lifecycle of the connection in the connection pool.\n\n### Remediation\nAny of these options can be used to remediate the current issue, we highly recommend upgrading as the preferred mitigation.\n\n* Upgrade to `requests>=2.32.0`.\n* For `requests<2.32.0`, avoid setting `verify=False` for the first request to a host while using a Requests Session.\n* For `requests<2.32.0`, call `close()` on `Session` objects to clear existing connections if `verify=False` is used.\n\n### Related Links\n* https://github.com/psf/requests/pull/6655",
            "severity": "medium",
            "identifiers": [
                {
                    "value": "GHSA-9wx4-h78v-vm56",
                    "type": "GHSA"
                },
                {
                    "value": "CVE-2024-35195",
                    "type": "CVE"
                }
            ],
            "references": [
                {
                    "url": "https://github.com/psf/requests/security/advisories/GHSA-9wx4-h78v-vm56"
                },
                {
                    "url": "https://github.com/psf/requests/pull/6655"
                },
                {
                    "url": "https://github.com/psf/requests/commit/a58d7f2ffb4d00b46dca2d70a3932a0b37e22fac"
                },
                {
                    "url": "https://nvd.nist.gov/vuln/detail/CVE-2024-35195"
                },
                {
                    "url": "https://github.com/advisories/GHSA-9wx4-h78v-vm56"
                }
            ],
            "published_at": "2024-05-20T20:15:00Z",
            "updated_at": "2024-05-20T22:07:29Z",
            "withdrawn_at": null,
            "vulnerabilities": [
                {
                    "package": {
                        "ecosystem": "pip",
                        "name": "requests"
                    },
                    "severity": "medium",
                    "vulnerable_version_range": "< 2.32.0",
                    "first_patched_version": {
                        "identifier": "2.32.0"
                    }
                }
            ],
            "cvss": {
                "vector_string": "CVSS:3.1/AV:L/AC:H/PR:H/UI:R/S:U/C:H/I:H/A:N",
                "score": 5.6
            },
            "cwes": [
                {
                    "cwe_id": "CWE-670",
                    "name": "Always-Incorrect Control Flow Implementation"
                }
            ]
        },
        "security_vulnerability": {
            "package": {
                "ecosystem": "pip",
                "name": "requests"
            },
            "severity": "medium",
            "vulnerable_version_range": "< 2.32.0",
            "first_patched_version": {
                "identifier": "2.32.0"
            }
        },
        "url": "https://api.github.com/repos/fcas/tensorflow/dependabot/alerts/9",
        "html_url": "https://github.com/fcas/tensorflow/security/dependabot/9",
        "created_at": "2024-05-21T08:36:33Z",
        "updated_at": "2024-05-21T08:36:33Z",
        "dismissed_at": null,
        "dismissed_by": null,
        "dismissed_reason": null,
        "dismissed_comment": null,
        "fixed_at": null,
        "auto_dismissed_at": null
    },
    {
        "number": 8,
        "state": "open",
        "dependency": {
            "package": {
                "ecosystem": "pip",
                "name": "certifi"
            },
            "manifest_path": "tensorflow/tools/ci_build/release/requirements_mac.txt",
            "scope": "runtime"
        },
        "security_advisory": {
            "ghsa_id": "GHSA-xqr8-7jwr-rhp7",
            "cve_id": "CVE-2023-37920",
            "summary": "Removal of e-Tugra root certificate",
            "description": "Certifi 2023.07.22 removes root certificates from \"e-Tugra\" from the root store. These are in the process of being removed from Mozilla's trust store.\n\n e-Tugra's root certificates are being removed pursuant to an investigation prompted by reporting of security issues in their systems. Conclusions of Mozilla's investigation can be found [here](https://groups.google.com/a/mozilla.org/g/dev-security-policy/c/C-HrP1SEq1A).",
            "severity": "high",
            "identifiers": [
                {
                    "value": "GHSA-xqr8-7jwr-rhp7",
                    "type": "GHSA"
                },
                {
                    "value": "CVE-2023-37920",
                    "type": "CVE"
                }
            ],
            "references": [
                {
                    "url": "https://github.com/certifi/python-certifi/security/advisories/GHSA-xqr8-7jwr-rhp7"
                },
                {
                    "url": "https://github.com/certifi/python-certifi/commit/8fb96ed81f71e7097ed11bc4d9b19afd7ea5c909"
                },
                {
                    "url": "https://nvd.nist.gov/vuln/detail/CVE-2023-37920"
                },
                {
                    "url": "https://groups.google.com/a/mozilla.org/g/dev-security-policy/c/C-HrP1SEq1A"
                },
                {
                    "url": "https://github.com/pypa/advisory-database/tree/main/vulns/certifi/PYSEC-2023-135.yaml"
                },
                {
                    "url": "https://lists.fedoraproject.org/archives/list/package-announce@lists.fedoraproject.org/message/5EX6NG7WUFNUKGFHLM35KHHU3GAKXRTG/"
                },
                {
                    "url": "https://github.com/advisories/GHSA-xqr8-7jwr-rhp7"
                }
            ],
            "published_at": "2023-07-25T14:43:53Z",
            "updated_at": "2023-11-09T05:05:47Z",
            "withdrawn_at": null,
            "vulnerabilities": [
                {
                    "package": {
                        "ecosystem": "pip",
                        "name": "certifi"
                    },
                    "severity": "high",
                    "vulnerable_version_range": ">= 2015.4.28, < 2023.7.22",
                    "first_patched_version": {
                        "identifier": "2023.7.22"
                    }
                }
            ],
            "cvss": {
                "vector_string": "CVSS:3.1/AV:N/AC:L/PR:N/UI:N/S:U/C:N/I:H/A:N",
                "score": 7.5
            },
            "cwes": [
                {
                    "cwe_id": "CWE-345",
                    "name": "Insufficient Verification of Data Authenticity"
                }
            ]
        },
        "security_vulnerability": {
            "package": {
                "ecosystem": "pip",
                "name": "certifi"
            },
            "severity": "high",
            "vulnerable_version_range": ">= 2015.4.28, < 2023.7.22",
            "first_patched_version": {
                "identifier": "2023.7.22"
            }
        },
        "url": "https://api.github.com/repos/fcas/tensorflow/dependabot/alerts/8",
        "html_url": "https://github.com/fcas/tensorflow/security/dependabot/8",
        "created_at": "2024-05-16T22:09:34Z",
        "updated_at": "2024-05-16T22:09:34Z",
        "dismissed_at": null,
        "dismissed_by": null,
        "dismissed_reason": null,
        "dismissed_comment": null,
        "fixed_at": null,
        "auto_dismissed_at": null
    },
    {
        "number": 7,
        "state": "open",
        "dependency": {
            "package": {
                "ecosystem": "pip",
                "name": "Werkzeug"
            },
            "manifest_path": "requirements_lock_3_9.txt",
            "scope": "runtime"
        },
        "security_advisory": {
            "ghsa_id": "GHSA-2g68-c3qc-8985",
            "cve_id": "CVE-2024-34069",
            "summary": "Werkzeug debugger vulnerable to remote execution when interacting with attacker controlled domain",
            "description": "The debugger in affected versions of Werkzeug can allow an attacker to execute code on a developer's machine under some circumstances. This requires the attacker to get the developer to interact with a domain and subdomain they control, and enter the debugger PIN, but if they are successful it allows access to the debugger even if it is only running on localhost. This also requires the attacker to guess a URL in the developer's application that will trigger the debugger.",
            "severity": "high",
            "identifiers": [
                {
                    "value": "GHSA-2g68-c3qc-8985",
                    "type": "GHSA"
                },
                {
                    "value": "CVE-2024-34069",
                    "type": "CVE"
                }
            ],
            "references": [
                {
                    "url": "https://github.com/pallets/werkzeug/security/advisories/GHSA-2g68-c3qc-8985"
                },
                {
                    "url": "https://github.com/pallets/werkzeug/commit/3386395b24c7371db11a5b8eaac0c91da5362692"
                },
                {
                    "url": "https://nvd.nist.gov/vuln/detail/CVE-2024-34069"
                },
                {
                    "url": "https://github.com/advisories/GHSA-2g68-c3qc-8985"
                }
            ],
            "published_at": "2024-05-06T14:21:27Z",
            "updated_at": "2024-05-06T16:17:35Z",
            "withdrawn_at": null,
            "vulnerabilities": [
                {
                    "package": {
                        "ecosystem": "pip",
                        "name": "Werkzeug"
                    },
                    "severity": "high",
                    "vulnerable_version_range": "< 3.0.3",
                    "first_patched_version": {
                        "identifier": "3.0.3"
                    }
                }
            ],
            "cvss": {
                "vector_string": "CVSS:3.1/AV:N/AC:H/PR:N/UI:R/S:U/C:H/I:H/A:H",
                "score": 7.5
            },
            "cwes": [
                {
                    "cwe_id": "CWE-352",
                    "name": "Cross-Site Request Forgery (CSRF)"
                }
            ]
        },
        "security_vulnerability": {
            "package": {
                "ecosystem": "pip",
                "name": "Werkzeug"
            },
            "severity": "high",
            "vulnerable_version_range": "< 3.0.3",
            "first_patched_version": {
                "identifier": "3.0.3"
            }
        },
        "url": "https://api.github.com/repos/fcas/tensorflow/dependabot/alerts/7",
        "html_url": "https://github.com/fcas/tensorflow/security/dependabot/7",
        "created_at": "2024-05-16T22:09:34Z",
        "updated_at": "2024-05-16T22:09:34Z",
        "dismissed_at": null,
        "dismissed_by": null,
        "dismissed_reason": null,
        "dismissed_comment": null,
        "fixed_at": null,
        "auto_dismissed_at": null
    },
    {
        "number": 6,
        "state": "open",
        "dependency": {
            "package": {
                "ecosystem": "pip",
                "name": "Werkzeug"
            },
            "manifest_path": "requirements_lock_3_12.txt",
            "scope": "runtime"
        },
        "security_advisory": {
            "ghsa_id": "GHSA-2g68-c3qc-8985",
            "cve_id": "CVE-2024-34069",
            "summary": "Werkzeug debugger vulnerable to remote execution when interacting with attacker controlled domain",
            "description": "The debugger in affected versions of Werkzeug can allow an attacker to execute code on a developer's machine under some circumstances. This requires the attacker to get the developer to interact with a domain and subdomain they control, and enter the debugger PIN, but if they are successful it allows access to the debugger even if it is only running on localhost. This also requires the attacker to guess a URL in the developer's application that will trigger the debugger.",
            "severity": "high",
            "identifiers": [
                {
                    "value": "GHSA-2g68-c3qc-8985",
                    "type": "GHSA"
                },
                {
                    "value": "CVE-2024-34069",
                    "type": "CVE"
                }
            ],
            "references": [
                {
                    "url": "https://github.com/pallets/werkzeug/security/advisories/GHSA-2g68-c3qc-8985"
                },
                {
                    "url": "https://github.com/pallets/werkzeug/commit/3386395b24c7371db11a5b8eaac0c91da5362692"
                },
                {
                    "url": "https://nvd.nist.gov/vuln/detail/CVE-2024-34069"
                },
                {
                    "url": "https://github.com/advisories/GHSA-2g68-c3qc-8985"
                }
            ],
            "published_at": "2024-05-06T14:21:27Z",
            "updated_at": "2024-05-06T16:17:35Z",
            "withdrawn_at": null,
            "vulnerabilities": [
                {
                    "package": {
                        "ecosystem": "pip",
                        "name": "Werkzeug"
                    },
                    "severity": "high",
                    "vulnerable_version_range": "< 3.0.3",
                    "first_patched_version": {
                        "identifier": "3.0.3"
                    }
                }
            ],
            "cvss": {
                "vector_string": "CVSS:3.1/AV:N/AC:H/PR:N/UI:R/S:U/C:H/I:H/A:H",
                "score": 7.5
            },
            "cwes": [
                {
                    "cwe_id": "CWE-352",
                    "name": "Cross-Site Request Forgery (CSRF)"
                }
            ]
        },
        "security_vulnerability": {
            "package": {
                "ecosystem": "pip",
                "name": "Werkzeug"
            },
            "severity": "high",
            "vulnerable_version_range": "< 3.0.3",
            "first_patched_version": {
                "identifier": "3.0.3"
            }
        },
        "url": "https://api.github.com/repos/fcas/tensorflow/dependabot/alerts/6",
        "html_url": "https://github.com/fcas/tensorflow/security/dependabot/6",
        "created_at": "2024-05-16T22:09:34Z",
        "updated_at": "2024-05-16T22:09:34Z",
        "dismissed_at": null,
        "dismissed_by": null,
        "dismissed_reason": null,
        "dismissed_comment": null,
        "fixed_at": null,
        "auto_dismissed_at": null
    },
    {
        "number": 5,
        "state": "open",
        "dependency": {
            "package": {
                "ecosystem": "pip",
                "name": "Werkzeug"
            },
            "manifest_path": "requirements_lock_3_11.txt",
            "scope": "runtime"
        },
        "security_advisory": {
            "ghsa_id": "GHSA-2g68-c3qc-8985",
            "cve_id": "CVE-2024-34069",
            "summary": "Werkzeug debugger vulnerable to remote execution when interacting with attacker controlled domain",
            "description": "The debugger in affected versions of Werkzeug can allow an attacker to execute code on a developer's machine under some circumstances. This requires the attacker to get the developer to interact with a domain and subdomain they control, and enter the debugger PIN, but if they are successful it allows access to the debugger even if it is only running on localhost. This also requires the attacker to guess a URL in the developer's application that will trigger the debugger.",
            "severity": "high",
            "identifiers": [
                {
                    "value": "GHSA-2g68-c3qc-8985",
                    "type": "GHSA"
                },
                {
                    "value": "CVE-2024-34069",
                    "type": "CVE"
                }
            ],
            "references": [
                {
                    "url": "https://github.com/pallets/werkzeug/security/advisories/GHSA-2g68-c3qc-8985"
                },
                {
                    "url": "https://github.com/pallets/werkzeug/commit/3386395b24c7371db11a5b8eaac0c91da5362692"
                },
                {
                    "url": "https://nvd.nist.gov/vuln/detail/CVE-2024-34069"
                },
                {
                    "url": "https://github.com/advisories/GHSA-2g68-c3qc-8985"
                }
            ],
            "published_at": "2024-05-06T14:21:27Z",
            "updated_at": "2024-05-06T16:17:35Z",
            "withdrawn_at": null,
            "vulnerabilities": [
                {
                    "package": {
                        "ecosystem": "pip",
                        "name": "Werkzeug"
                    },
                    "severity": "high",
                    "vulnerable_version_range": "< 3.0.3",
                    "first_patched_version": {
                        "identifier": "3.0.3"
                    }
                }
            ],
            "cvss": {
                "vector_string": "CVSS:3.1/AV:N/AC:H/PR:N/UI:R/S:U/C:H/I:H/A:H",
                "score": 7.5
            },
            "cwes": [
                {
                    "cwe_id": "CWE-352",
                    "name": "Cross-Site Request Forgery (CSRF)"
                }
            ]
        },
        "security_vulnerability": {
            "package": {
                "ecosystem": "pip",
                "name": "Werkzeug"
            },
            "severity": "high",
            "vulnerable_version_range": "< 3.0.3",
            "first_patched_version": {
                "identifier": "3.0.3"
            }
        },
        "url": "https://api.github.com/repos/fcas/tensorflow/dependabot/alerts/5",
        "html_url": "https://github.com/fcas/tensorflow/security/dependabot/5",
        "created_at": "2024-05-16T22:09:34Z",
        "updated_at": "2024-05-16T22:09:34Z",
        "dismissed_at": null,
        "dismissed_by": null,
        "dismissed_reason": null,
        "dismissed_comment": null,
        "fixed_at": null,
        "auto_dismissed_at": null
    },
    {
        "number": 4,
        "state": "open",
        "dependency": {
            "package": {
                "ecosystem": "pip",
                "name": "Werkzeug"
            },
            "manifest_path": "requirements_lock_3_10.txt",
            "scope": "runtime"
        },
        "security_advisory": {
            "ghsa_id": "GHSA-2g68-c3qc-8985",
            "cve_id": "CVE-2024-34069",
            "summary": "Werkzeug debugger vulnerable to remote execution when interacting with attacker controlled domain",
            "description": "The debugger in affected versions of Werkzeug can allow an attacker to execute code on a developer's machine under some circumstances. This requires the attacker to get the developer to interact with a domain and subdomain they control, and enter the debugger PIN, but if they are successful it allows access to the debugger even if it is only running on localhost. This also requires the attacker to guess a URL in the developer's application that will trigger the debugger.",
            "severity": "high",
            "identifiers": [
                {
                    "value": "GHSA-2g68-c3qc-8985",
                    "type": "GHSA"
                },
                {
                    "value": "CVE-2024-34069",
                    "type": "CVE"
                }
            ],
            "references": [
                {
                    "url": "https://github.com/pallets/werkzeug/security/advisories/GHSA-2g68-c3qc-8985"
                },
                {
                    "url": "https://github.com/pallets/werkzeug/commit/3386395b24c7371db11a5b8eaac0c91da5362692"
                },
                {
                    "url": "https://nvd.nist.gov/vuln/detail/CVE-2024-34069"
                },
                {
                    "url": "https://github.com/advisories/GHSA-2g68-c3qc-8985"
                }
            ],
            "published_at": "2024-05-06T14:21:27Z",
            "updated_at": "2024-05-06T16:17:35Z",
            "withdrawn_at": null,
            "vulnerabilities": [
                {
                    "package": {
                        "ecosystem": "pip",
                        "name": "Werkzeug"
                    },
                    "severity": "high",
                    "vulnerable_version_range": "< 3.0.3",
                    "first_patched_version": {
                        "identifier": "3.0.3"
                    }
                }
            ],
            "cvss": {
                "vector_string": "CVSS:3.1/AV:N/AC:H/PR:N/UI:R/S:U/C:H/I:H/A:H",
                "score": 7.5
            },
            "cwes": [
                {
                    "cwe_id": "CWE-352",
                    "name": "Cross-Site Request Forgery (CSRF)"
                }
            ]
        },
        "security_vulnerability": {
            "package": {
                "ecosystem": "pip",
                "name": "Werkzeug"
            },
            "severity": "high",
            "vulnerable_version_range": "< 3.0.3",
            "first_patched_version": {
                "identifier": "3.0.3"
            }
        },
        "url": "https://api.github.com/repos/fcas/tensorflow/dependabot/alerts/4",
        "html_url": "https://github.com/fcas/tensorflow/security/dependabot/4",
        "created_at": "2024-05-16T22:09:34Z",
        "updated_at": "2024-05-16T22:09:34Z",
        "dismissed_at": null,
        "dismissed_by": null,
        "dismissed_reason": null,
        "dismissed_comment": null,
        "fixed_at": null,
        "auto_dismissed_at": null
    },
    {
        "number": 3,
        "state": "open",
        "dependency": {
            "package": {
                "ecosystem": "pip",
                "name": "grpcio"
            },
            "manifest_path": "ci/official/containers/linux_arm64/devel.usertools/test.requirements.txt",
            "scope": "development"
        },
        "security_advisory": {
            "ghsa_id": "GHSA-9hxf-ppjv-w6rq",
            "cve_id": "CVE-2023-32732",
            "summary": "gRPC connection termination issue",
            "description": "gRPC contains a vulnerability whereby a client can cause a termination of connection between a HTTP2 proxy and a gRPC server: a base64 encoding error for `-bin` suffixed headers will result in a disconnection by the gRPC server, but is typically allowed by HTTP2 proxies. We recommend upgrading beyond the commit in https://github.com/grpc/grpc/pull/32309.\n",
            "severity": "medium",
            "identifiers": [
                {
                    "value": "GHSA-9hxf-ppjv-w6rq",
                    "type": "GHSA"
                },
                {
                    "value": "CVE-2023-32732",
                    "type": "CVE"
                }
            ],
            "references": [
                {
                    "url": "https://nvd.nist.gov/vuln/detail/CVE-2023-32732"
                },
                {
                    "url": "https://github.com/grpc/grpc/pull/32309"
                },
                {
                    "url": "https://github.com/grpc/grpc/releases/tag/v1.53.1"
                },
                {
                    "url": "https://github.com/rubysec/ruby-advisory-db/blob/master/gems/grpc/CVE-2023-32732.yml"
                },
                {
                    "url": "https://lists.fedoraproject.org/archives/list/package-announce@lists.fedoraproject.org/message/37IDNVY5AWVH7JDMM2SDTL24ZPPZJNSY/"
                },
                {
                    "url": "https://lists.fedoraproject.org/archives/list/package-announce@lists.fedoraproject.org/message/VWE44J5FG7THHL7XVEVTNIGEYBNKJBLL/"
                },
                {
                    "url": "https://github.com/advisories/GHSA-9hxf-ppjv-w6rq"
                }
            ],
            "published_at": "2023-07-06T21:15:08Z",
            "updated_at": "2023-11-11T05:06:16Z",
            "withdrawn_at": null,
            "vulnerabilities": [
                {
                    "package": {
                        "ecosystem": "maven",
                        "name": "io.grpc:grpc-protobuf"
                    },
                    "severity": "medium",
                    "vulnerable_version_range": "< 1.53.0",
                    "first_patched_version": {
                        "identifier": "1.53.0"
                    }
                },
                {
                    "package": {
                        "ecosystem": "pip",
                        "name": "grpcio"
                    },
                    "severity": "medium",
                    "vulnerable_version_range": "< 1.53.0",
                    "first_patched_version": {
                        "identifier": "1.53.0"
                    }
                },
                {
                    "package": {
                        "ecosystem": "rubygems",
                        "name": "grpc"
                    },
                    "severity": "medium",
                    "vulnerable_version_range": "< 1.53.0",
                    "first_patched_version": {
                        "identifier": "1.53.0"
                    }
                }
            ],
            "cvss": {
                "vector_string": "CVSS:3.1/AV:N/AC:L/PR:N/UI:N/S:U/C:N/I:N/A:L",
                "score": 5.3
            },
            "cwes": [
                {
                    "cwe_id": "CWE-440",
                    "name": "Expected Behavior Violation"
                }
            ]
        },
        "security_vulnerability": {
            "package": {
                "ecosystem": "pip",
                "name": "grpcio"
            },
            "severity": "medium",
            "vulnerable_version_range": "< 1.53.0",
            "first_patched_version": {
                "identifier": "1.53.0"
            }
        },
        "url": "https://api.github.com/repos/fcas/tensorflow/dependabot/alerts/3",
        "html_url": "https://github.com/fcas/tensorflow/security/dependabot/3",
        "created_at": "2024-05-16T22:09:34Z",
        "updated_at": "2024-05-16T22:09:34Z",
        "dismissed_at": null,
        "dismissed_by": null,
        "dismissed_reason": null,
        "dismissed_comment": null,
        "fixed_at": null,
        "auto_dismissed_at": null
    },
    {
        "number": 2,
        "state": "open",
        "dependency": {
            "package": {
                "ecosystem": "pip",
                "name": "grpcio"
            },
            "manifest_path": "ci/official/containers/linux_arm64/devel.usertools/test.requirements.txt",
            "scope": "development"
        },
        "security_advisory": {
            "ghsa_id": "GHSA-6628-q6j9-w8vg",
            "cve_id": "CVE-2023-1428",
            "summary": "gRPC Reachable Assertion issue",
            "description": "There exists an vulnerability causing an abort() to be called in gRPC. \nThe following headers cause gRPC's C++ implementation to abort() when called via http2:\n\nte: x (x != trailers)\n\n:scheme: x (x != http, https)\n\ngrpclb_client_stats: x (x == anything)\n\nOn top of sending one of those headers, a later header must be sent that gets the total header size past 8KB. We recommend upgrading past git commit 2485fa94bd8a723e5c977d55a3ce10b301b437f8 or v1.53 and above.",
            "severity": "high",
            "identifiers": [
                {
                    "value": "GHSA-6628-q6j9-w8vg",
                    "type": "GHSA"
                },
                {
                    "value": "CVE-2023-1428",
                    "type": "CVE"
                }
            ],
            "references": [
                {
                    "url": "https://nvd.nist.gov/vuln/detail/CVE-2023-1428"
                },
                {
                    "url": "https://github.com/grpc/grpc/commit/2485fa94bd8a723e5c977d55a3ce10b301b437f8"
                },
                {
                    "url": "https://github.com/grpc/grpc/issues/33463"
                },
                {
                    "url": "https://github.com/rubysec/ruby-advisory-db/blob/master/gems/grpc/CVE-2023-1428.yml"
                },
                {
                    "url": "https://github.com/advisories/GHSA-6628-q6j9-w8vg"
                }
            ],
            "published_at": "2023-07-06T21:15:08Z",
            "updated_at": "2023-11-10T05:00:50Z",
            "withdrawn_at": null,
            "vulnerabilities": [
                {
                    "package": {
                        "ecosystem": "maven",
                        "name": "io.grpc:grpc-protobuf"
                    },
                    "severity": "high",
                    "vulnerable_version_range": "< 1.53.0",
                    "first_patched_version": {
                        "identifier": "1.53.0"
                    }
                },
                {
                    "package": {
                        "ecosystem": "pip",
                        "name": "grpcio"
                    },
                    "severity": "high",
                    "vulnerable_version_range": "< 1.53.0",
                    "first_patched_version": {
                        "identifier": "1.53.0"
                    }
                },
                {
                    "package": {
                        "ecosystem": "rubygems",
                        "name": "grpc"
                    },
                    "severity": "high",
                    "vulnerable_version_range": "< 1.53.0",
                    "first_patched_version": {
                        "identifier": "1.53.0"
                    }
                }
            ],
            "cvss": {
                "vector_string": "CVSS:3.1/AV:N/AC:L/PR:N/UI:N/S:U/C:N/I:N/A:H",
                "score": 7.5
            },
            "cwes": [
                {
                    "cwe_id": "CWE-617",
                    "name": "Reachable Assertion"
                }
            ]
        },
        "security_vulnerability": {
            "package": {
                "ecosystem": "pip",
                "name": "grpcio"
            },
            "severity": "high",
            "vulnerable_version_range": "< 1.53.0",
            "first_patched_version": {
                "identifier": "1.53.0"
            }
        },
        "url": "https://api.github.com/repos/fcas/tensorflow/dependabot/alerts/2",
        "html_url": "https://github.com/fcas/tensorflow/security/dependabot/2",
        "created_at": "2024-05-16T22:09:34Z",
        "updated_at": "2024-05-16T22:09:34Z",
        "dismissed_at": null,
        "dismissed_by": null,
        "dismissed_reason": null,
        "dismissed_comment": null,
        "fixed_at": null,
        "auto_dismissed_at": null
    },
    {
        "number": 1,
        "state": "open",
        "dependency": {
            "package": {
                "ecosystem": "pip",
                "name": "grpcio"
            },
            "manifest_path": "ci/official/containers/linux_arm64/devel.usertools/test.requirements.txt",
            "scope": "development"
        },
        "security_advisory": {
            "ghsa_id": "GHSA-cfgp-2977-2fmm",
            "cve_id": "CVE-2023-32731",
            "summary": "Connection confusion in gRPC",
            "description": "When gRPC HTTP2 stack raised a header size exceeded error, it skipped parsing the rest of the HPACK frame. This caused any HPACK table mutations to also be skipped, resulting in a desynchronization of HPACK tables between sender and receiver. If leveraged, say, between a proxy and a backend, this could lead to requests from the proxy being interpreted as containing headers from different proxy clients - leading to an information leak that can be used for privilege escalation or data exfiltration. We recommend upgrading beyond the commit contained in  https://github.com/grpc/grpc/pull/32309",
            "severity": "high",
            "identifiers": [
                {
                    "value": "GHSA-cfgp-2977-2fmm",
                    "type": "GHSA"
                },
                {
                    "value": "CVE-2023-32731",
                    "type": "CVE"
                }
            ],
            "references": [
                {
                    "url": "https://nvd.nist.gov/vuln/detail/CVE-2023-32731"
                },
                {
                    "url": "https://github.com/grpc/grpc/pull/32309"
                },
                {
                    "url": "https://github.com/grpc/grpc/pull/33005"
                },
                {
                    "url": "https://github.com/grpc/grpc/issues/33463"
                },
                {
                    "url": "https://github.com/rubysec/ruby-advisory-db/blob/master/gems/grpc/CVE-2023-32731.yml"
                },
                {
                    "url": "https://github.com/advisories/GHSA-cfgp-2977-2fmm"
                }
            ],
            "published_at": "2023-07-05T19:12:51Z",
            "updated_at": "2023-11-10T05:00:35Z",
            "withdrawn_at": null,
            "vulnerabilities": [
                {
                    "package": {
                        "ecosystem": "maven",
                        "name": "io.grpc:grpc-protobuf"
                    },
                    "severity": "high",
                    "vulnerable_version_range": "< 1.53.0",
                    "first_patched_version": {
                        "identifier": "1.53.0"
                    }
                },
                {
                    "package": {
                        "ecosystem": "pip",
                        "name": "grpcio"
                    },
                    "severity": "high",
                    "vulnerable_version_range": "< 1.53.0",
                    "first_patched_version": {
                        "identifier": "1.53.0"
                    }
                },
                {
                    "package": {
                        "ecosystem": "rubygems",
                        "name": "grpc"
                    },
                    "severity": "high",
                    "vulnerable_version_range": "< 1.53.0",
                    "first_patched_version": {
                        "identifier": "1.53.0"
                    }
                }
            ],
            "cvss": {
                "vector_string": "CVSS:3.1/AV:N/AC:H/PR:N/UI:N/S:U/C:H/I:N/A:H",
                "score": 7.4
            },
            "cwes": [
                {
                    "cwe_id": "CWE-440",
                    "name": "Expected Behavior Violation"
                }
            ]
        },
        "security_vulnerability": {
            "package": {
                "ecosystem": "pip",
                "name": "grpcio"
            },
            "severity": "high",
            "vulnerable_version_range": "< 1.53.0",
            "first_patched_version": {
                "identifier": "1.53.0"
            }
        },
        "url": "https://api.github.com/repos/fcas/tensorflow/dependabot/alerts/1",
        "html_url": "https://github.com/fcas/tensorflow/security/dependabot/1",
        "created_at": "2024-05-16T22:09:33Z",
        "updated_at": "2024-05-16T22:09:33Z",
        "dismissed_at": null,
        "dismissed_by": null,
        "dismissed_reason": null,
        "dismissed_comment": null,
        "fixed_at": null,
        "auto_dismissed_at": null
    }
]