[
    {
        "number": 1,
        "created_at": "2024-05-19T02:42:45Z",
        "updated_at": "2024-05-19T02:42:46Z",
        "url": "https://api.github.com/repos/fcas/Theano/code-scanning/alerts/1",
        "html_url": "https://github.com/fcas/Theano/security/code-scanning/1",
        "state": "open",
        "fixed_at": null,
        "dismissed_by": null,
        "dismissed_at": null,
        "dismissed_reason": null,
        "dismissed_comment": null,
        "rule": {
            "id": "py/overly-large-range",
            "severity": "warning",
            "description": "Overly permissive regular expression range",
            "name": "py/overly-large-range",
            "tags": [
                "correctness",
                "external/cwe/cwe-020",
                "security"
            ],
            "security_severity_level": "medium"
        },
        "tool": {
            "name": "CodeQL",
            "guid": null,
            "version": "2.17.3"
        },
        "most_recent_instance": {
            "ref": "refs/heads/master",
            "analysis_key": ".github/workflows/codeql.yml:analyze",
            "environment": "{\"build-mode\":\"none\",\"language\":\"python\"}",
            "category": "/language:python",
            "state": "open",
            "commit_sha": "609dcd056c6731184209d2bdc36f0366d91b1f8c",
            "message": {
                "text": "Suspicious character range that overlaps with 0-9 in the same character class, and overlaps with A-Z in the same character class, and is equivalent to \\[\"#$%&'()*+,\\-.\\/0-9:;<=>?@A-Z\\\\[\\\\\\\\]^_\\]."
            },
            "location": {
                "path": "theano/gof/cmodule.py",
                "start_line": 2395,
                "end_line": 2395,
                "start_column": 52,
                "end_column": 55
            },
            "classifications": []
        },
        "instances_url": "https://api.github.com/repos/fcas/Theano/code-scanning/alerts/1/instances"
    }
]