[
    {
        "number": 15,
        "created_at": "2024-05-17T21:06:55Z",
        "updated_at": "2024-05-17T21:06:57Z",
        "url": "https://api.github.com/repos/fcas/transformers/code-scanning/alerts/15",
        "html_url": "https://github.com/fcas/transformers/security/code-scanning/15",
        "state": "open",
        "fixed_at": null,
        "dismissed_by": null,
        "dismissed_at": null,
        "dismissed_reason": null,
        "dismissed_comment": null,
        "rule": {
            "id": "py/insecure-temporary-file",
            "severity": "error",
            "description": "Insecure temporary file",
            "name": "py/insecure-temporary-file",
            "tags": [
                "external/cwe/cwe-377",
                "security"
            ],
            "security_severity_level": "high"
        },
        "tool": {
            "name": "CodeQL",
            "guid": null,
            "version": "2.17.3"
        },
        "most_recent_instance": {
            "ref": "refs/heads/main",
            "analysis_key": ".github/workflows/codeql.yml:analyze",
            "environment": "{\"build-mode\":\"none\",\"language\":\"python\"}",
            "category": "/language:python",
            "state": "open",
            "commit_sha": "5de36d5963c14ea9a4bf4939d096be79711b7037",
            "message": {
                "text": "Call to deprecated function tempfile.mktemp may be insecure."
            },
            "location": {
                "path": "tests/utils/test_image_utils.py",
                "start_line": 550,
                "end_line": 550,
                "start_column": 24,
                "end_column": 41
            },
            "classifications": [
                "test"
            ]
        },
        "instances_url": "https://api.github.com/repos/fcas/transformers/code-scanning/alerts/15/instances"
    },
    {
        "number": 14,
        "created_at": "2024-05-17T21:06:55Z",
        "updated_at": "2024-05-17T21:06:57Z",
        "url": "https://api.github.com/repos/fcas/transformers/code-scanning/alerts/14",
        "html_url": "https://github.com/fcas/transformers/security/code-scanning/14",
        "state": "open",
        "fixed_at": null,
        "dismissed_by": null,
        "dismissed_at": null,
        "dismissed_reason": null,
        "dismissed_comment": null,
        "rule": {
            "id": "py/insecure-temporary-file",
            "severity": "error",
            "description": "Insecure temporary file",
            "name": "py/insecure-temporary-file",
            "tags": [
                "external/cwe/cwe-377",
                "security"
            ],
            "security_severity_level": "high"
        },
        "tool": {
            "name": "CodeQL",
            "guid": null,
            "version": "2.17.3"
        },
        "most_recent_instance": {
            "ref": "refs/heads/main",
            "analysis_key": ".github/workflows/codeql.yml:analyze",
            "environment": "{\"build-mode\":\"none\",\"language\":\"python\"}",
            "category": "/language:python",
            "state": "open",
            "commit_sha": "5de36d5963c14ea9a4bf4939d096be79711b7037",
            "message": {
                "text": "Call to deprecated function tempfile.mktemp may be insecure."
            },
            "location": {
                "path": "tests/utils/test_image_utils.py",
                "start_line": 533,
                "end_line": 533,
                "start_column": 24,
                "end_column": 41
            },
            "classifications": [
                "test"
            ]
        },
        "instances_url": "https://api.github.com/repos/fcas/transformers/code-scanning/alerts/14/instances"
    },
    {
        "number": 13,
        "created_at": "2024-05-17T21:06:55Z",
        "updated_at": "2024-05-17T21:06:57Z",
        "url": "https://api.github.com/repos/fcas/transformers/code-scanning/alerts/13",
        "html_url": "https://github.com/fcas/transformers/security/code-scanning/13",
        "state": "open",
        "fixed_at": null,
        "dismissed_by": null,
        "dismissed_at": null,
        "dismissed_reason": null,
        "dismissed_comment": null,
        "rule": {
            "id": "py/insecure-temporary-file",
            "severity": "error",
            "description": "Insecure temporary file",
            "name": "py/insecure-temporary-file",
            "tags": [
                "external/cwe/cwe-377",
                "security"
            ],
            "security_severity_level": "high"
        },
        "tool": {
            "name": "CodeQL",
            "guid": null,
            "version": "2.17.3"
        },
        "most_recent_instance": {
            "ref": "refs/heads/main",
            "analysis_key": ".github/workflows/codeql.yml:analyze",
            "environment": "{\"build-mode\":\"none\",\"language\":\"python\"}",
            "category": "/language:python",
            "state": "open",
            "commit_sha": "5de36d5963c14ea9a4bf4939d096be79711b7037",
            "message": {
                "text": "Call to deprecated function tempfile.mktemp may be insecure."
            },
            "location": {
                "path": "tests/utils/test_image_utils.py",
                "start_line": 516,
                "end_line": 516,
                "start_column": 24,
                "end_column": 41
            },
            "classifications": [
                "test"
            ]
        },
        "instances_url": "https://api.github.com/repos/fcas/transformers/code-scanning/alerts/13/instances"
    },
    {
        "number": 12,
        "created_at": "2024-05-17T21:06:55Z",
        "updated_at": "2024-05-17T21:06:57Z",
        "url": "https://api.github.com/repos/fcas/transformers/code-scanning/alerts/12",
        "html_url": "https://github.com/fcas/transformers/security/code-scanning/12",
        "state": "open",
        "fixed_at": null,
        "dismissed_by": null,
        "dismissed_at": null,
        "dismissed_reason": null,
        "dismissed_comment": null,
        "rule": {
            "id": "py/insecure-temporary-file",
            "severity": "error",
            "description": "Insecure temporary file",
            "name": "py/insecure-temporary-file",
            "tags": [
                "external/cwe/cwe-377",
                "security"
            ],
            "security_severity_level": "high"
        },
        "tool": {
            "name": "CodeQL",
            "guid": null,
            "version": "2.17.3"
        },
        "most_recent_instance": {
            "ref": "refs/heads/main",
            "analysis_key": ".github/workflows/codeql.yml:analyze",
            "environment": "{\"build-mode\":\"none\",\"language\":\"python\"}",
            "category": "/language:python",
            "state": "open",
            "commit_sha": "5de36d5963c14ea9a4bf4939d096be79711b7037",
            "message": {
                "text": "Call to deprecated function tempfile.mktemp may be insecure."
            },
            "location": {
                "path": "examples/research_projects/seq2seq-distillation/_test_seq2seq_examples.py",
                "start_line": 167,
                "end_line": 167,
                "start_column": 20,
                "end_column": 37
            },
            "classifications": []
        },
        "instances_url": "https://api.github.com/repos/fcas/transformers/code-scanning/alerts/12/instances"
    },
    {
        "number": 11,
        "created_at": "2024-05-17T21:06:55Z",
        "updated_at": "2024-05-17T21:06:57Z",
        "url": "https://api.github.com/repos/fcas/transformers/code-scanning/alerts/11",
        "html_url": "https://github.com/fcas/transformers/security/code-scanning/11",
        "state": "open",
        "fixed_at": null,
        "dismissed_by": null,
        "dismissed_at": null,
        "dismissed_reason": null,
        "dismissed_comment": null,
        "rule": {
            "id": "py/insecure-temporary-file",
            "severity": "error",
            "description": "Insecure temporary file",
            "name": "py/insecure-temporary-file",
            "tags": [
                "external/cwe/cwe-377",
                "security"
            ],
            "security_severity_level": "high"
        },
        "tool": {
            "name": "CodeQL",
            "guid": null,
            "version": "2.17.3"
        },
        "most_recent_instance": {
            "ref": "refs/heads/main",
            "analysis_key": ".github/workflows/codeql.yml:analyze",
            "environment": "{\"build-mode\":\"none\",\"language\":\"python\"}",
            "category": "/language:python",
            "state": "open",
            "commit_sha": "5de36d5963c14ea9a4bf4939d096be79711b7037",
            "message": {
                "text": "Call to deprecated function tempfile.mktemp may be insecure."
            },
            "location": {
                "path": "tests/test_tokenization_utils.py",
                "start_line": 87,
                "end_line": 87,
                "start_column": 24,
                "end_column": 41
            },
            "classifications": [
                "test"
            ]
        },
        "instances_url": "https://api.github.com/repos/fcas/transformers/code-scanning/alerts/11/instances"
    },
    {
        "number": 10,
        "created_at": "2024-05-17T21:06:55Z",
        "updated_at": "2024-05-17T21:06:57Z",
        "url": "https://api.github.com/repos/fcas/transformers/code-scanning/alerts/10",
        "html_url": "https://github.com/fcas/transformers/security/code-scanning/10",
        "state": "open",
        "fixed_at": null,
        "dismissed_by": null,
        "dismissed_at": null,
        "dismissed_reason": null,
        "dismissed_comment": null,
        "rule": {
            "id": "py/redos",
            "severity": "error",
            "description": "Inefficient regular expression",
            "name": "py/redos",
            "tags": [
                "external/cwe/cwe-1333",
                "external/cwe/cwe-400",
                "external/cwe/cwe-730",
                "security"
            ],
            "security_severity_level": "high"
        },
        "tool": {
            "name": "CodeQL",
            "guid": null,
            "version": "2.17.3"
        },
        "most_recent_instance": {
            "ref": "refs/heads/main",
            "analysis_key": ".github/workflows/codeql.yml:analyze",
            "environment": "{\"build-mode\":\"none\",\"language\":\"python\"}",
            "category": "/language:python",
            "state": "open",
            "commit_sha": "5de36d5963c14ea9a4bf4939d096be79711b7037",
            "message": {
                "text": "This part of the regular expression may cause exponential backtracking on strings starting with '# ' and containing many repetitions of '0'."
            },
            "location": {
                "path": "src/transformers/models/nougat/tokenization_nougat_fast.py",
                "start_line": 516,
                "end_line": 516,
                "start_column": 41,
                "end_column": 54
            },
            "classifications": []
        },
        "instances_url": "https://api.github.com/repos/fcas/transformers/code-scanning/alerts/10/instances"
    },
    {
        "number": 9,
        "created_at": "2024-05-17T21:06:55Z",
        "updated_at": "2024-05-17T21:06:57Z",
        "url": "https://api.github.com/repos/fcas/transformers/code-scanning/alerts/9",
        "html_url": "https://github.com/fcas/transformers/security/code-scanning/9",
        "state": "open",
        "fixed_at": null,
        "dismissed_by": null,
        "dismissed_at": null,
        "dismissed_reason": null,
        "dismissed_comment": null,
        "rule": {
            "id": "py/redos",
            "severity": "error",
            "description": "Inefficient regular expression",
            "name": "py/redos",
            "tags": [
                "external/cwe/cwe-1333",
                "external/cwe/cwe-400",
                "external/cwe/cwe-730",
                "security"
            ],
            "security_severity_level": "high"
        },
        "tool": {
            "name": "CodeQL",
            "guid": null,
            "version": "2.17.3"
        },
        "most_recent_instance": {
            "ref": "refs/heads/main",
            "analysis_key": ".github/workflows/codeql.yml:analyze",
            "environment": "{\"build-mode\":\"none\",\"language\":\"python\"}",
            "category": "/language:python",
            "state": "open",
            "commit_sha": "5de36d5963c14ea9a4bf4939d096be79711b7037",
            "message": {
                "text": "This part of the regular expression may cause exponential backtracking on strings starting with '1' and containing many repetitions of '1'."
            },
            "location": {
                "path": "src/transformers/models/gptsan_japanese/tokenization_gptsan_japanese.py",
                "start_line": 428,
                "end_line": 428,
                "start_column": 140,
                "end_column": 143
            },
            "classifications": []
        },
        "instances_url": "https://api.github.com/repos/fcas/transformers/code-scanning/alerts/9/instances"
    },
    {
        "number": 8,
        "created_at": "2024-05-17T21:06:55Z",
        "updated_at": "2024-05-17T21:06:57Z",
        "url": "https://api.github.com/repos/fcas/transformers/code-scanning/alerts/8",
        "html_url": "https://github.com/fcas/transformers/security/code-scanning/8",
        "state": "open",
        "fixed_at": null,
        "dismissed_by": null,
        "dismissed_at": null,
        "dismissed_reason": null,
        "dismissed_comment": null,
        "rule": {
            "id": "py/redos",
            "severity": "error",
            "description": "Inefficient regular expression",
            "name": "py/redos",
            "tags": [
                "external/cwe/cwe-1333",
                "external/cwe/cwe-400",
                "external/cwe/cwe-730",
                "security"
            ],
            "security_severity_level": "high"
        },
        "tool": {
            "name": "CodeQL",
            "guid": null,
            "version": "2.17.3"
        },
        "most_recent_instance": {
            "ref": "refs/heads/main",
            "analysis_key": ".github/workflows/codeql.yml:analyze",
            "environment": "{\"build-mode\":\"none\",\"language\":\"python\"}",
            "category": "/language:python",
            "state": "open",
            "commit_sha": "5de36d5963c14ea9a4bf4939d096be79711b7037",
            "message": {
                "text": "This part of the regular expression may cause exponential backtracking on strings starting with '1' and containing many repetitions of '1'."
            },
            "location": {
                "path": "src/transformers/models/gptsan_japanese/tokenization_gptsan_japanese.py",
                "start_line": 428,
                "end_line": 428,
                "start_column": 102,
                "end_column": 105
            },
            "classifications": []
        },
        "instances_url": "https://api.github.com/repos/fcas/transformers/code-scanning/alerts/8/instances"
    },
    {
        "number": 7,
        "created_at": "2024-05-17T21:06:55Z",
        "updated_at": "2024-05-17T21:06:57Z",
        "url": "https://api.github.com/repos/fcas/transformers/code-scanning/alerts/7",
        "html_url": "https://github.com/fcas/transformers/security/code-scanning/7",
        "state": "open",
        "fixed_at": null,
        "dismissed_by": null,
        "dismissed_at": null,
        "dismissed_reason": null,
        "dismissed_comment": null,
        "rule": {
            "id": "py/redos",
            "severity": "error",
            "description": "Inefficient regular expression",
            "name": "py/redos",
            "tags": [
                "external/cwe/cwe-1333",
                "external/cwe/cwe-400",
                "external/cwe/cwe-730",
                "security"
            ],
            "security_severity_level": "high"
        },
        "tool": {
            "name": "CodeQL",
            "guid": null,
            "version": "2.17.3"
        },
        "most_recent_instance": {
            "ref": "refs/heads/main",
            "analysis_key": ".github/workflows/codeql.yml:analyze",
            "environment": "{\"build-mode\":\"none\",\"language\":\"python\"}",
            "category": "/language:python",
            "state": "open",
            "commit_sha": "5de36d5963c14ea9a4bf4939d096be79711b7037",
            "message": {
                "text": "This part of the regular expression may cause exponential backtracking on strings starting with '1' and containing many repetitions of '1'."
            },
            "location": {
                "path": "src/transformers/models/gptsan_japanese/tokenization_gptsan_japanese.py",
                "start_line": 428,
                "end_line": 428,
                "start_column": 63,
                "end_column": 66
            },
            "classifications": []
        },
        "instances_url": "https://api.github.com/repos/fcas/transformers/code-scanning/alerts/7/instances"
    },
    {
        "number": 6,
        "created_at": "2024-05-17T21:06:55Z",
        "updated_at": "2024-05-17T21:06:57Z",
        "url": "https://api.github.com/repos/fcas/transformers/code-scanning/alerts/6",
        "html_url": "https://github.com/fcas/transformers/security/code-scanning/6",
        "state": "open",
        "fixed_at": null,
        "dismissed_by": null,
        "dismissed_at": null,
        "dismissed_reason": null,
        "dismissed_comment": null,
        "rule": {
            "id": "py/redos",
            "severity": "error",
            "description": "Inefficient regular expression",
            "name": "py/redos",
            "tags": [
                "external/cwe/cwe-1333",
                "external/cwe/cwe-400",
                "external/cwe/cwe-730",
                "security"
            ],
            "security_severity_level": "high"
        },
        "tool": {
            "name": "CodeQL",
            "guid": null,
            "version": "2.17.3"
        },
        "most_recent_instance": {
            "ref": "refs/heads/main",
            "analysis_key": ".github/workflows/codeql.yml:analyze",
            "environment": "{\"build-mode\":\"none\",\"language\":\"python\"}",
            "category": "/language:python",
            "state": "open",
            "commit_sha": "5de36d5963c14ea9a4bf4939d096be79711b7037",
            "message": {
                "text": "This part of the regular expression may cause exponential backtracking on strings starting with '1' and containing many repetitions of '1'."
            },
            "location": {
                "path": "src/transformers/models/gptsan_japanese/tokenization_gptsan_japanese.py",
                "start_line": 428,
                "end_line": 428,
                "start_column": 24,
                "end_column": 27
            },
            "classifications": []
        },
        "instances_url": "https://api.github.com/repos/fcas/transformers/code-scanning/alerts/6/instances"
    },
    {
        "number": 5,
        "created_at": "2024-05-17T21:06:55Z",
        "updated_at": "2024-05-17T21:06:57Z",
        "url": "https://api.github.com/repos/fcas/transformers/code-scanning/alerts/5",
        "html_url": "https://github.com/fcas/transformers/security/code-scanning/5",
        "state": "open",
        "fixed_at": null,
        "dismissed_by": null,
        "dismissed_at": null,
        "dismissed_reason": null,
        "dismissed_comment": null,
        "rule": {
            "id": "py/redos",
            "severity": "error",
            "description": "Inefficient regular expression",
            "name": "py/redos",
            "tags": [
                "external/cwe/cwe-1333",
                "external/cwe/cwe-400",
                "external/cwe/cwe-730",
                "security"
            ],
            "security_severity_level": "high"
        },
        "tool": {
            "name": "CodeQL",
            "guid": null,
            "version": "2.17.3"
        },
        "most_recent_instance": {
            "ref": "refs/heads/main",
            "analysis_key": ".github/workflows/codeql.yml:analyze",
            "environment": "{\"build-mode\":\"none\",\"language\":\"python\"}",
            "category": "/language:python",
            "state": "open",
            "commit_sha": "5de36d5963c14ea9a4bf4939d096be79711b7037",
            "message": {
                "text": "This part of the regular expression may cause exponential backtracking on strings starting with '1' and containing many repetitions of '1'."
            },
            "location": {
                "path": "src/transformers/models/gpt_neox_japanese/tokenization_gpt_neox_japanese.py",
                "start_line": 245,
                "end_line": 245,
                "start_column": 140,
                "end_column": 143
            },
            "classifications": []
        },
        "instances_url": "https://api.github.com/repos/fcas/transformers/code-scanning/alerts/5/instances"
    },
    {
        "number": 4,
        "created_at": "2024-05-17T21:06:55Z",
        "updated_at": "2024-05-17T21:06:57Z",
        "url": "https://api.github.com/repos/fcas/transformers/code-scanning/alerts/4",
        "html_url": "https://github.com/fcas/transformers/security/code-scanning/4",
        "state": "open",
        "fixed_at": null,
        "dismissed_by": null,
        "dismissed_at": null,
        "dismissed_reason": null,
        "dismissed_comment": null,
        "rule": {
            "id": "py/redos",
            "severity": "error",
            "description": "Inefficient regular expression",
            "name": "py/redos",
            "tags": [
                "external/cwe/cwe-1333",
                "external/cwe/cwe-400",
                "external/cwe/cwe-730",
                "security"
            ],
            "security_severity_level": "high"
        },
        "tool": {
            "name": "CodeQL",
            "guid": null,
            "version": "2.17.3"
        },
        "most_recent_instance": {
            "ref": "refs/heads/main",
            "analysis_key": ".github/workflows/codeql.yml:analyze",
            "environment": "{\"build-mode\":\"none\",\"language\":\"python\"}",
            "category": "/language:python",
            "state": "open",
            "commit_sha": "5de36d5963c14ea9a4bf4939d096be79711b7037",
            "message": {
                "text": "This part of the regular expression may cause exponential backtracking on strings starting with '1' and containing many repetitions of '1'."
            },
            "location": {
                "path": "src/transformers/models/gpt_neox_japanese/tokenization_gpt_neox_japanese.py",
                "start_line": 245,
                "end_line": 245,
                "start_column": 102,
                "end_column": 105
            },
            "classifications": []
        },
        "instances_url": "https://api.github.com/repos/fcas/transformers/code-scanning/alerts/4/instances"
    },
    {
        "number": 3,
        "created_at": "2024-05-17T21:06:55Z",
        "updated_at": "2024-05-17T21:06:57Z",
        "url": "https://api.github.com/repos/fcas/transformers/code-scanning/alerts/3",
        "html_url": "https://github.com/fcas/transformers/security/code-scanning/3",
        "state": "open",
        "fixed_at": null,
        "dismissed_by": null,
        "dismissed_at": null,
        "dismissed_reason": null,
        "dismissed_comment": null,
        "rule": {
            "id": "py/redos",
            "severity": "error",
            "description": "Inefficient regular expression",
            "name": "py/redos",
            "tags": [
                "external/cwe/cwe-1333",
                "external/cwe/cwe-400",
                "external/cwe/cwe-730",
                "security"
            ],
            "security_severity_level": "high"
        },
        "tool": {
            "name": "CodeQL",
            "guid": null,
            "version": "2.17.3"
        },
        "most_recent_instance": {
            "ref": "refs/heads/main",
            "analysis_key": ".github/workflows/codeql.yml:analyze",
            "environment": "{\"build-mode\":\"none\",\"language\":\"python\"}",
            "category": "/language:python",
            "state": "open",
            "commit_sha": "5de36d5963c14ea9a4bf4939d096be79711b7037",
            "message": {
                "text": "This part of the regular expression may cause exponential backtracking on strings starting with '1' and containing many repetitions of '1'."
            },
            "location": {
                "path": "src/transformers/models/gpt_neox_japanese/tokenization_gpt_neox_japanese.py",
                "start_line": 245,
                "end_line": 245,
                "start_column": 63,
                "end_column": 66
            },
            "classifications": []
        },
        "instances_url": "https://api.github.com/repos/fcas/transformers/code-scanning/alerts/3/instances"
    },
    {
        "number": 2,
        "created_at": "2024-05-17T21:06:55Z",
        "updated_at": "2024-05-17T21:06:57Z",
        "url": "https://api.github.com/repos/fcas/transformers/code-scanning/alerts/2",
        "html_url": "https://github.com/fcas/transformers/security/code-scanning/2",
        "state": "open",
        "fixed_at": null,
        "dismissed_by": null,
        "dismissed_at": null,
        "dismissed_reason": null,
        "dismissed_comment": null,
        "rule": {
            "id": "py/redos",
            "severity": "error",
            "description": "Inefficient regular expression",
            "name": "py/redos",
            "tags": [
                "external/cwe/cwe-1333",
                "external/cwe/cwe-400",
                "external/cwe/cwe-730",
                "security"
            ],
            "security_severity_level": "high"
        },
        "tool": {
            "name": "CodeQL",
            "guid": null,
            "version": "2.17.3"
        },
        "most_recent_instance": {
            "ref": "refs/heads/main",
            "analysis_key": ".github/workflows/codeql.yml:analyze",
            "environment": "{\"build-mode\":\"none\",\"language\":\"python\"}",
            "category": "/language:python",
            "state": "open",
            "commit_sha": "5de36d5963c14ea9a4bf4939d096be79711b7037",
            "message": {
                "text": "This part of the regular expression may cause exponential backtracking on strings starting with '1' and containing many repetitions of '1'."
            },
            "location": {
                "path": "src/transformers/models/gpt_neox_japanese/tokenization_gpt_neox_japanese.py",
                "start_line": 245,
                "end_line": 245,
                "start_column": 24,
                "end_column": 27
            },
            "classifications": []
        },
        "instances_url": "https://api.github.com/repos/fcas/transformers/code-scanning/alerts/2/instances"
    },
    {
        "number": 1,
        "created_at": "2024-05-17T21:06:55Z",
        "updated_at": "2024-05-17T21:06:57Z",
        "url": "https://api.github.com/repos/fcas/transformers/code-scanning/alerts/1",
        "html_url": "https://github.com/fcas/transformers/security/code-scanning/1",
        "state": "open",
        "fixed_at": null,
        "dismissed_by": null,
        "dismissed_at": null,
        "dismissed_reason": null,
        "dismissed_comment": null,
        "rule": {
            "id": "py/redos",
            "severity": "error",
            "description": "Inefficient regular expression",
            "name": "py/redos",
            "tags": [
                "external/cwe/cwe-1333",
                "external/cwe/cwe-400",
                "external/cwe/cwe-730",
                "security"
            ],
            "security_severity_level": "high"
        },
        "tool": {
            "name": "CodeQL",
            "guid": null,
            "version": "2.17.3"
        },
        "most_recent_instance": {
            "ref": "refs/heads/main",
            "analysis_key": ".github/workflows/codeql.yml:analyze",
            "environment": "{\"build-mode\":\"none\",\"language\":\"python\"}",
            "category": "/language:python",
            "state": "open",
            "commit_sha": "5de36d5963c14ea9a4bf4939d096be79711b7037",
            "message": {
                "text": "This part of the regular expression may cause exponential backtracking on strings starting with '```py\\n>>> ' and containing many repetitions of '\\n'."
            },
            "location": {
                "path": "src/transformers/testing_utils.py",
                "start_line": 2244,
                "end_line": 2244,
                "start_column": 61,
                "end_column": 64
            },
            "classifications": [
                "test"
            ]
        },
        "instances_url": "https://api.github.com/repos/fcas/transformers/code-scanning/alerts/1/instances"
    }
]