[
    {
        "number": 3,
        "state": "open",
        "dependency": {
            "package": {
                "ecosystem": "pip",
                "name": "pillow"
            },
            "manifest_path": "requirements-docs.txt",
            "scope": "runtime"
        },
        "security_advisory": {
            "ghsa_id": "GHSA-44wm-f244-xhp3",
            "cve_id": "CVE-2024-28219",
            "summary": "Pillow buffer overflow vulnerability",
            "description": "In _imagingcms.c in Pillow before 10.3.0, a buffer overflow exists because strcpy is used instead of strncpy.",
            "severity": "medium",
            "identifiers": [
                {
                    "value": "GHSA-44wm-f244-xhp3",
                    "type": "GHSA"
                },
                {
                    "value": "CVE-2024-28219",
                    "type": "CVE"
                }
            ],
            "references": [
                {
                    "url": "https://nvd.nist.gov/vuln/detail/CVE-2024-28219"
                },
                {
                    "url": "https://pillow.readthedocs.io/en/stable/releasenotes/10.3.0.html#security"
                },
                {
                    "url": "https://github.com/python-pillow/Pillow/commit/2a93aba5cfcf6e241ab4f9392c13e3b74032c061"
                },
                {
                    "url": "https://lists.debian.org/debian-lts-announce/2024/04/msg00008.html"
                },
                {
                    "url": "https://lists.fedoraproject.org/archives/list/package-announce%40lists.fedoraproject.org/message/4XLPUT3VK4GQ6EVY525TT2QNUIXNRU5M"
                },
                {
                    "url": "https://github.com/advisories/GHSA-44wm-f244-xhp3"
                }
            ],
            "published_at": "2024-04-03T03:30:30Z",
            "updated_at": "2024-04-20T05:06:18Z",
            "withdrawn_at": null,
            "vulnerabilities": [
                {
                    "package": {
                        "ecosystem": "pip",
                        "name": "pillow"
                    },
                    "severity": "medium",
                    "vulnerable_version_range": "< 10.3.0",
                    "first_patched_version": {
                        "identifier": "10.3.0"
                    }
                }
            ],
            "cvss": {
                "vector_string": "CVSS:3.1/AV:L/AC:H/PR:L/UI:R/S:U/C:H/I:H/A:H",
                "score": 6.7
            },
            "cwes": [
                {
                    "cwe_id": "CWE-120",
                    "name": "Buffer Copy without Checking Size of Input ('Classic Buffer Overflow')"
                },
                {
                    "cwe_id": "CWE-676",
                    "name": "Use of Potentially Dangerous Function"
                }
            ]
        },
        "security_vulnerability": {
            "package": {
                "ecosystem": "pip",
                "name": "pillow"
            },
            "severity": "medium",
            "vulnerable_version_range": "< 10.3.0",
            "first_patched_version": {
                "identifier": "10.3.0"
            }
        },
        "url": "https://api.github.com/repos/fcas/typer/dependabot/alerts/3",
        "html_url": "https://github.com/fcas/typer/security/dependabot/3",
        "created_at": "2024-05-16T23:00:20Z",
        "updated_at": "2024-05-16T23:00:20Z",
        "dismissed_at": null,
        "dismissed_by": null,
        "dismissed_reason": null,
        "dismissed_comment": null,
        "fixed_at": null,
        "auto_dismissed_at": null
    },
    {
        "number": 2,
        "state": "open",
        "dependency": {
            "package": {
                "ecosystem": "pip",
                "name": "black"
            },
            "manifest_path": "requirements-docs.txt",
            "scope": "runtime"
        },
        "security_advisory": {
            "ghsa_id": "GHSA-fj7x-q9j7-g6q6",
            "cve_id": "CVE-2024-21503",
            "summary": "Black vulnerable to Regular Expression Denial of Service (ReDoS)",
            "description": "Versions of the package black before 24.3.0 are vulnerable to Regular Expression Denial of Service (ReDoS) via the lines_with_leading_tabs_expanded function in the strings.py file. An attacker could exploit this vulnerability by crafting a malicious input that causes a denial of service.\n\nExploiting this vulnerability is possible when running Black on untrusted input, or if you habitually put thousands of leading tab characters in your docstrings.",
            "severity": "medium",
            "identifiers": [
                {
                    "value": "GHSA-fj7x-q9j7-g6q6",
                    "type": "GHSA"
                },
                {
                    "value": "CVE-2024-21503",
                    "type": "CVE"
                }
            ],
            "references": [
                {
                    "url": "https://nvd.nist.gov/vuln/detail/CVE-2024-21503"
                },
                {
                    "url": "https://github.com/psf/black/commit/f00093672628d212b8965a8993cee8bedf5fe9b8"
                },
                {
                    "url": "https://github.com/psf/black/releases/tag/24.3.0"
                },
                {
                    "url": "https://security.snyk.io/vuln/SNYK-PYTHON-BLACK-6256273"
                },
                {
                    "url": "https://github.com/pypa/advisory-database/tree/main/vulns/black/PYSEC-2024-48.yaml"
                },
                {
                    "url": "https://github.com/advisories/GHSA-fj7x-q9j7-g6q6"
                }
            ],
            "published_at": "2024-03-19T06:30:52Z",
            "updated_at": "2024-03-20T15:24:02Z",
            "withdrawn_at": null,
            "vulnerabilities": [
                {
                    "package": {
                        "ecosystem": "pip",
                        "name": "black"
                    },
                    "severity": "medium",
                    "vulnerable_version_range": ">= 0, < 24.3.0",
                    "first_patched_version": {
                        "identifier": "24.3.0"
                    }
                }
            ],
            "cvss": {
                "vector_string": "CVSS:3.1/AV:N/AC:L/PR:N/UI:N/S:U/C:N/I:N/A:L",
                "score": 5.3
            },
            "cwes": [
                {
                    "cwe_id": "CWE-1333",
                    "name": "Inefficient Regular Expression Complexity"
                }
            ]
        },
        "security_vulnerability": {
            "package": {
                "ecosystem": "pip",
                "name": "black"
            },
            "severity": "medium",
            "vulnerable_version_range": ">= 0, < 24.3.0",
            "first_patched_version": {
                "identifier": "24.3.0"
            }
        },
        "url": "https://api.github.com/repos/fcas/typer/dependabot/alerts/2",
        "html_url": "https://github.com/fcas/typer/security/dependabot/2",
        "created_at": "2024-05-16T23:00:20Z",
        "updated_at": "2024-05-16T23:00:20Z",
        "dismissed_at": null,
        "dismissed_by": null,
        "dismissed_reason": null,
        "dismissed_comment": null,
        "fixed_at": null,
        "auto_dismissed_at": null
    },
    {
        "number": 1,
        "state": "open",
        "dependency": {
            "package": {
                "ecosystem": "pip",
                "name": "Pillow"
            },
            "manifest_path": "requirements-docs.txt",
            "scope": "runtime"
        },
        "security_advisory": {
            "ghsa_id": "GHSA-3f63-hfp8-52jq",
            "cve_id": "CVE-2023-50447",
            "summary": "Arbitrary Code Execution in Pillow",
            "description": "Pillow through 10.1.0 allows PIL.ImageMath.eval Arbitrary Code Execution via the environment parameter, a different vulnerability than CVE-2022-22817 (which was about the expression parameter).",
            "severity": "high",
            "identifiers": [
                {
                    "value": "GHSA-3f63-hfp8-52jq",
                    "type": "GHSA"
                },
                {
                    "value": "CVE-2023-50447",
                    "type": "CVE"
                }
            ],
            "references": [
                {
                    "url": "https://nvd.nist.gov/vuln/detail/CVE-2023-50447"
                },
                {
                    "url": "https://github.com/python-pillow/Pillow/commit/45c726fd4daa63236a8f3653530f297dc87b160a"
                },
                {
                    "url": "https://pillow.readthedocs.io/en/stable/releasenotes/10.2.0.html#security"
                },
                {
                    "url": "http://www.openwall.com/lists/oss-security/2024/01/20/1"
                },
                {
                    "url": "https://github.com/python-pillow/Pillow/releases"
                },
                {
                    "url": "https://lists.debian.org/debian-lts-announce/2024/01/msg00019.html"
                },
                {
                    "url": "https://devhub.checkmarx.com/cve-details/CVE-2023-50447"
                },
                {
                    "url": "https://duartecsantos.github.io/2023-01-02-CVE-2023-50447"
                },
                {
                    "url": "https://duartecsantos.github.io/2024-01-02-CVE-2023-50447"
                },
                {
                    "url": "https://github.com/advisories/GHSA-3f63-hfp8-52jq"
                }
            ],
            "published_at": "2024-01-19T21:30:35Z",
            "updated_at": "2024-03-27T23:53:02Z",
            "withdrawn_at": null,
            "vulnerabilities": [
                {
                    "package": {
                        "ecosystem": "pip",
                        "name": "Pillow"
                    },
                    "severity": "high",
                    "vulnerable_version_range": "< 10.2.0",
                    "first_patched_version": {
                        "identifier": "10.2.0"
                    }
                }
            ],
            "cvss": {
                "vector_string": "CVSS:3.1/AV:N/AC:H/PR:N/UI:N/S:U/C:H/I:H/A:H",
                "score": 8.1
            },
            "cwes": [
                {
                    "cwe_id": "CWE-94",
                    "name": "Improper Control of Generation of Code ('Code Injection')"
                }
            ]
        },
        "security_vulnerability": {
            "package": {
                "ecosystem": "pip",
                "name": "Pillow"
            },
            "severity": "high",
            "vulnerable_version_range": "< 10.2.0",
            "first_patched_version": {
                "identifier": "10.2.0"
            }
        },
        "url": "https://api.github.com/repos/fcas/typer/dependabot/alerts/1",
        "html_url": "https://github.com/fcas/typer/security/dependabot/1",
        "created_at": "2024-05-16T23:00:20Z",
        "updated_at": "2024-05-16T23:00:20Z",
        "dismissed_at": null,
        "dismissed_by": null,
        "dismissed_reason": null,
        "dismissed_comment": null,
        "fixed_at": null,
        "auto_dismissed_at": null
    }
]