[
    {
        "number": 4,
        "created_at": "2024-05-19T04:23:07Z",
        "updated_at": "2024-05-19T04:23:09Z",
        "url": "https://api.github.com/repos/fcas/xcessiv/code-scanning/alerts/4",
        "html_url": "https://github.com/fcas/xcessiv/security/code-scanning/4",
        "state": "open",
        "fixed_at": null,
        "dismissed_by": null,
        "dismissed_at": null,
        "dismissed_reason": null,
        "dismissed_comment": null,
        "rule": {
            "id": "py/path-injection",
            "severity": "error",
            "description": "Uncontrolled data used in path expression",
            "name": "py/path-injection",
            "tags": [
                "correctness",
                "external/cwe/cwe-022",
                "external/cwe/cwe-023",
                "external/cwe/cwe-036",
                "external/cwe/cwe-073",
                "external/cwe/cwe-099",
                "security"
            ],
            "security_severity_level": "high"
        },
        "tool": {
            "name": "CodeQL",
            "guid": null,
            "version": "2.17.3"
        },
        "most_recent_instance": {
            "ref": "refs/heads/master",
            "analysis_key": ".github/workflows/codeql.yml:analyze",
            "environment": "{\"build-mode\":\"none\",\"language\":\"python\"}",
            "category": "/language:python",
            "state": "open",
            "commit_sha": "e99563dce76f060405f009dc44a7f0013b5f74e0",
            "message": {
                "text": "This path depends on a user-provided value."
            },
            "location": {
                "path": "xcessiv/views.py",
                "start_line": 59,
                "end_line": 59,
                "start_column": 17,
                "end_column": 30
            },
            "classifications": []
        },
        "instances_url": "https://api.github.com/repos/fcas/xcessiv/code-scanning/alerts/4/instances"
    },
    {
        "number": 3,
        "created_at": "2024-05-19T04:23:07Z",
        "updated_at": "2024-05-19T04:23:09Z",
        "url": "https://api.github.com/repos/fcas/xcessiv/code-scanning/alerts/3",
        "html_url": "https://github.com/fcas/xcessiv/security/code-scanning/3",
        "state": "open",
        "fixed_at": null,
        "dismissed_by": null,
        "dismissed_at": null,
        "dismissed_reason": null,
        "dismissed_comment": null,
        "rule": {
            "id": "py/path-injection",
            "severity": "error",
            "description": "Uncontrolled data used in path expression",
            "name": "py/path-injection",
            "tags": [
                "correctness",
                "external/cwe/cwe-022",
                "external/cwe/cwe-023",
                "external/cwe/cwe-036",
                "external/cwe/cwe-073",
                "external/cwe/cwe-099",
                "security"
            ],
            "security_severity_level": "high"
        },
        "tool": {
            "name": "CodeQL",
            "guid": null,
            "version": "2.17.3"
        },
        "most_recent_instance": {
            "ref": "refs/heads/master",
            "analysis_key": ".github/workflows/codeql.yml:analyze",
            "environment": "{\"build-mode\":\"none\",\"language\":\"python\"}",
            "category": "/language:python",
            "state": "open",
            "commit_sha": "e99563dce76f060405f009dc44a7f0013b5f74e0",
            "message": {
                "text": "This path depends on a user-provided value."
            },
            "location": {
                "path": "xcessiv/views.py",
                "start_line": 56,
                "end_line": 56,
                "start_column": 23,
                "end_column": 36
            },
            "classifications": []
        },
        "instances_url": "https://api.github.com/repos/fcas/xcessiv/code-scanning/alerts/3/instances"
    },
    {
        "number": 2,
        "created_at": "2024-05-19T04:23:07Z",
        "updated_at": "2024-05-19T04:23:09Z",
        "url": "https://api.github.com/repos/fcas/xcessiv/code-scanning/alerts/2",
        "html_url": "https://github.com/fcas/xcessiv/security/code-scanning/2",
        "state": "open",
        "fixed_at": null,
        "dismissed_by": null,
        "dismissed_at": null,
        "dismissed_reason": null,
        "dismissed_comment": null,
        "rule": {
            "id": "py/path-injection",
            "severity": "error",
            "description": "Uncontrolled data used in path expression",
            "name": "py/path-injection",
            "tags": [
                "correctness",
                "external/cwe/cwe-022",
                "external/cwe/cwe-023",
                "external/cwe/cwe-036",
                "external/cwe/cwe-073",
                "external/cwe/cwe-099",
                "security"
            ],
            "security_severity_level": "high"
        },
        "tool": {
            "name": "CodeQL",
            "guid": null,
            "version": "2.17.3"
        },
        "most_recent_instance": {
            "ref": "refs/heads/master",
            "analysis_key": ".github/workflows/codeql.yml:analyze",
            "environment": "{\"build-mode\":\"none\",\"language\":\"python\"}",
            "category": "/language:python",
            "state": "open",
            "commit_sha": "e99563dce76f060405f009dc44a7f0013b5f74e0",
            "message": {
                "text": "This path depends on a user-provided value."
            },
            "location": {
                "path": "xcessiv/views.py",
                "start_line": 35,
                "end_line": 39,
                "start_column": 9,
                "end_column": 10
            },
            "classifications": []
        },
        "instances_url": "https://api.github.com/repos/fcas/xcessiv/code-scanning/alerts/2/instances"
    },
    {
        "number": 1,
        "created_at": "2024-05-19T04:23:07Z",
        "updated_at": "2024-05-19T04:23:09Z",
        "url": "https://api.github.com/repos/fcas/xcessiv/code-scanning/alerts/1",
        "html_url": "https://github.com/fcas/xcessiv/security/code-scanning/1",
        "state": "open",
        "fixed_at": null,
        "dismissed_by": null,
        "dismissed_at": null,
        "dismissed_reason": null,
        "dismissed_comment": null,
        "rule": {
            "id": "py/flask-debug",
            "severity": "error",
            "description": "Flask app is run in debug mode",
            "name": "py/flask-debug",
            "tags": [
                "external/cwe/cwe-215",
                "external/cwe/cwe-489",
                "security"
            ],
            "security_severity_level": "high"
        },
        "tool": {
            "name": "CodeQL",
            "guid": null,
            "version": "2.17.3"
        },
        "most_recent_instance": {
            "ref": "refs/heads/master",
            "analysis_key": ".github/workflows/codeql.yml:analyze",
            "environment": "{\"build-mode\":\"none\",\"language\":\"python\"}",
            "category": "/language:python",
            "state": "open",
            "commit_sha": "e99563dce76f060405f009dc44a7f0013b5f74e0",
            "message": {
                "text": "A Flask app appears to be run in debug mode. This may allow an attacker to run arbitrary code through the debugger."
            },
            "location": {
                "path": "runtestserver.py",
                "start_line": 8,
                "end_line": 8,
                "start_column": 5,
                "end_column": 56
            },
            "classifications": []
        },
        "instances_url": "https://api.github.com/repos/fcas/xcessiv/code-scanning/alerts/1/instances"
    }
]