,rule.tags,rule.security_severity_level,rule.name,rule.description,counts
0,['cwe-020'],medium,py/overly-large-range,Overly permissive regular expression range,80
1,"['cwe-079', 'cwe-116']",medium,py/reflective-xss,Reflected server-side cross-site scripting,14
2,['cwe-200'],medium,py/bind-socket-all-network-interfaces,Binding a socket to all network interfaces,59
3,"['cwe-209', 'cwe-497']",medium,py/stack-trace-exposure,Information exposure through an exception,51
4,['cwe-601'],medium,py/url-redirection,URL redirection from remote source,10
