,nature,type,id,description,cwe_counts
0,CanFollow,base,1257,Improper Access Control Applied to Mirrored or Aliased Memory Regions,54
1,CanFollow,base,1260,Improper Handling of Overlap Between Protected Memory Ranges,54
2,CanFollow,base,1265,Unintended Reentrant Invocation of Non-reentrant Code Via Nested Calls,24
3,CanFollow,base,1272,Sensitive Information Uncleared Before Debug/Power State Transition,119
4,CanFollow,base,128,Wrap-around Error,54
5,CanFollow,base,1282,Assumed-Immutable Data is Stored in Writable Memory,4
6,CanFollow,base,131,Incorrect Calculation of Buffer Size,54
7,CanFollow,base,1322,"Use of Blocking Code in Single-threaded, Non-blocking Context",35
8,CanFollow,base,1325,Improperly Controlled Sequential Memory Allocation,467
9,CanFollow,base,1339,Insufficient Precision or Accuracy of a Real Number,54
10,CanFollow,base,170,Improper Null Termination,143
11,CanFollow,base,183,Permissive List of Allowed Inputs,15
12,CanFollow,base,184,Incomplete List of Disallowed Inputs,162
13,CanFollow,base,190,Integer Overflow or Wraparound,54
14,CanFollow,base,193,Off-by-one Error,670
15,CanFollow,base,208,Observable Timing Discrepancy,29
16,CanFollow,base,252,Unchecked Return Value,467
17,CanFollow,base,364,Signal Handler Race Condition,42
18,CanFollow,base,390,Detection of Error Condition Without Action,20
19,CanFollow,base,410,Insufficient Resource Pool,205
20,CanFollow,base,425,Direct Request ('Forced Browsing'),4
21,CanFollow,base,489,Active Debug Code,10
22,CanFollow,base,609,Double-Checked Locking,14
23,CanFollow,base,613,Insufficient Session Expiration,2
24,CanFollow,base,681,Incorrect Conversion between Numeric Types,9
25,CanFollow,base,73,External Control of File Name or Path,142
26,CanFollow,base,756,Missing Custom Error Page,54
27,CanFollow,base,822,Untrusted Pointer Dereference,810
28,CanFollow,base,823,Use of Out-of-range Pointer Offset,810
29,CanFollow,base,824,Access of Uninitialized Pointer,810
30,CanFollow,base,825,Expired Pointer Dereference,810
31,CanFollow,base,839,Numeric Range Comparison Without Minimum Check,63
32,CanFollow,base,843,Access of Resource Using Incompatible Type ('Type Confusion'),54
33,CanFollow,base,93,Improper Neutralization of CRLF Sequences ('CRLF Injection'),7
34,CanFollow,class,116,Improper Encoding or Escaping of Output,30
35,CanFollow,class,172,Encoding Error,127
36,CanFollow,class,20,Improper Input Validation,246
37,CanFollow,class,441,Unintended Proxy or Intermediary ('Confused Deputy'),14
38,CanFollow,class,602,Client-Side Enforcement of Server-Side Security,4
39,CanFollow,class,662,Improper Synchronization,6
40,CanFollow,class,909,Missing Initialization of Resource,58
41,CanFollow,variant,113,Improper Neutralization of CRLF Sequences in HTTP Headers ('HTTP Request/Response Splitting'),119
42,CanFollow,variant,1275,Sensitive Cookie with Improper SameSite Attribute,28
43,CanFollow,variant,129,Improper Validation of Array Index,54
44,CanFollow,variant,1321,Improperly Controlled Modification of Object Prototype Attributes ('Prototype Pollution'),4
45,CanFollow,variant,195,Signed to Unsigned Conversion Error,54
46,CanFollow,variant,231,Improper Handling of Extra Values,143
47,CanFollow,variant,416,Use After Free,143
48,CanFollow,variant,456,Missing Initialization of a Variable,154
49,CanFollow,variant,481,Assigning instead of Comparing,82
50,CanFollow,variant,498,Cloneable Class Containing Sensitive Information,119
51,CanFollow,variant,499,Serializable Class Containing Sensitive Data,119
52,CanFollow,variant,600,Uncaught Exception in Servlet,54
53,CanFollow,variant,621,Variable Extraction Error,4
54,CanFollow,variant,789,Memory Allocation with Excessive Size Value,467
55,CanFollow,variant,942,Permissive Cross-domain Policy with Untrusted Domains,14
56,CanFollow,variant,98,Improper Control of Filename for Include/Require Statement in PHP Program ('PHP Remote File Inclusion'),50
57,CanPrecede,base,117,Improper Output Neutralization for Logs,1
58,CanPrecede,base,120,Buffer Copy without Checking Size of Input ('Classic Buffer Overflow'),24
59,CanPrecede,base,123,Write-what-where Condition,172
60,CanPrecede,base,125,Out-of-bounds Read,99
61,CanPrecede,base,170,Improper Null Termination,17
62,CanPrecede,base,182,Collapse of Data into Unsafe Value,2
63,CanPrecede,base,215,Insertion of Sensitive Information Into Debugging Code,10
64,CanPrecede,base,22,Improper Limitation of a Pathname to a Restricted Directory ('Path Traversal'),683
65,CanPrecede,base,289,Authentication Bypass by Alternate Name,6
66,CanPrecede,base,385,Covert Timing Channel,9
67,CanPrecede,base,41,Improper Resolution of Path Equivalence,683
68,CanPrecede,base,434,Unrestricted Upload of File with Dangerous Type,38
69,CanPrecede,base,471,Modification of Assumed-Immutable Data (MAID),3
70,CanPrecede,base,476,NULL Pointer Dereference,8
71,CanPrecede,base,494,Download of Code Without Integrity Check,119
72,CanPrecede,base,59,Improper Link Resolution Before File Access ('Link Following'),38
73,CanPrecede,base,617,Reachable Assertion,8
74,CanPrecede,base,770,Allocation of Resources Without Limits or Throttling,645
75,CanPrecede,base,787,Out-of-bounds Write,99
76,CanPrecede,class,119,Improper Restriction of Operations within the Bounds of a Memory Buffer,1032
77,CanPrecede,class,327,Use of a Broken or Risky Cryptographic Algorithm,9
78,CanPrecede,class,362,Concurrent Execution using Shared Resource with Improper Synchronization ('Race Condition'),9
79,CanPrecede,class,74,Improper Neutralization of Special Elements in Output Used by a Downstream Component ('Injection'),662
80,CanPrecede,pillar,682,Incorrect Calculation,47
81,CanPrecede,variant,187,Partial String Comparison,2
82,CanPrecede,variant,789,Memory Allocation with Excessive Size Value,66
83,CanPrecede,variant,98,Improper Control of Filename for Include/Require Statement in PHP Program ('PHP Remote File Inclusion'),41
84,ChildOf,base,1341,Multiple Releases of Same Resource or Handle,18
85,ChildOf,base,201,Insertion of Sensitive Information Into Sent Data,4
86,ChildOf,base,203,Observable Discrepancy,9
87,ChildOf,base,22,Improper Limitation of a Pathname to a Restricted Directory ('Path Traversal'),246
88,ChildOf,base,23,Relative Path Traversal,37
89,ChildOf,base,288,Authentication Bypass Using an Alternate Path or Channel,3
90,ChildOf,base,312,Cleartext Storage of Sensitive Information,19
91,ChildOf,base,328,Use of Weak Hash,12
92,ChildOf,base,538,Insertion of Sensitive Information into Externally-Accessible File or Directory,35
93,ChildOf,base,552,Files or Directories Accessible to External Parties,16
94,ChildOf,base,681,Incorrect Conversion between Numeric Types,9
95,ChildOf,base,772,Missing Release of Resource after Effective Lifetime,20
96,ChildOf,base,787,Out-of-bounds Write,29
97,ChildOf,base,788,Access of Memory Location After End of Buffer,29
98,ChildOf,base,79,Improper Neutralization of Input During Web Page Generation ('Cross-site Scripting'),4
99,ChildOf,base,825,Expired Pointer Dereference,42
100,ChildOf,base,94,Improper Control of Generation of Code ('Code Injection'),5
101,ChildOf,class,116,Improper Encoding or Escaping of Output,7
102,ChildOf,class,1177,Use of Prohibited Code,18
103,ChildOf,class,118,Incorrect Access of Indexable Resource ('Range Error'),54
104,ChildOf,class,119,Improper Restriction of Operations within the Bounds of a Memory Buffer,4208
105,ChildOf,class,1390,Weak Authentication,3
106,ChildOf,class,172,Encoding Error,6
107,ChildOf,class,185,Incorrect Regular Expression,2
108,ChildOf,class,20,Improper Input Validation,629
109,ChildOf,class,200,Exposure of Sensitive Information to an Unauthorized Actor,276
110,ChildOf,class,228,Improper Handling of Syntactically Invalid Structure,6
111,ChildOf,class,269,Improper Privilege Management,9
112,ChildOf,class,285,Improper Authorization,5
113,ChildOf,class,287,Improper Authentication,21
114,ChildOf,class,311,Missing Encryption of Sensitive Data,100
115,ChildOf,class,326,Inadequate Encryption Strength,11
116,ChildOf,class,327,Use of a Broken or Risky Cryptographic Algorithm,23
117,ChildOf,class,330,Use of Insufficiently Random Values,2
118,ChildOf,class,345,Insufficient Verification of Data Authenticity,76
119,ChildOf,class,362,Concurrent Execution using Shared Resource with Improper Synchronization ('Race Condition'),28
120,ChildOf,class,400,Uncontrolled Resource Consumption,70
121,ChildOf,class,404,Improper Resource Shutdown or Release,44
122,ChildOf,class,405,Asymmetric Resource Consumption (Amplification),10
123,ChildOf,class,407,Inefficient Algorithmic Complexity,186
124,ChildOf,class,424,Improper Protection of Alternate Path,3
125,ChildOf,class,436,Interpretation Conflict,28
126,ChildOf,class,441,Unintended Proxy or Intermediary ('Confused Deputy'),22
127,ChildOf,class,514,Covert Channel,3
128,ChildOf,class,573,Improper Following of Specification by Caller,17
129,ChildOf,class,610,Externally Controlled Reference to a Resource in Another Sphere,130
130,ChildOf,class,642,External Control of Critical State Data,48
131,ChildOf,class,657,Violation of Secure Design Principles,9
132,ChildOf,class,662,Improper Synchronization,36
133,ChildOf,class,665,Improper Initialization,151
134,ChildOf,class,666,Operation on Resource in Wrong Phase of Lifetime,18
135,ChildOf,class,668,Exposure of Resource to Wrong Sphere,332
136,ChildOf,class,669,Incorrect Resource Transfer Between Spheres,30
137,ChildOf,class,670,Always-Incorrect Control Flow Implementation,1232
138,ChildOf,class,672,Operation on a Resource after Expiration or Release,126
139,ChildOf,class,673,External Influence of Sphere Definition,10
140,ChildOf,class,684,Incorrect Provision of Specified Functionality,6
141,ChildOf,class,704,Incorrect Type Conversion or Cast,202
142,ChildOf,class,705,Incorrect Control Flow Scoping,1
143,ChildOf,class,706,Use of Incorrectly-Resolved Name or Reference,254
144,ChildOf,class,732,Incorrect Permission Assignment for Critical Resource,6
145,ChildOf,class,74,Improper Neutralization of Special Elements in Output Used by a Downstream Component ('Injection'),533
146,ChildOf,class,754,Improper Check for Unusual or Exceptional Conditions,960
147,ChildOf,class,755,Improper Handling of Exceptional Conditions,55
148,ChildOf,class,77,Improper Neutralization of Special Elements used in a Command ('Command Injection'),84
149,ChildOf,class,799,Improper Control of Interaction Frequency,1
150,ChildOf,class,834,Excessive Iteration,97
151,ChildOf,class,862,Missing Authorization,6
152,ChildOf,class,913,Improper Control of Dynamically-Managed Code Resources,476
153,ChildOf,class,922,Insecure Storage of Sensitive Information,50
154,ChildOf,class,943,Improper Neutralization of Special Elements in Data Query Logic,11
155,ChildOf,pillar,284,Improper Access Control,20
156,ChildOf,pillar,664,Improper Control of a Resource Through its Lifetime,287
157,ChildOf,pillar,682,Incorrect Calculation,2194
158,ChildOf,pillar,691,Insufficient Control Flow Management,80
159,ChildOf,pillar,693,Protection Mechanism Failure,64
160,ChildOf,pillar,697,Incorrect Comparison,2
161,ChildOf,pillar,703,Improper Check or Handling of Exceptional Conditions,95
162,ChildOf,pillar,707,Improper Neutralization,692
163,ChildOf,pillar,710,Improper Adherence to Coding Standards,477
164,MemberOf,category,1001,SFP Secondary Cluster: Use of an Improper API,640
165,MemberOf,category,1002,SFP Secondary Cluster: Unexpected Entry Points,10
166,MemberOf,category,1005,7PK - Input Validation and Representation,869
167,MemberOf,category,1006,Bad Coding Practices,10
168,MemberOf,category,1009,Audit,42
169,MemberOf,category,1010,Authenticate Actors,17
170,MemberOf,category,1011,Authorize Actors,156
171,MemberOf,category,1012,Cross Cutting,84
172,MemberOf,category,1013,Encrypt Data,109
173,MemberOf,category,1014,Identify Actors,45
174,MemberOf,category,1015,Limit Access,105
175,MemberOf,category,1018,Manage User Sessions,1
176,MemberOf,category,1019,Validate Inputs,1254
177,MemberOf,category,1020,Verify Message Integrity,28
178,MemberOf,category,1027,OWASP Top Ten 2017 Category A1 - Injection,96
179,MemberOf,category,1028,OWASP Top Ten 2017 Category A2 - Broken Authentication,5
180,MemberOf,category,1029,OWASP Top Ten 2017 Category A3 - Sensitive Data Exposure,144
181,MemberOf,category,1030,OWASP Top Ten 2017 Category A4 - XML External Entities (XXE),3
182,MemberOf,category,1031,OWASP Top Ten 2017 Category A5 - Broken Access Control,140
183,MemberOf,category,1032,OWASP Top Ten 2017 Category A6 - Security Misconfiguration,54
184,MemberOf,category,1033,OWASP Top Ten 2017 Category A7 - Cross-Site Scripting (XSS),119
185,MemberOf,category,1034,OWASP Top Ten 2017 Category A8 - Insecure Deserialization,212
186,MemberOf,category,1129,CISQ Quality Measures (2016) - Reliability,200
187,MemberOf,category,1131,CISQ Quality Measures (2016) - Security,610
188,MemberOf,category,1134,SEI CERT Oracle Secure Coding Standard for Java - Guidelines 00. Input Validation and Data Sanitization (IDS),67
189,MemberOf,category,1135,SEI CERT Oracle Secure Coding Standard for Java - Guidelines 01. Declarations and Initialization (DCL),32
190,MemberOf,category,1136,SEI CERT Oracle Secure Coding Standard for Java - Guidelines 02. Expressions (EXP),475
191,MemberOf,category,1137,SEI CERT Oracle Secure Coding Standard for Java - Guidelines 03. Numeric Types and Operations (NUM),656
192,MemberOf,category,1140,SEI CERT Oracle Secure Coding Standard for Java - Guidelines 06. Methods (MET),698
193,MemberOf,category,1141,SEI CERT Oracle Secure Coding Standard for Java - Guidelines 07. Exceptional Behavior (ERR),78
194,MemberOf,category,1142,SEI CERT Oracle Secure Coding Standard for Java - Guidelines 08. Visibility and Atomicity (VNA),24
195,MemberOf,category,1143,SEI CERT Oracle Secure Coding Standard for Java - Guidelines 09. Locking (LCK),9
196,MemberOf,category,1147,SEI CERT Oracle Secure Coding Standard for Java - Guidelines 13. Input Output (FIO),181
197,MemberOf,category,1148,SEI CERT Oracle Secure Coding Standard for Java - Guidelines 14. Serialization (SER),452
198,MemberOf,category,1152,SEI CERT Oracle Secure Coding Standard for Java - Guidelines 49. Miscellaneous (MSC),286
199,MemberOf,category,1157,SEI CERT C Coding Standard - Guidelines 03. Expressions (EXP),1136
200,MemberOf,category,1158,SEI CERT C Coding Standard - Guidelines 04. Integers (INT),758
201,MemberOf,category,1159,SEI CERT C Coding Standard - Guidelines 05. Floating Point (FLP),59
202,MemberOf,category,1160,SEI CERT C Coding Standard - Guidelines 06. Arrays (ARR),535
203,MemberOf,category,1161,SEI CERT C Coding Standard - Guidelines 07. Characters and Strings (STR),747
204,MemberOf,category,1162,SEI CERT C Coding Standard - Guidelines 08. Memory Management (MEM),389
205,MemberOf,category,1163,SEI CERT C Coding Standard - Guidelines 09. Input Output (FIO),655
206,MemberOf,category,1165,SEI CERT C Coding Standard - Guidelines 10. Environment (ENV),46
207,MemberOf,category,1166,SEI CERT C Coding Standard - Guidelines 11. Signals (SIG),9
208,MemberOf,category,1167,SEI CERT C Coding Standard - Guidelines 12. Error Handling (ERR),26
209,MemberOf,category,1169,SEI CERT C Coding Standard - Guidelines 14. Concurrency (CON),81
210,MemberOf,category,1170,SEI CERT C Coding Standard - Guidelines 48. Miscellaneous (MSC),45
211,MemberOf,category,1171,SEI CERT C Coding Standard - Guidelines 50. POSIX (POS),19
212,MemberOf,category,1179,SEI CERT Perl Coding Standard - Guidelines 01. Input Validation and Data Sanitization (IDS),207
213,MemberOf,category,1181,SEI CERT Perl Coding Standard - Guidelines 03. Expressions (EXP),84
214,MemberOf,category,1198,Privilege Separation and Access Control Issues,1
215,MemberOf,category,1205,Security Primitives and Cryptography Issues,11
216,MemberOf,category,1208,Cross-Cutting Problems,6
217,MemberOf,category,1210,Audit / Logging Errors,7
218,MemberOf,category,1211,Authentication Errors,10
219,MemberOf,category,1212,Authorization Errors,3
220,MemberOf,category,1213,Random Number Issues,1
221,MemberOf,category,1214,Data Integrity Issues,10
222,MemberOf,category,1215,Data Validation Issues,71
223,MemberOf,category,1218,Memory Buffer Errors,1099
224,MemberOf,category,1219,File Handling Issues,142
225,MemberOf,category,1226,Complexity Issues,93
226,MemberOf,category,1228,API / Function Errors,35
227,MemberOf,category,1237,SFP Primary Cluster: Faulty Resource Release,18
228,MemberOf,category,1238,SFP Primary Cluster: Failure to Release Memory,20
229,MemberOf,category,1306,CISQ Quality Measures - Reliability,743
230,MemberOf,category,1308,CISQ Quality Measures - Security,780
231,MemberOf,category,133,String Errors,5
232,MemberOf,category,1345,OWASP Top Ten 2021 Category A01:2021 - Broken Access Control,535
233,MemberOf,category,1346,OWASP Top Ten 2021 Category A02:2021 - Cryptographic Failures,50
234,MemberOf,category,1347,OWASP Top Ten 2021 Category A03:2021 - Injection,1009
235,MemberOf,category,1348,OWASP Top Ten 2021 Category A04:2021 - Insecure Design,202
236,MemberOf,category,1349,OWASP Top Ten 2021 Category A05:2021 - Security Misconfiguration,22
237,MemberOf,category,1353,OWASP Top Ten 2021 Category A07:2021 - Identification and Authentication Failures,13
238,MemberOf,category,1354,OWASP Top Ten 2021 Category A08:2021 - Software and Data Integrity Failures,262
239,MemberOf,category,1355,OWASP Top Ten 2021 Category A09:2021 - Security Logging and Monitoring Failures,42
240,MemberOf,category,1356,OWASP Top Ten 2021 Category A10:2021 - Server-Side Request Forgery (SSRF),22
241,MemberOf,category,136,Type Errors,101
242,MemberOf,category,1364,ICS Communications: Zone Boundary Failures,124
243,MemberOf,category,1365,ICS Communications: Unreliability,17
244,MemberOf,category,1366,ICS Communications: Frail Security in Protocols,959
245,MemberOf,category,1368,ICS Dependencies (& Architecture): External Digital Systems,61
246,MemberOf,category,1369,ICS Supply Chain: IT/OT Convergence/Expansion,9
247,MemberOf,category,137,Data Neutralization Issues,216
248,MemberOf,category,1370,ICS Supply Chain: Common Mode Frailties,2
249,MemberOf,category,1371,ICS Supply Chain: Poorly Documented or Undocumented Features,10
250,MemberOf,category,1372,ICS Supply Chain: OT Counterfeit and Malicious Corruption,9
251,MemberOf,category,1373,ICS Engineering (Construction/Deployment): Trust Model Problems,9
252,MemberOf,category,1376,ICS Engineering (Construction/Deployment): Security Gaps in Commissioning,7
253,MemberOf,category,1382,ICS Operations (& Maintenance): Emerging Energy Technologies,684
254,MemberOf,category,1396,Comprehensive Categorization: Access Control,103
255,MemberOf,category,1397,Comprehensive Categorization: Comparison,86
256,MemberOf,category,1398,Comprehensive Categorization: Component Interaction,14
257,MemberOf,category,1399,Comprehensive Categorization: Memory Safety,1282
258,MemberOf,category,1401,Comprehensive Categorization: Concurrency,29
259,MemberOf,category,1402,Comprehensive Categorization: Encryption,118
260,MemberOf,category,1403,Comprehensive Categorization: Exposed Resource,137
261,MemberOf,category,1404,Comprehensive Categorization: File Handling,246
262,MemberOf,category,1405,Comprehensive Categorization: Improper Check or Handling of Exceptional Conditions,101
263,MemberOf,category,1406,Comprehensive Categorization: Improper Input Validation,716
264,MemberOf,category,1407,Comprehensive Categorization: Improper Neutralization,36
265,MemberOf,category,1408,Comprehensive Categorization: Incorrect Calculation,614
266,MemberOf,category,1409,Comprehensive Categorization: Injection,346
267,MemberOf,category,1410,Comprehensive Categorization: Insufficient Control Flow Management,744
268,MemberOf,category,1411,Comprehensive Categorization: Insufficient Verification of Data Authenticity,76
269,MemberOf,category,1412,Comprehensive Categorization: Poor Coding Practices,518
270,MemberOf,category,1413,Comprehensive Categorization: Protection Mechanism Failure,2
271,MemberOf,category,1414,Comprehensive Categorization: Randomness,1
272,MemberOf,category,1415,Comprehensive Categorization: Resource Control,217
273,MemberOf,category,1416,Comprehensive Categorization: Resource Lifecycle Management,590
274,MemberOf,category,1417,Comprehensive Categorization: Sensitive Information Exposure,343
275,MemberOf,category,1418,Comprehensive Categorization: Violation of Secure Design Principles,9
276,MemberOf,category,189,Numeric Errors,652
277,MemberOf,category,19,Data Processing Errors,52
278,MemberOf,category,199,Information Management Errors,224
279,MemberOf,category,227,7PK - API Abuse,18
280,MemberOf,category,254,7PK - Security Features,60
281,MemberOf,category,255,Credentials Management Errors,12
282,MemberOf,category,265,Privilege Issues,9
283,MemberOf,category,275,Permission Issues,5
284,MemberOf,category,310,Cryptographic Issues,24
285,MemberOf,category,361,7PK - Time and State,69
286,MemberOf,category,389,"Error Conditions, Return Values, Status Codes",679
287,MemberOf,category,398,7PK - Code Quality,546
288,MemberOf,category,399,Resource Management Errors,345
289,MemberOf,category,417,Communication Channel Errors,28
290,MemberOf,category,429,Handler Errors,15
291,MemberOf,category,438,Behavioral Problems,55
292,MemberOf,category,452,Initialization and Cleanup Errors,2
293,MemberOf,category,465,Pointer Issues,566
294,MemberOf,category,485,7PK - Encapsulation,61
295,MemberOf,category,557,Concurrency Issues,14
296,MemberOf,category,712,OWASP Top Ten 2007 Category A1 - Cross Site Scripting (XSS),119
297,MemberOf,category,713,OWASP Top Ten 2007 Category A2 - Injection Flaws,69
298,MemberOf,category,714,OWASP Top Ten 2007 Category A3 - Malicious File Execution,44
299,MemberOf,category,715,OWASP Top Ten 2007 Category A4 - Insecure Direct Object Reference,127
300,MemberOf,category,716,OWASP Top Ten 2007 Category A5 - Cross Site Request Forgery (CSRF),28
301,MemberOf,category,717,OWASP Top Ten 2007 Category A6 - Information Leakage and Improper Error Handling,194
302,MemberOf,category,718,OWASP Top Ten 2007 Category A7 - Broken Authentication and Session Management,4
303,MemberOf,category,721,OWASP Top Ten 2007 Category A10 - Failure to Restrict URL Access,4
304,MemberOf,category,722,OWASP Top Ten 2004 Category A1 - Unvalidated Input,1009
305,MemberOf,category,723,OWASP Top Ten 2004 Category A2 - Broken Access Control,178
306,MemberOf,category,724,OWASP Top Ten 2004 Category A3 - Broken Authentication and Session Management,44
307,MemberOf,category,725,OWASP Top Ten 2004 Category A4 - Cross-Site Scripting (XSS) Flaws,119
308,MemberOf,category,726,OWASP Top Ten 2004 Category A5 - Buffer Overflows,202
309,MemberOf,category,727,OWASP Top Ten 2004 Category A6 - Injection Flaws,134
310,MemberOf,category,728,OWASP Top Ten 2004 Category A7 - Improper Error Handling,73
311,MemberOf,category,729,OWASP Top Ten 2004 Category A8 - Insecure Storage,46
312,MemberOf,category,730,OWASP Top Ten 2004 Category A9 - Denial of Service,1052
313,MemberOf,category,731,OWASP Top Ten 2004 Category A10 - Insecure Configuration Management,118
314,MemberOf,category,737,CERT C Secure Coding Standard (2008) Chapter 4 - Expressions (EXP),489
315,MemberOf,category,738,CERT C Secure Coding Standard (2008) Chapter 5 - Integers (INT),1299
316,MemberOf,category,739,CERT C Secure Coding Standard (2008) Chapter 6 - Floating Point (FLP),388
317,MemberOf,category,740,CERT C Secure Coding Standard (2008) Chapter 7 - Arrays (ARR),86
318,MemberOf,category,741,CERT C Secure Coding Standard (2008) Chapter 8 - Characters and Strings (STR),255
319,MemberOf,category,742,CERT C Secure Coding Standard (2008) Chapter 9 - Memory Management (MEM),1648
320,MemberOf,category,743,CERT C Secure Coding Standard (2008) Chapter 10 - Input Output (FIO),229
321,MemberOf,category,744,CERT C Secure Coding Standard (2008) Chapter 11 - Environment (ENV),92
322,MemberOf,category,745,CERT C Secure Coding Standard (2008) Chapter 12 - Signals (SIG),9
323,MemberOf,category,746,CERT C Secure Coding Standard (2008) Chapter 13 - Error Handling (ERR),663
324,MemberOf,category,747,CERT C Secure Coding Standard (2008) Chapter 14 - Miscellaneous (MSC),749
325,MemberOf,category,748,CERT C Secure Coding Standard (2008) Appendix - POSIX (POS),11
326,MemberOf,category,751,2009 Top 25 - Insecure Interaction Between Components,908
327,MemberOf,category,752,2009 Top 25 - Risky Resource Management,193
328,MemberOf,category,753,2009 Top 25 - Porous Defenses,36
329,MemberOf,category,801,2010 Top 25 - Insecure Interaction Between Components,292
330,MemberOf,category,802,2010 Top 25 - Risky Resource Management,705
331,MemberOf,category,803,2010 Top 25 - Porous Defenses,29
332,MemberOf,category,808,2010 Top 25 - Weaknesses On the Cusp,554
333,MemberOf,category,810,OWASP Top Ten 2010 Category A1 - Injection,39
334,MemberOf,category,811,OWASP Top Ten 2010 Category A2 - Cross-Site Scripting (XSS),119
335,MemberOf,category,812,OWASP Top Ten 2010 Category A3 - Broken Authentication and Session Management,5
336,MemberOf,category,813,OWASP Top Ten 2010 Category A4 - Insecure Direct Object References,184
337,MemberOf,category,814,OWASP Top Ten 2010 Category A5 - Cross-Site Request Forgery(CSRF),28
338,MemberOf,category,815,OWASP Top Ten 2010 Category A6 - Security Misconfiguration,63
339,MemberOf,category,816,OWASP Top Ten 2010 Category A7 - Insecure Cryptographic Storage,76
340,MemberOf,category,817,OWASP Top Ten 2010 Category A8 - Failure to Restrict URL Access,6
341,MemberOf,category,819,OWASP Top Ten 2010 Category A10 - Unvalidated Redirects and Forwards,31
342,MemberOf,category,840,Business Logic Errors,35
343,MemberOf,category,845,The CERT Oracle Secure Coding Standard for Java (2011) Chapter 2 - Input Validation and Data Sanitization (IDS),60
344,MemberOf,category,846,The CERT Oracle Secure Coding Standard for Java (2011) Chapter 3 - Declarations and Initialization (DCL),32
345,MemberOf,category,847,The CERT Oracle Secure Coding Standard for Java (2011) Chapter 4 - Expressions (EXP),8
346,MemberOf,category,848,The CERT Oracle Secure Coding Standard for Java (2011) Chapter 5 - Numeric Types and Operations (NUM),382
347,MemberOf,category,850,The CERT Oracle Secure Coding Standard for Java (2011) Chapter 7 - Methods (MET),616
348,MemberOf,category,851,The CERT Oracle Secure Coding Standard for Java (2011) Chapter 8 - Exceptional Behavior (ERR),106
349,MemberOf,category,852,The CERT Oracle Secure Coding Standard for Java (2011) Chapter 9 - Visibility and Atomicity (VNA),24
350,MemberOf,category,853,The CERT Oracle Secure Coding Standard for Java (2011) Chapter 10 - Locking (LCK),9
351,MemberOf,category,857,The CERT Oracle Secure Coding Standard for Java (2011) Chapter 14 - Input Output (FIO),181
352,MemberOf,category,858,The CERT Oracle Secure Coding Standard for Java (2011) Chapter 15 - Serialization (SER),461
353,MemberOf,category,861,The CERT Oracle Secure Coding Standard for Java (2011) Chapter 18 - Miscellaneous (MSC),260
354,MemberOf,category,864,2011 Top 25 - Insecure Interaction Between Components,232
355,MemberOf,category,865,2011 Top 25 - Risky Resource Management,618
356,MemberOf,category,866,2011 Top 25 - Porous Defenses,43
357,MemberOf,category,867,2011 Top 25 - Weaknesses On the Cusp,684
358,MemberOf,category,871,CERT C++ Secure Coding Section 03 - Expressions (EXP),467
359,MemberOf,category,872,CERT C++ Secure Coding Section 04 - Integers (INT),1299
360,MemberOf,category,873,CERT C++ Secure Coding Section 05 - Floating Point Arithmetic (FLP),388
361,MemberOf,category,874,CERT C++ Secure Coding Section 06 - Arrays and the STL (ARR),86
362,MemberOf,category,875,CERT C++ Secure Coding Section 07 - Characters and Strings (STR),255
363,MemberOf,category,876,CERT C++ Secure Coding Section 08 - Memory Management (MEM),1683
364,MemberOf,category,877,CERT C++ Secure Coding Section 09 - Input Output (FIO),302
365,MemberOf,category,878,CERT C++ Secure Coding Section 10 - Environment (ENV),92
366,MemberOf,category,879,CERT C++ Secure Coding Section 11 - Signals (SIG),9
367,MemberOf,category,880,CERT C++ Secure Coding Section 12 - Exceptions and Error Handling (ERR),198
368,MemberOf,category,882,CERT C++ Secure Coding Section 14 - Concurrency (CON),6
369,MemberOf,category,883,CERT C++ Secure Coding Section 49 - Miscellaneous (MSC),792
370,MemberOf,category,901,SFP Primary Cluster: Privilege,18
371,MemberOf,category,905,SFP Primary Cluster: Predictability,1
372,MemberOf,category,929,OWASP Top Ten 2013 Category A1 - Injection,126
373,MemberOf,category,930,OWASP Top Ten 2013 Category A2 - Broken Authentication and Session Management,5
374,MemberOf,category,931,OWASP Top Ten 2013 Category A3 - Cross-Site Scripting (XSS),119
375,MemberOf,category,932,OWASP Top Ten 2013 Category A4 - Insecure Direct Object References,164
376,MemberOf,category,933,OWASP Top Ten 2013 Category A5 - Security Misconfiguration,64
377,MemberOf,category,934,OWASP Top Ten 2013 Category A6 - Sensitive Data Exposure,87
378,MemberOf,category,935,OWASP Top Ten 2013 Category A7 - Missing Function Level Access Control,1
379,MemberOf,category,936,OWASP Top Ten 2013 Category A8 - Cross-Site Request Forgery (CSRF),28
380,MemberOf,category,938,OWASP Top Ten 2013 Category A10 - Unvalidated Redirects and Forwards,31
381,MemberOf,category,944,SFP Secondary Cluster: Access Management,9
382,MemberOf,category,945,SFP Secondary Cluster: Insecure Resource Access,1
383,MemberOf,category,946,SFP Secondary Cluster: Insecure Resource Permissions,5
384,MemberOf,category,947,SFP Secondary Cluster: Authentication Bypass,2
385,MemberOf,category,949,SFP Secondary Cluster: Faulty Endpoint Authentication,38
386,MemberOf,category,952,SFP Secondary Cluster: Missing Authentication,2
387,MemberOf,category,953,SFP Secondary Cluster: Missing Endpoint Authentication,3
388,MemberOf,category,955,SFP Secondary Cluster: Unrestricted Authentication,1
389,MemberOf,category,958,SFP Secondary Cluster: Broken Cryptography,37
390,MemberOf,category,962,SFP Secondary Cluster: Unchecked Status Condition,134
391,MemberOf,category,963,SFP Secondary Cluster: Exposed Data,381
392,MemberOf,category,964,SFP Secondary Cluster: Exposure Temporary File,54
393,MemberOf,category,967,SFP Secondary Cluster: State Disclosure,20
394,MemberOf,category,968,SFP Secondary Cluster: Covert Channel,3
395,MemberOf,category,969,SFP Secondary Cluster: Faulty Memory Release,18
396,MemberOf,category,970,SFP Secondary Cluster: Faulty Buffer Access,707
397,MemberOf,category,971,SFP Secondary Cluster: Faulty Pointer Use,467
398,MemberOf,category,974,SFP Secondary Cluster: Incorrect Buffer Length Computation,80
399,MemberOf,category,975,SFP Secondary Cluster: Architecture,52
400,MemberOf,category,977,SFP Secondary Cluster: Design,174
401,MemberOf,category,980,SFP Secondary Cluster: Link in Resource Name Resolution,1
402,MemberOf,category,981,SFP Secondary Cluster: Path Traversal,284
403,MemberOf,category,982,SFP Secondary Cluster: Failure to Release Resource,2
404,MemberOf,category,983,SFP Secondary Cluster: Faulty Resource Use,24
405,MemberOf,category,985,SFP Secondary Cluster: Unrestricted Consumption,267
406,MemberOf,category,986,SFP Secondary Cluster: Missing Lock,18
407,MemberOf,category,988,SFP Secondary Cluster: Race Condition Window,20
408,MemberOf,category,990,SFP Secondary Cluster: Tainted Input to Command,349
409,MemberOf,category,991,SFP Secondary Cluster: Tainted Input to Environment,59
410,MemberOf,category,992,SFP Secondary Cluster: Faulty Input Transformation,23
411,MemberOf,category,993,SFP Secondary Cluster: Incorrect Input Handling,16
412,MemberOf,category,994,SFP Secondary Cluster: Tainted Input to Variable,857
413,MemberOf,category,998,SFP Secondary Cluster: Glitch in Computation,686
414,MemberOf,view,1000,Research Concepts,102
415,MemberOf,view,1003,Weaknesses for Simplified Mapping of Published Vulnerabilities,1508
416,MemberOf,view,1200,Weaknesses in the 2019 CWE Top 25 Most Dangerous Software Errors,3190
417,MemberOf,view,1337,Weaknesses in the 2021 CWE Top 25 Most Dangerous Software Weaknesses,2995
418,MemberOf,view,1340,CISQ Data Protection Measures,878
419,MemberOf,view,1350,Weaknesses in the 2020 CWE Top 25 Most Dangerous Software Weaknesses,3179
420,MemberOf,view,1387,Weaknesses in the 2022 CWE Top 25 Most Dangerous Software Weaknesses,3135
421,MemberOf,view,1425,Weaknesses in the 2023 CWE Top 25 Most Dangerous Software Weaknesses,2939
422,MemberOf,view,635,Weaknesses Originally Used by NVD from 2008 to 2016,1194
423,MemberOf,view,884,CWE Cross-section,3266
424,ParentOf,base,1021,Improper Restriction of Rendered UI Layers or Frames,1
425,ParentOf,base,1024,Comparison of Incompatible Types,82
426,ParentOf,base,1025,Comparison Using Wrong Factors,82
427,ParentOf,base,1058,Invokable Control Element in Multi-Thread Context with non-Final Static Storable or Member Element,27
428,ParentOf,base,112,Missing XML Validation,650
429,ParentOf,base,117,Improper Output Neutralization for Logs,662
430,ParentOf,base,1173,Improper Use of Validation Framework,645
431,ParentOf,base,1188,Initialization of a Resource with an Insecure Default,32
432,ParentOf,base,1189,Improper Isolation of Shared Resources on System-on-a-Chip (SoC),14
433,ParentOf,base,1190,DMA Device Enabled Too Early in Boot Phase,2
434,ParentOf,base,1191,On-Chip Debug and Test Interface With Improper Access Control,9
435,ParentOf,base,1193,Power-On of Untrusted Execution Core Before Enabling Fabric Access Control,2
436,ParentOf,base,120,Buffer Copy without Checking Size of Input ('Classic Buffer Overflow'),861
437,ParentOf,base,1220,Insufficient Granularity of Access Control,9
438,ParentOf,base,1223,Race Condition for Write-Once Attributes,6
439,ParentOf,base,1224,Improper Restriction of Write-Once Bit Fields,9
440,ParentOf,base,123,Write-what-where Condition,437
441,ParentOf,base,1230,Exposure of Sensitive Information Through Metadata,1
442,ParentOf,base,1231,Improper Prevention of Lock Bit Modification,9
443,ParentOf,base,1232,Improper Lock Behavior After Power State Transition,9
444,ParentOf,base,1233,Security-Sensitive Hardware Controls with Missing Lock Bit Protection,18
445,ParentOf,base,1234,Hardware Internal or Debug Modes Allow Override of Locks,9
446,ParentOf,base,1235,Incorrect Use of Autoboxing and Unboxing for Performance Critical Operations,205
447,ParentOf,base,1236,Improper Neutralization of Formula Elements in a CSV File,60
448,ParentOf,base,124,Buffer Underwrite ('Buffer Underflow'),329
449,ParentOf,base,1240,Use of a Cryptographic Primitive with a Risky Implementation,26
450,ParentOf,base,1242,Inclusion of Undocumented Features or Chicken Bits,9
451,ParentOf,base,1244,Internal Asset Exposed to Unsafe Debug Access Level or State,3
452,ParentOf,base,1246,Improper Write Handling in Limited-write Non-Volatile Memories,205
453,ParentOf,base,1248,Semiconductor Defects in Hardware Logic with Security-Sensitive Implications,2
454,ParentOf,base,125,Out-of-bounds Read,216
455,ParentOf,base,1252,CPU Hardware Not Configured to Support Exclusivity of Write and Execute Operations,9
456,ParentOf,base,1253,Incorrect Selection of Fuse Values,2
457,ParentOf,base,1254,Incorrect Comparison Logic Granularity,91
458,ParentOf,base,1256,Improper Restriction of Software Interfaces to Hardware Features,1
459,ParentOf,base,1257,Improper Access Control Applied to Mirrored or Aliased Memory Regions,9
460,ParentOf,base,1258,Exposure of Sensitive System Information Due to Uncleared Debug Information,119
461,ParentOf,base,1259,Improper Restriction of Security Token Assignment,9
462,ParentOf,base,1260,Improper Handling of Overlap Between Protected Memory Ranges,9
463,ParentOf,base,1262,Improper Access Control for Register Interface,9
464,ParentOf,base,1267,Policy Uses Obsolete Encoding,9
465,ParentOf,base,1268,Policy Privileges are not Assigned Consistently Between Control and Data Agents,9
466,ParentOf,base,1269,Product Released in Non-Release Configuration,2
467,ParentOf,base,1270,Generation of Incorrect Security Tokens,9
468,ParentOf,base,1273,Device Unlock Credential Sharing,119
469,ParentOf,base,1274,Improper Access Control for Volatile Memory Containing Boot Code,9
470,ParentOf,base,1276,Hardware Child Block Incorrectly Connected to Parent System,9
471,ParentOf,base,1278,Missing Protection Against Hardware Reverse Engineering Using Integrated Circuit (IC) Imaging Techniques,2
472,ParentOf,base,1279,Cryptographic Operations are run Before Supporting Units are Ready,32
473,ParentOf,base,128,Wrap-around Error,9
474,ParentOf,base,1280,Access Control Check Implemented After Asset is Accessed,11
475,ParentOf,base,1282,Assumed-Immutable Data is Stored in Writable Memory,14
476,ParentOf,base,1283,Mutable Attestation or Measurement Reporting Data,9
477,ParentOf,base,1284,Improper Validation of Specified Quantity in Input,1290
478,ParentOf,base,1285,"Improper Validation of Specified Index, Position, or Offset in Input",645
479,ParentOf,base,1286,Improper Validation of Syntactic Correctness of Input,645
480,ParentOf,base,1287,Improper Validation of Specified Type of Input,645
481,ParentOf,base,1288,Improper Validation of Consistency within Input,645
482,ParentOf,base,1289,Improper Validation of Unsafe Equivalence in Input,645
483,ParentOf,base,1290,Incorrect Decoding of Security Identifiers,9
484,ParentOf,base,1291,Public Key Re-Use for Signing both Debug and Production Code,2
485,ParentOf,base,1292,Incorrect Conversion of Security Identifiers,9
486,ParentOf,base,1293,Missing Source Correlation of Multiple Independent Data,38
487,ParentOf,base,1295,Debug Messages Revealing Unnecessary Information,119
488,ParentOf,base,1296,Incorrect Chaining or Granularity of Debug Components,9
489,ParentOf,base,1297,Unprotected Confidential Information on Device is Accessible by OSAT Vendors,1
490,ParentOf,base,1298,Hardware Logic Contains Race Conditions,6
491,ParentOf,base,130,Improper Handling of Length Parameter Inconsistency,108
492,ParentOf,base,1300,Improper Protection of Physical Side Channels,22
493,ParentOf,base,1303,Non-Transparent Sharing of Microarchitectural Resources,11
494,ParentOf,base,1304,Improperly Preserved Integrity of Hardware Configuration State During a Power Save/Restore Operation,9
495,ParentOf,base,131,Incorrect Calculation of Buffer Size,36
496,ParentOf,base,1311,Improper Translation of Security Attributes by Fabric Bridge,9
497,ParentOf,base,1312,Missing Protection for Mirrored Regions in On-Chip Fabric Firewall,9
498,ParentOf,base,1313,Hardware Allows Activation of Test or Debug Logic at Runtime,9
499,ParentOf,base,1314,Missing Write Protection for Parametric Data Values,2
500,ParentOf,base,1315,Improper Setting of Bus Controlling Capability in Fabric End-point,9
501,ParentOf,base,1316,Fabric-Address Map Allows Programming of Unwarranted Overlaps of Protected and Unprotected Ranges,9
502,ParentOf,base,1317,Improper Access Control in Fabric Bridge,9
503,ParentOf,base,1318,Missing Support for Security Features in On-chip Fabrics or Buses,2
504,ParentOf,base,1319,Improper Protection against Electromagnetic Fault Injection (EM-FI),2
505,ParentOf,base,1320,Improper Protection for Outbound Error Messages and Alert Signals,9
506,ParentOf,base,1323,Improper Management of Sensitive Trace Data,9
507,ParentOf,base,1325,Improperly Controlled Sequential Memory Allocation,35
508,ParentOf,base,1326,Missing Immutable Root of Trust in Hardware,2
509,ParentOf,base,1327,Binding to an Unrestricted IP Address,14
510,ParentOf,base,1328,Security Version Number Mutable to Older Versions,1
511,ParentOf,base,1331,Improper Isolation of Shared Resources in Network On Chip (NoC),14
512,ParentOf,base,1334,Unauthorized Error Injection Can Degrade Hardware Redundancy,9
513,ParentOf,base,1335,Incorrect Bitwise Shift of Integer,9
514,ParentOf,base,1336,Improper Neutralization of Special Elements Used in a Template Engine,50
515,ParentOf,base,1338,Improper Protections Against Hardware Overheating,2
516,ParentOf,base,1339,Insufficient Precision or Accuracy of a Real Number,9
517,ParentOf,base,134,Use of Externally-Controlled Format String,673
518,ParentOf,base,135,Incorrect Calculation of Multi-Byte String Length,9
519,ParentOf,base,1389,Incorrect Parsing of Numbers with Different Radices,22
520,ParentOf,base,15,External Control of System or Configuration Setting,646
521,ParentOf,base,170,Improper Null Termination,645
522,ParentOf,base,179,Incorrect Behavior Order: Early Validation,647
523,ParentOf,base,182,Collapse of Data into Unsafe Value,2
524,ParentOf,base,183,Permissive List of Allowed Inputs,82
525,ParentOf,base,184,Incomplete List of Disallowed Inputs,2
526,ParentOf,base,186,Overly Restrictive Regular Expression,2
527,ParentOf,base,190,Integer Overflow or Wraparound,663
528,ParentOf,base,191,Integer Underflow (Wrap or Wraparound),18
529,ParentOf,base,193,Off-by-one Error,18
530,ParentOf,base,197,Numeric Truncation Error,141
531,ParentOf,base,201,Insertion of Sensitive Information Into Sent Data,119
532,ParentOf,base,203,Observable Discrepancy,238
533,ParentOf,base,204,Observable Response Discrepancy,11
534,ParentOf,base,205,Observable Behavioral Discrepancy,11
535,ParentOf,base,208,Observable Timing Discrepancy,11
536,ParentOf,base,209,Generation of Error Message Containing Sensitive Information,256
537,ParentOf,base,210,Self-generated Error Message Containing Sensitive Information,54
538,ParentOf,base,211,Externally-Generated Error Message Containing Sensitive Information,54
539,ParentOf,base,213,Exposure of Sensitive Information Due to Incompatible Policies,119
540,ParentOf,base,214,Invocation of Process Using Visible Sensitive Information,51
541,ParentOf,base,215,Insertion of Sensitive Information Into Debugging Code,119
542,ParentOf,base,22,Improper Limitation of a Pathname to a Restricted Directory ('Path Traversal'),14
543,ParentOf,base,226,Sensitive Information in Resource Not Removed Before Reuse,2
544,ParentOf,base,23,Relative Path Traversal,381
545,ParentOf,base,248,Uncaught Exception,18
546,ParentOf,base,250,Execution with Unnecessary Privileges,9
547,ParentOf,base,252,Unchecked Return Value,150
548,ParentOf,base,253,Incorrect Check of Function Return Value,75
549,ParentOf,base,256,Plaintext Storage of a Password,2
550,ParentOf,base,257,Storing Passwords in a Recoverable Format,2
551,ParentOf,base,260,Password in Configuration File,2
552,ParentOf,base,261,Weak Encoding for Password,2
553,ParentOf,base,266,Incorrect Privilege Assignment,9
554,ParentOf,base,267,Privilege Defined With Unsafe Actions,9
555,ParentOf,base,268,Privilege Chaining,9
556,ParentOf,base,270,Privilege Context Switching Error,9
557,ParentOf,base,273,Improper Check for Dropped Privileges,150
558,ParentOf,base,274,Improper Handling of Insufficient Privileges,27
559,ParentOf,base,280,Improper Handling of Insufficient Permissions or Privileges,18
560,ParentOf,base,288,Authentication Bypass Using an Alternate Path or Channel,11
561,ParentOf,base,290,Authentication Bypass by Spoofing,2
562,ParentOf,base,294,Authentication Bypass by Capture-replay,2
563,ParentOf,base,295,Improper Certificate Validation,4
564,ParentOf,base,296,Improper Following of a Certificate's Chain of Trust,7
565,ParentOf,base,299,Improper Check for Certificate Revocation,7
566,ParentOf,base,306,Missing Authentication for Critical Function,4
567,ParentOf,base,307,Improper Restriction of Excessive Authentication Attempts,2
568,ParentOf,base,322,Key Exchange without Entity Authentication,2
569,ParentOf,base,328,Use of Weak Hash,26
570,ParentOf,base,347,Improper Verification of Cryptographic Signature,76
571,ParentOf,base,348,Use of Less Trusted Source,38
572,ParentOf,base,349,Acceptance of Extraneous Untrusted Data With Trusted Data,38
573,ParentOf,base,351,Insufficient Type Distinction,38
574,ParentOf,base,353,Missing Support for Integrity Check,38
575,ParentOf,base,354,Improper Validation of Integrity Check Value,151
576,ParentOf,base,357,Insufficient UI Warning of Dangerous Operations,2
577,ParentOf,base,358,Improperly Implemented Security Check for Standard,2
578,ParentOf,base,359,Exposure of Private Personal Information to an Unauthorized Actor,119
579,ParentOf,base,36,Absolute Path Traversal,381
580,ParentOf,base,360,Trust of System Event Data,38
581,ParentOf,base,363,Race Condition Enabling Link Following,14
582,ParentOf,base,364,Signal Handler Race Condition,6
583,ParentOf,base,366,Race Condition within a Thread,24
584,ParentOf,base,367,Time-of-check Time-of-use (TOCTOU) Race Condition,12
585,ParentOf,base,368,Context Switching Race Condition,6
586,ParentOf,base,369,Divide By Zero,36
587,ParentOf,base,374,Passing Mutable Objects to an Untrusted Method,14
588,ParentOf,base,375,Returning a Mutable Object to an Untrusted Caller,14
589,ParentOf,base,378,Creation of Temporary File With Insecure Permissions,54
590,ParentOf,base,379,Creation of Temporary File in Directory with Insecure Permissions,54
591,ParentOf,base,390,Detection of Error Condition Without Action,18
592,ParentOf,base,391,Unchecked Error Condition,75
593,ParentOf,base,392,Missing Report of Error Condition,18
594,ParentOf,base,394,Unexpected Status Code or Return Value,75
595,ParentOf,base,395,Use of NullPointerException Catch to Detect NULL Pointer Dereference,18
596,ParentOf,base,396,Declaration of Catch for Generic Exception,18
597,ParentOf,base,408,Incorrect Behavior Order: Early Amplification,2
598,ParentOf,base,412,Unrestricted Externally Accessible Lock,9
599,ParentOf,base,413,Improper Resource Locking,9
600,ParentOf,base,414,Missing Lock Check,9
601,ParentOf,base,421,Race Condition During Access to Alternate Channel,6
602,ParentOf,base,425,Direct Request ('Forced Browsing'),4
603,ParentOf,base,426,Untrusted Search Path,14
604,ParentOf,base,427,Uncontrolled Search Path Element,28
605,ParentOf,base,428,Unquoted Search Path or Element,28
606,ParentOf,base,455,Non-exit on Failed Initialization,32
607,ParentOf,base,460,Improper Cleanup on Thrown Exception,20
608,ParentOf,base,466,Return of Pointer Value Outside of Expected Range,699
609,ParentOf,base,468,Incorrect Pointer Scaling,9
610,ParentOf,base,469,Use of Pointer Subtraction to Determine Size,9
611,ParentOf,base,470,Use of Externally-Controlled Input to Select Classes or Code ('Unsafe Reflection'),646
612,ParentOf,base,472,External Control of Assumed-Immutable Web Parameter,4
613,ParentOf,base,476,NULL Pointer Dereference,150
614,ParentOf,base,480,Use of Incorrect Operator,63
615,ParentOf,base,483,Incorrect Block Delimitation,63
616,ParentOf,base,484,Omitted Break Statement in Switch,63
617,ParentOf,base,488,Exposure of Data Element to Wrong Session,14
618,ParentOf,base,494,Download of Code Without Integrity Check,38
619,ParentOf,base,497,Exposure of Sensitive System Information to an Unauthorized Control Sphere,119
620,ParentOf,base,521,Weak Password Requirements,2
621,ParentOf,base,523,Unprotected Transport of Credentials,2
622,ParentOf,base,524,Use of Cache Containing Sensitive Information,14
623,ParentOf,base,532,Insertion of Sensitive Information into Log File,119
624,ParentOf,base,538,Insertion of Sensitive Information into Externally-Accessible File or Directory,119
625,ParentOf,base,544,Missing Standardized Error Handling Mechanism,18
626,ParentOf,base,549,Missing Password Field Masking,2
627,ParentOf,base,551,Incorrect Behavior Order: Authorization Before Parsing and Canonicalization,5
628,ParentOf,base,552,Files or Directories Accessible to External Parties,29
629,ParentOf,base,567,Unsynchronized Access to Shared Data in a Multithreaded Context,18
630,ParentOf,base,601,URL Redirection to Untrusted Site ('Open Redirect'),2
631,ParentOf,base,606,Unchecked Input for Loop Condition,66
632,ParentOf,base,609,Double-Checked Locking,9
633,ParentOf,base,611,Improper Restriction of XML External Entity Reference,2
634,ParentOf,base,617,Reachable Assertion,126
635,ParentOf,base,624,Executable Regular Expression Error,171
636,ParentOf,base,625,Permissive Regular Expression,2
637,ParentOf,base,639,Authorization Bypass Through User-Controlled Key,15
638,ParentOf,base,640,Weak Password Recovery Mechanism for Forgotten Password,2
639,ParentOf,base,641,Improper Restriction of Names for Files and Other Resources,37
640,ParentOf,base,645,Overly Restrictive Account Lockout Mechanism,2
641,ParentOf,base,648,Incorrect Use of Privileged APIs,9
642,ParentOf,base,649,Reliance on Obfuscation or Encryption of Security-Relevant Inputs without Integrity Checking,38
643,ParentOf,base,654,Reliance on a Single Factor in a Security Decision,2
644,ParentOf,base,663,Use of a Non-reentrant Function in a Concurrent Context,9
645,ParentOf,base,681,Incorrect Conversion between Numeric Types,44
646,ParentOf,base,694,Use of Multiple Resources with Duplicate Identifier,37
647,ParentOf,base,698,Execution After Redirect (EAR),63
648,ParentOf,base,73,External Control of File Name or Path,646
649,ParentOf,base,749,Exposed Dangerous Method or Function,9
650,ParentOf,base,756,Missing Custom Error Page,18
651,ParentOf,base,757,Selection of Less-Secure Algorithm During Negotiation ('Algorithm Downgrade'),2
652,ParentOf,base,76,Improper Neutralization of Equivalent Special Elements,4
653,ParentOf,base,764,Multiple Locks of a Critical Resource,27
654,ParentOf,base,765,Multiple Unlocks of a Critical Resource,9
655,ParentOf,base,767,Access to Critical Private Variable via Public Method,14
656,ParentOf,base,770,Allocation of Resources Without Limits or Throttling,442
657,ParentOf,base,771,Missing Reference to Active Allocated Resource,205
658,ParentOf,base,776,Improper Restriction of Recursive Entity References in DTDs ('XML Entity Expansion'),54
659,ParentOf,base,778,Insufficient Logging,2
660,ParentOf,base,779,Logging of Excessive Data,205
661,ParentOf,base,78,Improper Neutralization of Special Elements used in an OS Command ('OS Command Injection'),201
662,ParentOf,base,783,Operator Precedence Logic Error,63
663,ParentOf,base,786,Access of Memory Location Before Start of Buffer,162
664,ParentOf,base,787,Out-of-bounds Write,216
665,ParentOf,base,788,Access of Memory Location After End of Buffer,162
666,ParentOf,base,79,Improper Neutralization of Input During Web Page Generation ('Cross-site Scripting'),60
667,ParentOf,base,798,Use of Hard-coded Credentials,2
668,ParentOf,base,804,Guessable CAPTCHA,3
669,ParentOf,base,805,Buffer Access with Incorrect Length Value,162
670,ParentOf,base,807,Reliance on Untrusted Inputs in a Security Decision,2
671,ParentOf,base,820,Missing Synchronization,27
672,ParentOf,base,821,Incorrect Synchronization,27
673,ParentOf,base,822,Untrusted Pointer Dereference,162
674,ParentOf,base,823,Use of Out-of-range Pointer Offset,162
675,ParentOf,base,824,Access of Uninitialized Pointer,216
676,ParentOf,base,825,Expired Pointer Dereference,162
677,ParentOf,base,832,Unlock of a Resource that is not Locked,9
678,ParentOf,base,833,Deadlock,18
679,ParentOf,base,838,Inappropriate Encoding for Output Context,34
680,ParentOf,base,843,Access of Resource Using Incompatible Type ('Type Confusion'),44
681,ParentOf,base,88,Improper Neutralization of Argument Delimiters in a Command ('Argument Injection'),201
682,ParentOf,base,89,Improper Neutralization of Special Elements used in an SQL Command ('SQL Injection'),30
683,ParentOf,base,908,Use of Uninitialized Resource,64
684,ParentOf,base,91,XML Injection (aka Blind XPath Injection),60
685,ParentOf,base,914,Improper Control of Dynamically-Identified Variables,37
686,ParentOf,base,916,Use of Password Hash With Insufficient Computational Effort,37
687,ParentOf,base,917,Improper Neutralization of Special Elements used in an Expression Language Statement ('Expression Language Injection'),201
688,ParentOf,base,918,Server-Side Request Forgery (SSRF),1
689,ParentOf,base,920,Improper Restriction of Power Consumption,410
690,ParentOf,base,924,Improper Enforcement of Message Integrity During Transmission in a Communication Channel,76
691,ParentOf,base,93,Improper Neutralization of CRLF Sequences ('CRLF Injection'),30
692,ParentOf,base,939,Improper Authorization in Handler for Custom URL Scheme,2
693,ParentOf,base,94,Improper Control of Generation of Code ('Code Injection'),60
694,ParentOf,base,96,Improper Neutralization of Directives in Statically Saved Code ('Static Code Injection'),50
695,ParentOf,chain,680,Integer Overflow to Buffer Overflow,245
696,ParentOf,chain,690,Unchecked Return Value to NULL Pointer Dereference,8
697,ParentOf,class,1023,Incomplete Comparison with Missing Factors,82
698,ParentOf,class,1039,Automated Recognition Mechanism with Inadequate Detection or Handling of Adversarial Input Perturbations,84
699,ParentOf,class,114,Process Control,683
700,ParentOf,class,119,Improper Restriction of Operations within the Bounds of a Memory Buffer,645
701,ParentOf,class,1263,Improper Physical Access Control,9
702,ParentOf,class,1294,Insecure Security Identifier Mechanism,9
703,ParentOf,class,1390,Weak Authentication,2
704,ParentOf,class,1419,Incorrect Initialization of Resource,32
705,ParentOf,class,185,Incorrect Regular Expression,82
706,ParentOf,class,200,Exposure of Sensitive Information to an Unauthorized Actor,14
707,ParentOf,class,269,Improper Privilege Management,9
708,ParentOf,class,271,Privilege Dropping / Lowering Errors,9
709,ParentOf,class,282,Improper Ownership Management,9
710,ParentOf,class,285,Improper Authorization,18
711,ParentOf,class,286,Incorrect User Management,9
712,ParentOf,class,287,Improper Authentication,18
713,ParentOf,class,311,Missing Encryption of Sensitive Data,2
714,ParentOf,class,326,Inadequate Encryption Strength,2
715,ParentOf,class,327,Use of a Broken or Risky Cryptographic Algorithm,2
716,ParentOf,class,330,Use of Insufficiently Random Values,2
717,ParentOf,class,345,Insufficient Verification of Data Authenticity,2
718,ParentOf,class,346,Origin Validation Error,85
719,ParentOf,class,377,Insecure Temporary File,14
720,ParentOf,class,402,Transmission of Private Resources into a New Sphere ('Resource Leak'),14
721,ParentOf,class,405,Asymmetric Resource Consumption (Amplification),205
722,ParentOf,class,424,Improper Protection of Alternate Path,2
723,ParentOf,class,441,Unintended Proxy or Intermediary ('Confused Deputy'),1
724,ParentOf,class,522,Insufficiently Protected Credentials,16
725,ParentOf,class,602,Client-Side Enforcement of Server-Side Security,2
726,ParentOf,class,636,Not Failing Securely ('Failing Open'),18
727,ParentOf,class,638,Not Using Complete Mediation,2
728,ParentOf,class,642,External Control of Critical State Data,14
729,ParentOf,class,653,Improper Isolation or Compartmentalization,2
730,ParentOf,class,655,Insufficient Psychological Acceptability,2
731,ParentOf,class,656,Reliance on Security Through Obscurity,2
732,ParentOf,class,667,Improper Locking,36
733,ParentOf,class,732,Incorrect Permission Assignment for Critical Resource,15
734,ParentOf,class,75,Failure to Sanitize Special Elements into a Different Plane (Special Element Injection),30
735,ParentOf,class,77,Improper Neutralization of Special Elements used in a Command ('Command Injection'),60
736,ParentOf,class,862,Missing Authorization,10
737,ParentOf,class,863,Incorrect Authorization,10
738,ParentOf,class,909,Missing Initialization of Resource,64
739,ParentOf,class,923,Improper Restriction of Communication Channel to Intended Endpoints,9
740,ParentOf,class,943,Improper Neutralization of Special Elements in Data Query Logic,30
741,ParentOf,class,99,Improper Control of Resource Identifiers ('Resource Injection'),30
742,ParentOf,composite,352,Cross-Site Request Forgery (CSRF),76
743,ParentOf,composite,384,Session Fixation,2
744,ParentOf,composite,689,Permission Race Condition During Resource Copy,6
745,ParentOf,variant,102,Struts: Duplicate Validation Forms,645
746,ParentOf,variant,103,Struts: Incomplete validate() Method Definition,645
747,ParentOf,variant,104,Struts: Form Bean Does Not Extend Validation Class,645
748,ParentOf,variant,105,Struts: Form Field Without Validator,645
749,ParentOf,variant,106,Struts: Plug-in Framework not in Use,645
750,ParentOf,variant,107,Struts: Unused Validation Form,645
751,ParentOf,variant,1077,Floating Point Comparison with Incorrect Operator,82
752,ParentOf,variant,108,Struts: Unvalidated Action Form,645
753,ParentOf,variant,109,Struts: Validator Turned Off,645
754,ParentOf,variant,1096,Singleton Class Instance Creation without Proper Locking or Synchronization,18
755,ParentOf,variant,11,ASP.NET Misconfiguration: Creating Debug Binary,10
756,ParentOf,variant,110,Struts: Validator Without Form Field,645
757,ParentOf,variant,111,Direct Use of Unsafe JNI,645
758,ParentOf,variant,113,Improper Neutralization of CRLF Sequences in HTTP Headers ('HTTP Request/Response Splitting'),646
759,ParentOf,variant,121,Stack-based Buffer Overflow,329
760,ParentOf,variant,122,Heap-based Buffer Overflow,329
761,ParentOf,variant,126,Buffer Over-read,481
762,ParentOf,variant,127,Buffer Under-read,481
763,ParentOf,variant,129,Improper Validation of Array Index,645
764,ParentOf,variant,1321,Improperly Controlled Modification of Object Prototype Attributes ('Prototype Pollution'),2
765,ParentOf,variant,192,Integer Coercion Error,47
766,ParentOf,variant,194,Unexpected Sign Extension,141
767,ParentOf,variant,195,Signed to Unsigned Conversion Error,141
768,ParentOf,variant,196,Unsigned to Signed Conversion Error,141
769,ParentOf,variant,234,Failure to Handle Missing Parameter,6
770,ParentOf,variant,235,Improper Handling of Extra Parameters,6
771,ParentOf,variant,236,Improper Handling of Undefined Parameters,6
772,ParentOf,variant,24,Path Traversal: '../filedir',42
773,ParentOf,variant,25,Path Traversal: '/../filedir',42
774,ParentOf,variant,26,Path Traversal: '/dir/../filename',42
775,ParentOf,variant,27,Path Traversal: 'dir/../../filename',42
776,ParentOf,variant,28,Path Traversal: '..\filedir',42
777,ParentOf,variant,29,Path Traversal: '\..\filename',42
778,ParentOf,variant,291,Reliance on IP Address for Authentication,4
779,ParentOf,variant,297,Improper Validation of Certificate with Host Mismatch,7
780,ParentOf,variant,298,Improper Validation of Certificate Expiration,7
781,ParentOf,variant,30,Path Traversal: '\dir\..\filename',42
782,ParentOf,variant,31,Path Traversal: 'dir\..\..\filename',42
783,ParentOf,variant,313,Cleartext Storage in a File or on Disk,50
784,ParentOf,variant,314,Cleartext Storage in the Registry,50
785,ParentOf,variant,315,Cleartext Storage of Sensitive Information in a Cookie,50
786,ParentOf,variant,316,Cleartext Storage of Sensitive Information in Memory,50
787,ParentOf,variant,317,Cleartext Storage of Sensitive Information in GUI,50
788,ParentOf,variant,318,Cleartext Storage of Sensitive Information in Executable,50
789,ParentOf,variant,32,Path Traversal: '...' (Triple Dot),42
790,ParentOf,variant,33,Path Traversal: '....' (Multiple Dot),42
791,ParentOf,variant,332,Insufficient Entropy in PRNG,1
792,ParentOf,variant,333,Improper Handling of Insufficient Entropy in TRNG,19
793,ParentOf,variant,34,Path Traversal: '....//',42
794,ParentOf,variant,35,Path Traversal: '.../...//',42
795,ParentOf,variant,37,Path Traversal: '/absolute/pathname/here',40
796,ParentOf,variant,38,Path Traversal: '\absolute\pathname\here',40
797,ParentOf,variant,39,Path Traversal: 'C:dirname',40
798,ParentOf,variant,40,Path Traversal: '\\UNC\share\name\' (Windows UNC Share),40
799,ParentOf,variant,456,Missing Initialization of a Variable,64
800,ParentOf,variant,457,Use of Uninitialized Variable,122
801,ParentOf,variant,467,Use of sizeof() on a Pointer Type,80
802,ParentOf,variant,473,PHP External Variable Modification,4
803,ParentOf,variant,491,Public cloneable() Method Without Final ('Object Hijack'),14
804,ParentOf,variant,492,Use of Inner Class Containing Sensitive Data,14
805,ParentOf,variant,493,Critical Public Variable Without Final Modifier,14
806,ParentOf,variant,498,Cloneable Class Containing Sensitive Information,14
807,ParentOf,variant,499,Serializable Class Containing Sensitive Data,14
808,ParentOf,variant,526,Cleartext Storage of Sensitive Information in an Environment Variable,50
809,ParentOf,variant,543,Use of Singleton Pattern Without Synchronization in a Multithreaded Context,18
810,ParentOf,variant,548,Exposure of Information Through Directory Listing,51
811,ParentOf,variant,550,Server-generated Error Message Containing Sensitive Information,54
812,ParentOf,variant,564,SQL Injection: Hibernate,33
813,ParentOf,variant,568,finalize() Method Without super.finalize(),2
814,ParentOf,variant,581,Object Model Violation: Just One of Equals and Hashcode Defined,82
815,ParentOf,variant,582,"Array Declared Public, Final, and Static",14
816,ParentOf,variant,583,finalize() Method Declared Public,14
817,ParentOf,variant,588,Attempt to Access Child of a Non-structure Pointer,22
818,ParentOf,variant,599,Missing Validation of OpenSSL Certificate,7
819,ParentOf,variant,600,Uncaught Exception in Servlet,1
820,ParentOf,variant,607,Public Static Final Field References Mutable Object,4
821,ParentOf,variant,608,Struts: Non-private Field in ActionForm Class,14
822,ParentOf,variant,616,Incomplete Identification of Uploaded File Variables (PHP),38
823,ParentOf,variant,622,Improper Validation of Function Hook Arguments,645
824,ParentOf,variant,644,Improper Neutralization of HTTP Headers for Scripting Syntax,17
825,ParentOf,variant,646,Reliance on File Name or Extension of Externally-Supplied File,38
826,ParentOf,variant,647,Use of Non-Canonical URL Paths for Authorization Decisions,3
827,ParentOf,variant,759,Use of a One-Way Hash without a Salt,12
828,ParentOf,variant,760,Use of a One-Way Hash with a Predictable Salt,12
829,ParentOf,variant,774,Allocation of File Descriptors or Handles Without Limits or Throttling,35
830,ParentOf,variant,780,Use of RSA Algorithm without OAEP,26
831,ParentOf,variant,785,Use of Path Manipulation Function without Maximum-sized Buffer,806
832,ParentOf,variant,789,Memory Allocation with Excessive Size Value,35
833,ParentOf,variant,8,J2EE Misconfiguration: Entity Bean Declared Remote,14
834,ParentOf,variant,80,Improper Neutralization of Script-Related HTML Tags in a Web Page (Basic XSS),119
835,ParentOf,variant,81,Improper Neutralization of Script in an Error Message Web Page,119
836,ParentOf,variant,83,Improper Neutralization of Script in Attributes in a Web Page,119
837,ParentOf,variant,84,Improper Neutralization of Encoded URI Schemes in a Web Page,119
838,ParentOf,variant,85,Doubled Character XSS Manipulations,119
839,ParentOf,variant,86,Improper Neutralization of Invalid Characters in Identifiers in Web Pages,119
840,ParentOf,variant,87,Improper Neutralization of Alternate XSS Syntax,119
841,ParentOf,variant,926,Improper Export of Android Application Components,1
842,ParentOf,variant,927,Use of Implicit Intent for Sensitive Communication,15
843,ParentOf,variant,942,Permissive Cross-domain Policy with Untrusted Domains,3
844,ParentOf,variant,95,Improper Neutralization of Directives in Dynamically Evaluated Code ('Eval Injection'),50
845,PeerOf,base,123,Write-what-where Condition,18
846,PeerOf,base,128,Wrap-around Error,245
847,PeerOf,base,1287,Improper Validation of Specified Type of Input,54
848,PeerOf,base,1295,Debug Messages Revealing Unnecessary Information,54
849,PeerOf,base,1304,Improperly Preserved Integrity of Hardware Configuration State During a Power Save/Restore Operation,38
850,PeerOf,base,1339,Insufficient Precision or Accuracy of a Real Number,245
851,PeerOf,base,273,Improper Check for Dropped Privileges,8
852,PeerOf,base,301,Reflection Attack in an Authentication Protocol,26
853,PeerOf,base,322,Key Exchange without Entity Authentication,7
854,PeerOf,base,351,Insufficient Type Distinction,15
855,PeerOf,base,353,Missing Support for Integrity Check,10
856,PeerOf,base,386,Symbolic Name not Mapping to Correct Object,15
857,PeerOf,base,426,Untrusted Search Path,5
858,PeerOf,base,427,Uncontrolled Search Path Element,10
859,PeerOf,base,428,Unquoted Search Path or Element,10
860,PeerOf,base,430,Deployment of Wrong Handler,15
861,PeerOf,base,502,Deserialization of Untrusted Data,2
862,PeerOf,base,79,Improper Neutralization of Input During Web Page Generation ('Cross-site Scripting'),28
863,PeerOf,base,915,Improperly Controlled Modification of Dynamically-Determined Object Attributes,212
864,PeerOf,base,917,Improper Neutralization of Special Elements used in an Expression Language Statement ('Expression Language Injection'),4
865,PeerOf,class,20,Improper Input Validation,38
866,PeerOf,class,311,Missing Encryption of Sensitive Data,26
867,PeerOf,class,345,Insufficient Verification of Data Authenticity,645
868,PeerOf,class,436,Interpretation Conflict,15
869,PeerOf,class,441,Unintended Proxy or Intermediary ('Confused Deputy'),3
870,PeerOf,class,706,Use of Incorrectly-Resolved Name or Reference,37
871,PeerOf,composite,352,Cross-Site Request Forgery (CSRF),119
872,PeerOf,variant,415,Double Free,24
873,PeerOf,variant,416,Use After Free,18
