,nature,type,id,description,cwe_counts,cwe_id
0,ChildOf,pillar,707,Improper Neutralization,4,20
1,ParentOf,base,179,Incorrect Behavior Order: Early Validation,4,20
2,ParentOf,variant,622,Improper Validation of Function Hook Arguments,4,20
3,ParentOf,base,1173,Improper Use of Validation Framework,4,20
4,ParentOf,base,1284,Improper Validation of Specified Quantity in Input,4,20
5,ParentOf,base,1285,"Improper Validation of Specified Index, Position, or Offset in Input",4,20
6,ParentOf,base,1286,Improper Validation of Syntactic Correctness of Input,4,20
7,ParentOf,base,1287,Improper Validation of Specified Type of Input,4,20
8,ParentOf,base,1288,Improper Validation of Consistency within Input,4,20
9,ParentOf,base,1289,Improper Validation of Unsafe Equivalence in Input,4,20
10,PeerOf,class,345,Insufficient Verification of Data Authenticity,4,20
11,CanPrecede,base,22,Improper Limitation of a Pathname to a Restricted Directory ('Path Traversal'),4,20
12,CanPrecede,base,41,Improper Resolution of Path Equivalence,4,20
13,CanPrecede,class,74,Improper Neutralization of Special Elements in Output Used by a Downstream Component ('Injection'),4,20
14,CanPrecede,class,119,Improper Restriction of Operations within the Bounds of a Memory Buffer,4,20
15,CanPrecede,base,770,Allocation of Resources Without Limits or Throttling,4,20
16,MemberOf,view,1003,Weaknesses for Simplified Mapping of Published Vulnerabilities,4,20
17,ParentOf,variant,129,Improper Validation of Array Index,4,20
18,ParentOf,base,1284,Improper Validation of Specified Quantity in Input,4,20
19,MemberOf,category,1019,Validate Inputs,4,20
20,ParentOf,base,15,External Control of System or Configuration Setting,4,20
21,ParentOf,base,73,External Control of File Name or Path,4,20
22,ParentOf,variant,102,Struts: Duplicate Validation Forms,4,20
23,ParentOf,variant,103,Struts: Incomplete validate() Method Definition,4,20
24,ParentOf,variant,104,Struts: Form Bean Does Not Extend Validation Class,4,20
25,ParentOf,variant,105,Struts: Form Field Without Validator,4,20
26,ParentOf,variant,106,Struts: Plug-in Framework not in Use,4,20
27,ParentOf,variant,107,Struts: Unused Validation Form,4,20
28,ParentOf,variant,108,Struts: Unvalidated Action Form,4,20
29,ParentOf,variant,109,Struts: Validator Turned Off,4,20
30,ParentOf,variant,110,Struts: Validator Without Form Field,4,20
31,ParentOf,variant,111,Direct Use of Unsafe JNI,4,20
32,ParentOf,base,112,Missing XML Validation,4,20
33,ParentOf,variant,113,Improper Neutralization of CRLF Sequences in HTTP Headers ('HTTP Request/Response Splitting'),4,20
34,ParentOf,class,114,Process Control,4,20
35,ParentOf,base,117,Improper Output Neutralization for Logs,4,20
36,ParentOf,class,119,Improper Restriction of Operations within the Bounds of a Memory Buffer,4,20
37,ParentOf,base,120,Buffer Copy without Checking Size of Input ('Classic Buffer Overflow'),4,20
38,ParentOf,base,134,Use of Externally-Controlled Format String,4,20
39,ParentOf,base,170,Improper Null Termination,4,20
40,ParentOf,base,190,Integer Overflow or Wraparound,4,20
41,ParentOf,base,466,Return of Pointer Value Outside of Expected Range,4,20
42,ParentOf,base,470,Use of Externally-Controlled Input to Select Classes or Code ('Unsafe Reflection'),4,20
43,ParentOf,variant,785,Use of Path Manipulation Function without Maximum-sized Buffer,4,20
44,MemberOf,view,635,Weaknesses Originally Used by NVD from 2008 to 2016,4,20
45,MemberOf,category,722,OWASP Top Ten 2004 Category A1 - Unvalidated Input,4,20
46,MemberOf,category,738,CERT C Secure Coding Standard (2008) Chapter 5 - Integers (INT),4,20
47,MemberOf,category,742,CERT C Secure Coding Standard (2008) Chapter 9 - Memory Management (MEM),4,20
48,MemberOf,category,746,CERT C Secure Coding Standard (2008) Chapter 13 - Error Handling (ERR),4,20
49,MemberOf,category,747,CERT C Secure Coding Standard (2008) Chapter 14 - Miscellaneous (MSC),4,20
50,MemberOf,category,751,2009 Top 25 - Insecure Interaction Between Components,4,20
51,MemberOf,category,872,CERT C++ Secure Coding Section 04 - Integers (INT),4,20
52,MemberOf,category,876,CERT C++ Secure Coding Section 08 - Memory Management (MEM),4,20
53,MemberOf,category,883,CERT C++ Secure Coding Section 49 - Miscellaneous (MSC),4,20
54,MemberOf,category,994,SFP Secondary Cluster: Tainted Input to Variable,4,20
55,MemberOf,category,1005,7PK - Input Validation and Representation,4,20
56,MemberOf,category,1163,SEI CERT C Coding Standard - Guidelines 09. Input Output (FIO),4,20
57,MemberOf,view,1200,Weaknesses in the 2019 CWE Top 25 Most Dangerous Software Errors,4,20
58,MemberOf,view,1337,Weaknesses in the 2021 CWE Top 25 Most Dangerous Software Weaknesses,4,20
59,MemberOf,category,1347,OWASP Top Ten 2021 Category A03:2021 - Injection,4,20
60,MemberOf,view,1350,Weaknesses in the 2020 CWE Top 25 Most Dangerous Software Weaknesses,4,20
61,MemberOf,category,1382,ICS Operations (& Maintenance): Emerging Energy Technologies,4,20
62,MemberOf,view,1387,Weaknesses in the 2022 CWE Top 25 Most Dangerous Software Weaknesses,4,20
63,MemberOf,category,1406,Comprehensive Categorization: Improper Input Validation,4,20
64,MemberOf,view,1425,Weaknesses in the 2023 CWE Top 25 Most Dangerous Software Weaknesses,4,20
65,MemberOf,view,1430,Weaknesses in the 2024 CWE Top 25 Most Dangerous Software Weaknesses,4,20
66,MemberOf,view,1435,Weaknesses in the 2025 CWE Top 25 Most Dangerous Software Weaknesses,4,20
67,MemberOf,category,1440,OWASP Top Ten 2025 Category A05:2025 - Injection,4,20
68,Self,class,20,,4,20
0,ChildOf,pillar,707,Improper Neutralization,34,20
1,ParentOf,base,179,Incorrect Behavior Order: Early Validation,34,20
2,ParentOf,variant,622,Improper Validation of Function Hook Arguments,34,20
3,ParentOf,base,1173,Improper Use of Validation Framework,34,20
4,ParentOf,base,1284,Improper Validation of Specified Quantity in Input,34,20
5,ParentOf,base,1285,"Improper Validation of Specified Index, Position, or Offset in Input",34,20
6,ParentOf,base,1286,Improper Validation of Syntactic Correctness of Input,34,20
7,ParentOf,base,1287,Improper Validation of Specified Type of Input,34,20
8,ParentOf,base,1288,Improper Validation of Consistency within Input,34,20
9,ParentOf,base,1289,Improper Validation of Unsafe Equivalence in Input,34,20
10,PeerOf,class,345,Insufficient Verification of Data Authenticity,34,20
11,CanPrecede,base,22,Improper Limitation of a Pathname to a Restricted Directory ('Path Traversal'),34,20
12,CanPrecede,base,41,Improper Resolution of Path Equivalence,34,20
13,CanPrecede,class,74,Improper Neutralization of Special Elements in Output Used by a Downstream Component ('Injection'),34,20
14,CanPrecede,class,119,Improper Restriction of Operations within the Bounds of a Memory Buffer,34,20
15,CanPrecede,base,770,Allocation of Resources Without Limits or Throttling,34,20
16,MemberOf,view,1003,Weaknesses for Simplified Mapping of Published Vulnerabilities,34,20
17,ParentOf,variant,129,Improper Validation of Array Index,34,20
18,ParentOf,base,1284,Improper Validation of Specified Quantity in Input,34,20
19,MemberOf,category,1019,Validate Inputs,34,20
20,ParentOf,base,15,External Control of System or Configuration Setting,34,20
21,ParentOf,base,73,External Control of File Name or Path,34,20
22,ParentOf,variant,102,Struts: Duplicate Validation Forms,34,20
23,ParentOf,variant,103,Struts: Incomplete validate() Method Definition,34,20
24,ParentOf,variant,104,Struts: Form Bean Does Not Extend Validation Class,34,20
25,ParentOf,variant,105,Struts: Form Field Without Validator,34,20
26,ParentOf,variant,106,Struts: Plug-in Framework not in Use,34,20
27,ParentOf,variant,107,Struts: Unused Validation Form,34,20
28,ParentOf,variant,108,Struts: Unvalidated Action Form,34,20
29,ParentOf,variant,109,Struts: Validator Turned Off,34,20
30,ParentOf,variant,110,Struts: Validator Without Form Field,34,20
31,ParentOf,variant,111,Direct Use of Unsafe JNI,34,20
32,ParentOf,base,112,Missing XML Validation,34,20
33,ParentOf,variant,113,Improper Neutralization of CRLF Sequences in HTTP Headers ('HTTP Request/Response Splitting'),34,20
34,ParentOf,class,114,Process Control,34,20
35,ParentOf,base,117,Improper Output Neutralization for Logs,34,20
36,ParentOf,class,119,Improper Restriction of Operations within the Bounds of a Memory Buffer,34,20
37,ParentOf,base,120,Buffer Copy without Checking Size of Input ('Classic Buffer Overflow'),34,20
38,ParentOf,base,134,Use of Externally-Controlled Format String,34,20
39,ParentOf,base,170,Improper Null Termination,34,20
40,ParentOf,base,190,Integer Overflow or Wraparound,34,20
41,ParentOf,base,466,Return of Pointer Value Outside of Expected Range,34,20
42,ParentOf,base,470,Use of Externally-Controlled Input to Select Classes or Code ('Unsafe Reflection'),34,20
43,ParentOf,variant,785,Use of Path Manipulation Function without Maximum-sized Buffer,34,20
44,MemberOf,view,635,Weaknesses Originally Used by NVD from 2008 to 2016,34,20
45,MemberOf,category,722,OWASP Top Ten 2004 Category A1 - Unvalidated Input,34,20
46,MemberOf,category,738,CERT C Secure Coding Standard (2008) Chapter 5 - Integers (INT),34,20
47,MemberOf,category,742,CERT C Secure Coding Standard (2008) Chapter 9 - Memory Management (MEM),34,20
48,MemberOf,category,746,CERT C Secure Coding Standard (2008) Chapter 13 - Error Handling (ERR),34,20
49,MemberOf,category,747,CERT C Secure Coding Standard (2008) Chapter 14 - Miscellaneous (MSC),34,20
50,MemberOf,category,751,2009 Top 25 - Insecure Interaction Between Components,34,20
51,MemberOf,category,872,CERT C++ Secure Coding Section 04 - Integers (INT),34,20
52,MemberOf,category,876,CERT C++ Secure Coding Section 08 - Memory Management (MEM),34,20
53,MemberOf,category,883,CERT C++ Secure Coding Section 49 - Miscellaneous (MSC),34,20
54,MemberOf,category,994,SFP Secondary Cluster: Tainted Input to Variable,34,20
55,MemberOf,category,1005,7PK - Input Validation and Representation,34,20
56,MemberOf,category,1163,SEI CERT C Coding Standard - Guidelines 09. Input Output (FIO),34,20
57,MemberOf,view,1200,Weaknesses in the 2019 CWE Top 25 Most Dangerous Software Errors,34,20
58,MemberOf,view,1337,Weaknesses in the 2021 CWE Top 25 Most Dangerous Software Weaknesses,34,20
59,MemberOf,category,1347,OWASP Top Ten 2021 Category A03:2021 - Injection,34,20
60,MemberOf,view,1350,Weaknesses in the 2020 CWE Top 25 Most Dangerous Software Weaknesses,34,20
61,MemberOf,category,1382,ICS Operations (& Maintenance): Emerging Energy Technologies,34,20
62,MemberOf,view,1387,Weaknesses in the 2022 CWE Top 25 Most Dangerous Software Weaknesses,34,20
63,MemberOf,category,1406,Comprehensive Categorization: Improper Input Validation,34,20
64,MemberOf,view,1425,Weaknesses in the 2023 CWE Top 25 Most Dangerous Software Weaknesses,34,20
65,MemberOf,view,1430,Weaknesses in the 2024 CWE Top 25 Most Dangerous Software Weaknesses,34,20
66,MemberOf,view,1435,Weaknesses in the 2025 CWE Top 25 Most Dangerous Software Weaknesses,34,20
67,MemberOf,category,1440,OWASP Top Ten 2025 Category A05:2025 - Injection,34,20
68,Self,class,20,,34,20
0,ChildOf,class,732,Incorrect Permission Assignment for Critical Resource,2,1004
1,MemberOf,category,1349,OWASP Top Ten 2021 Category A05:2021 - Security Misconfiguration,2,1004
2,MemberOf,category,1396,Comprehensive Categorization: Access Control,2,1004
3,MemberOf,category,1437,OWASP Top Ten 2025 Category A02:2025 - Security Misconfiguration,2,1004
4,Self,variant,1004,,2,1004
0,ChildOf,class,668,Exposure of Resource to Wrong Sphere,59,200
1,ParentOf,base,201,Insertion of Sensitive Information Into Sent Data,59,200
2,ParentOf,base,203,Observable Discrepancy,59,200
3,ParentOf,base,209,Generation of Error Message Containing Sensitive Information,59,200
4,ParentOf,base,213,Exposure of Sensitive Information Due to Incompatible Policies,59,200
5,ParentOf,base,215,Insertion of Sensitive Information Into Debugging Code,59,200
6,ParentOf,base,359,Exposure of Private Personal Information to an Unauthorized Actor,59,200
7,ParentOf,base,497,Exposure of Sensitive System Information to an Unauthorized Control Sphere,59,200
8,ParentOf,base,538,Insertion of Sensitive Information into Externally-Accessible File or Directory,59,200
9,ParentOf,base,1273,Device Unlock Credential Sharing,59,200
10,ParentOf,base,1295,Debug Messages Revealing Unnecessary Information,59,200
11,ParentOf,base,1431,Driving Intermediate Cryptographic State/Results to Hardware Module Outputs,59,200
12,CanFollow,variant,498,Cloneable Class Containing Sensitive Information,59,200
13,CanFollow,variant,499,Serializable Class Containing Sensitive Data,59,200
14,CanFollow,base,1272,Sensitive Information Uncleared Before Debug/Power State Transition,59,200
15,MemberOf,view,1003,Weaknesses for Simplified Mapping of Published Vulnerabilities,59,200
16,ParentOf,base,203,Observable Discrepancy,59,200
17,ParentOf,base,209,Generation of Error Message Containing Sensitive Information,59,200
18,ParentOf,base,532,Insertion of Sensitive Information into Log File,59,200
19,MemberOf,view,635,Weaknesses Originally Used by NVD from 2008 to 2016,59,200
20,MemberOf,category,717,OWASP Top Ten 2007 Category A6 - Information Leakage and Improper Error Handling,59,200
21,MemberOf,category,963,SFP Secondary Cluster: Exposed Data,59,200
22,MemberOf,view,1200,Weaknesses in the 2019 CWE Top 25 Most Dangerous Software Errors,59,200
23,MemberOf,view,1337,Weaknesses in the 2021 CWE Top 25 Most Dangerous Software Weaknesses,59,200
24,MemberOf,category,1345,OWASP Top Ten 2021 Category A01:2021 - Broken Access Control,59,200
25,MemberOf,view,1350,Weaknesses in the 2020 CWE Top 25 Most Dangerous Software Weaknesses,59,200
26,MemberOf,category,1417,Comprehensive Categorization: Sensitive Information Exposure,59,200
27,MemberOf,view,1430,Weaknesses in the 2024 CWE Top 25 Most Dangerous Software Weaknesses,59,200
28,MemberOf,view,1435,Weaknesses in the 2025 CWE Top 25 Most Dangerous Software Weaknesses,59,200
29,MemberOf,category,1436,OWASP Top Ten 2025 Category A01:2025 - Broken Access Control,59,200
30,Self,class,200,,59,200
0,ChildOf,class,200,Exposure of Sensitive Information to an Unauthorized Actor,88,209
1,ChildOf,class,755,Improper Handling of Exceptional Conditions,88,209
2,ParentOf,base,210,Self-generated Error Message Containing Sensitive Information,88,209
3,ParentOf,base,211,Externally-Generated Error Message Containing Sensitive Information,88,209
4,ParentOf,variant,550,Server-generated Error Message Containing Sensitive Information,88,209
5,PeerOf,base,1295,Debug Messages Revealing Unnecessary Information,88,209
6,CanFollow,variant,600,Uncaught Exception in Servlet,88,209
7,CanFollow,base,756,Missing Custom Error Page,88,209
8,MemberOf,category,199,Information Management Errors,88,209
9,MemberOf,category,389,"Error Conditions, Return Values, Status Codes",88,209
10,ChildOf,class,200,Exposure of Sensitive Information to an Unauthorized Actor,88,209
11,MemberOf,category,1015,Limit Access,88,209
12,MemberOf,category,717,OWASP Top Ten 2007 Category A6 - Information Leakage and Improper Error Handling,88,209
13,MemberOf,category,728,OWASP Top Ten 2004 Category A7 - Improper Error Handling,88,209
14,MemberOf,category,731,OWASP Top Ten 2004 Category A10 - Insecure Configuration Management,88,209
15,MemberOf,category,751,2009 Top 25 - Insecure Interaction Between Components,88,209
16,MemberOf,category,801,2010 Top 25 - Insecure Interaction Between Components,88,209
17,MemberOf,category,815,OWASP Top Ten 2010 Category A6 - Security Misconfiguration,88,209
18,MemberOf,category,851,The CERT Oracle Secure Coding Standard for Java (2011) Chapter 8 - Exceptional Behavior (ERR),88,209
19,MemberOf,category,867,2011 Top 25 - Weaknesses On the Cusp,88,209
20,MemberOf,category,880,CERT C++ Secure Coding Section 12 - Exceptions and Error Handling (ERR),88,209
21,MemberOf,view,884,CWE Cross-section,88,209
22,MemberOf,category,933,OWASP Top Ten 2013 Category A5 - Security Misconfiguration,88,209
23,MemberOf,category,963,SFP Secondary Cluster: Exposed Data,88,209
24,MemberOf,category,1032,OWASP Top Ten 2017 Category A6 - Security Misconfiguration,88,209
25,MemberOf,category,1348,OWASP Top Ten 2021 Category A04:2021 - Insecure Design,88,209
26,MemberOf,category,1417,Comprehensive Categorization: Sensitive Information Exposure,88,209
27,MemberOf,category,1445,OWASP Top Ten 2025 Category A10:2025 - Mishandling of Exceptional Conditions,88,209
28,Self,base,209,,88,209
0,ChildOf,class,200,Exposure of Sensitive Information to an Unauthorized Actor,88,497
1,ParentOf,base,214,Invocation of Process Using Visible Sensitive Information,88,497
2,ParentOf,variant,548,Exposure of Information Through Directory Listing,88,497
3,PeerOf,base,1431,Driving Intermediate Cryptographic State/Results to Hardware Module Outputs,88,497
4,MemberOf,category,199,Information Management Errors,88,497
5,MemberOf,category,485,7PK - Encapsulation,88,497
6,MemberOf,category,851,The CERT Oracle Secure Coding Standard for Java (2011) Chapter 8 - Exceptional Behavior (ERR),88,497
7,MemberOf,category,880,CERT C++ Secure Coding Section 12 - Exceptions and Error Handling (ERR),88,497
8,MemberOf,category,963,SFP Secondary Cluster: Exposed Data,88,497
9,MemberOf,category,1345,OWASP Top Ten 2021 Category A01:2021 - Broken Access Control,88,497
10,MemberOf,category,1417,Comprehensive Categorization: Sensitive Information Exposure,88,497
11,MemberOf,category,1436,OWASP Top Ten 2025 Category A01:2025 - Broken Access Control,88,497
12,Self,base,497,,88,497
0,ChildOf,class,610,Externally Controlled Reference to a Resource in Another Sphere,14,601
1,MemberOf,category,19,Data Processing Errors,14,601
2,ChildOf,class,610,Externally Controlled Reference to a Resource in Another Sphere,14,601
3,MemberOf,category,1019,Validate Inputs,14,601
4,MemberOf,category,722,OWASP Top Ten 2004 Category A1 - Unvalidated Input,14,601
5,MemberOf,category,801,2010 Top 25 - Insecure Interaction Between Components,14,601
6,MemberOf,category,819,OWASP Top Ten 2010 Category A10 - Unvalidated Redirects and Forwards,14,601
7,MemberOf,category,864,2011 Top 25 - Insecure Interaction Between Components,14,601
8,MemberOf,view,884,CWE Cross-section,14,601
9,MemberOf,category,938,OWASP Top Ten 2013 Category A10 - Unvalidated Redirects and Forwards,14,601
10,MemberOf,category,990,SFP Secondary Cluster: Tainted Input to Command,14,601
11,MemberOf,category,1345,OWASP Top Ten 2021 Category A01:2021 - Broken Access Control,14,601
12,MemberOf,category,1382,ICS Operations (& Maintenance): Emerging Energy Technologies,14,601
13,MemberOf,category,1396,Comprehensive Categorization: Access Control,14,601
14,MemberOf,category,1436,OWASP Top Ten 2025 Category A01:2025 - Broken Access Control,14,601
15,Self,base,601,,14,601
0,ChildOf,base,319,Cleartext Transmission of Sensitive Information,2,614
1,MemberOf,category,966,SFP Secondary Cluster: Other Exposures,2,614
2,MemberOf,category,1349,OWASP Top Ten 2021 Category A05:2021 - Security Misconfiguration,2,614
3,MemberOf,category,1402,Comprehensive Categorization: Encryption,2,614
4,MemberOf,category,1437,OWASP Top Ten 2025 Category A02:2025 - Security Misconfiguration,2,614
5,Self,variant,614,,2,614
0,ChildOf,pillar,707,Improper Neutralization,8,74
1,ParentOf,class,75,Failure to Sanitize Special Elements into a Different Plane (Special Element Injection),8,74
2,ParentOf,class,77,Improper Neutralization of Special Elements used in a Command ('Command Injection'),8,74
3,ParentOf,base,79,Improper Neutralization of Input During Web Page Generation ('Cross-site Scripting'),8,74
4,ParentOf,base,91,XML Injection (aka Blind XPath Injection),8,74
5,ParentOf,base,93,Improper Neutralization of CRLF Sequences ('CRLF Injection'),8,74
6,ParentOf,base,94,Improper Control of Generation of Code ('Code Injection'),8,74
7,ParentOf,class,99,Improper Control of Resource Identifiers ('Resource Injection'),8,74
8,ParentOf,class,943,Improper Neutralization of Special Elements in Data Query Logic,8,74
9,ParentOf,base,1236,Improper Neutralization of Formula Elements in a CSV File,8,74
10,CanFollow,class,20,Improper Input Validation,8,74
11,CanFollow,class,116,Improper Encoding or Escaping of Output,8,74
12,MemberOf,view,1003,Weaknesses for Simplified Mapping of Published Vulnerabilities,8,74
13,ParentOf,class,77,Improper Neutralization of Special Elements used in a Command ('Command Injection'),8,74
14,ParentOf,base,78,Improper Neutralization of Special Elements used in an OS Command ('OS Command Injection'),8,74
15,ParentOf,base,79,Improper Neutralization of Input During Web Page Generation ('Cross-site Scripting'),8,74
16,ParentOf,base,88,Improper Neutralization of Argument Delimiters in a Command ('Argument Injection'),8,74
17,ParentOf,base,89,Improper Neutralization of Special Elements used in an SQL Command ('SQL Injection'),8,74
18,ParentOf,base,91,XML Injection (aka Blind XPath Injection),8,74
19,ParentOf,base,94,Improper Control of Generation of Code ('Code Injection'),8,74
20,ParentOf,base,917,Improper Neutralization of Special Elements used in an Expression Language Statement ('Expression Language Injection'),8,74
21,ParentOf,base,1236,Improper Neutralization of Formula Elements in a CSV File,8,74
22,MemberOf,category,1019,Validate Inputs,8,74
23,MemberOf,category,727,OWASP Top Ten 2004 Category A6 - Injection Flaws,8,74
24,MemberOf,category,929,OWASP Top Ten 2013 Category A1 - Injection,8,74
25,MemberOf,category,990,SFP Secondary Cluster: Tainted Input to Command,8,74
26,MemberOf,category,1347,OWASP Top Ten 2021 Category A03:2021 - Injection,8,74
27,MemberOf,category,1409,Comprehensive Categorization: Injection,8,74
28,MemberOf,category,1440,OWASP Top Ten 2025 Category A05:2025 - Injection,8,74
29,Self,class,74,,8,74
0,ChildOf,class,77,Improper Neutralization of Special Elements used in a Command ('Command Injection'),300,78
1,CanFollow,base,184,Incomplete List of Disallowed Inputs,300,78
2,MemberOf,category,137,Data Neutralization Issues,300,78
3,ChildOf,class,74,Improper Neutralization of Special Elements in Output Used by a Downstream Component ('Injection'),300,78
4,MemberOf,category,1019,Validate Inputs,300,78
5,ChildOf,class,77,Improper Neutralization of Special Elements used in a Command ('Command Injection'),300,78
6,ChildOf,class,77,Improper Neutralization of Special Elements used in a Command ('Command Injection'),300,78
7,MemberOf,view,635,Weaknesses Originally Used by NVD from 2008 to 2016,300,78
8,MemberOf,category,714,OWASP Top Ten 2007 Category A3 - Malicious File Execution,300,78
9,MemberOf,category,727,OWASP Top Ten 2004 Category A6 - Injection Flaws,300,78
10,MemberOf,category,741,CERT C Secure Coding Standard (2008) Chapter 8 - Characters and Strings (STR),300,78
11,MemberOf,category,744,CERT C Secure Coding Standard (2008) Chapter 11 - Environment (ENV),300,78
12,MemberOf,category,751,2009 Top 25 - Insecure Interaction Between Components,300,78
13,MemberOf,category,801,2010 Top 25 - Insecure Interaction Between Components,300,78
14,MemberOf,category,810,OWASP Top Ten 2010 Category A1 - Injection,300,78
15,MemberOf,category,845,The CERT Oracle Secure Coding Standard for Java (2011) Chapter 2 - Input Validation and Data Sanitization (IDS),300,78
16,MemberOf,category,864,2011 Top 25 - Insecure Interaction Between Components,300,78
17,MemberOf,category,875,CERT C++ Secure Coding Section 07 - Characters and Strings (STR),300,78
18,MemberOf,category,878,CERT C++ Secure Coding Section 10 - Environment (ENV),300,78
19,MemberOf,view,884,CWE Cross-section,300,78
20,MemberOf,category,929,OWASP Top Ten 2013 Category A1 - Injection,300,78
21,MemberOf,category,990,SFP Secondary Cluster: Tainted Input to Command,300,78
22,MemberOf,category,1027,OWASP Top Ten 2017 Category A1 - Injection,300,78
23,MemberOf,category,1131,CISQ Quality Measures (2016) - Security,300,78
24,MemberOf,category,1134,SEI CERT Oracle Secure Coding Standard for Java - Guidelines 00. Input Validation and Data Sanitization (IDS),300,78
25,MemberOf,category,1165,SEI CERT C Coding Standard - Guidelines 10. Environment (ENV),300,78
26,MemberOf,view,1200,Weaknesses in the 2019 CWE Top 25 Most Dangerous Software Errors,300,78
27,MemberOf,view,1337,Weaknesses in the 2021 CWE Top 25 Most Dangerous Software Weaknesses,300,78
28,MemberOf,category,1347,OWASP Top Ten 2021 Category A03:2021 - Injection,300,78
29,MemberOf,view,1350,Weaknesses in the 2020 CWE Top 25 Most Dangerous Software Weaknesses,300,78
30,MemberOf,view,1387,Weaknesses in the 2022 CWE Top 25 Most Dangerous Software Weaknesses,300,78
31,MemberOf,category,1409,Comprehensive Categorization: Injection,300,78
32,MemberOf,view,1425,Weaknesses in the 2023 CWE Top 25 Most Dangerous Software Weaknesses,300,78
33,MemberOf,view,1430,Weaknesses in the 2024 CWE Top 25 Most Dangerous Software Weaknesses,300,78
34,MemberOf,view,1435,Weaknesses in the 2025 CWE Top 25 Most Dangerous Software Weaknesses,300,78
35,MemberOf,category,1440,OWASP Top Ten 2025 Category A05:2025 - Injection,300,78
36,MemberOf,category,1447,General Software Weaknesses that Appear in Products that Use or Support AI/ML Technology,300,78
37,Self,base,78,,300,78
0,ChildOf,class,77,Improper Neutralization of Special Elements used in a Command ('Command Injection'),300,88
1,MemberOf,category,137,Data Neutralization Issues,300,88
2,ChildOf,class,74,Improper Neutralization of Special Elements in Output Used by a Downstream Component ('Injection'),300,88
3,MemberOf,category,1019,Validate Inputs,300,88
4,ChildOf,class,77,Improper Neutralization of Special Elements used in a Command ('Command Injection'),300,88
5,ChildOf,class,77,Improper Neutralization of Special Elements used in a Command ('Command Injection'),300,88
6,MemberOf,category,741,CERT C Secure Coding Standard (2008) Chapter 8 - Characters and Strings (STR),300,88
7,MemberOf,category,744,CERT C Secure Coding Standard (2008) Chapter 11 - Environment (ENV),300,88
8,MemberOf,category,810,OWASP Top Ten 2010 Category A1 - Injection,300,88
9,MemberOf,category,875,CERT C++ Secure Coding Section 07 - Characters and Strings (STR),300,88
10,MemberOf,category,878,CERT C++ Secure Coding Section 10 - Environment (ENV),300,88
11,MemberOf,view,884,CWE Cross-section,300,88
12,MemberOf,category,929,OWASP Top Ten 2013 Category A1 - Injection,300,88
13,MemberOf,category,990,SFP Secondary Cluster: Tainted Input to Command,300,88
14,MemberOf,category,1027,OWASP Top Ten 2017 Category A1 - Injection,300,88
15,MemberOf,category,1165,SEI CERT C Coding Standard - Guidelines 10. Environment (ENV),300,88
16,MemberOf,category,1347,OWASP Top Ten 2021 Category A03:2021 - Injection,300,88
17,MemberOf,category,1409,Comprehensive Categorization: Injection,300,88
18,MemberOf,category,1440,OWASP Top Ten 2025 Category A05:2025 - Injection,300,88
19,Self,base,88,,300,88
0,ChildOf,class,74,Improper Neutralization of Special Elements in Output Used by a Downstream Component ('Injection'),132,94
1,ChildOf,class,913,Improper Control of Dynamically-Managed Code Resources,132,94
2,ParentOf,variant,95,Improper Neutralization of Directives in Dynamically Evaluated Code ('Eval Injection'),132,94
3,ParentOf,base,96,Improper Neutralization of Directives in Statically Saved Code ('Static Code Injection'),132,94
4,ParentOf,base,1336,Improper Neutralization of Special Elements Used in a Template Engine,132,94
5,CanFollow,variant,98,Improper Control of Filename for Include/Require Statement in PHP Program ('PHP Remote File Inclusion'),132,94
6,MemberOf,category,137,Data Neutralization Issues,132,94
7,ChildOf,class,74,Improper Neutralization of Special Elements in Output Used by a Downstream Component ('Injection'),132,94
8,MemberOf,category,1019,Validate Inputs,132,94
9,MemberOf,view,635,Weaknesses Originally Used by NVD from 2008 to 2016,132,94
10,MemberOf,category,752,2009 Top 25 - Risky Resource Management,132,94
11,MemberOf,view,884,CWE Cross-section,132,94
12,MemberOf,category,991,SFP Secondary Cluster: Tainted Input to Environment,132,94
13,MemberOf,view,1200,Weaknesses in the 2019 CWE Top 25 Most Dangerous Software Errors,132,94
14,MemberOf,category,1347,OWASP Top Ten 2021 Category A03:2021 - Injection,132,94
15,MemberOf,view,1350,Weaknesses in the 2020 CWE Top 25 Most Dangerous Software Weaknesses,132,94
16,MemberOf,view,1387,Weaknesses in the 2022 CWE Top 25 Most Dangerous Software Weaknesses,132,94
17,MemberOf,category,1409,Comprehensive Categorization: Injection,132,94
18,MemberOf,view,1425,Weaknesses in the 2023 CWE Top 25 Most Dangerous Software Weaknesses,132,94
19,MemberOf,view,1430,Weaknesses in the 2024 CWE Top 25 Most Dangerous Software Weaknesses,132,94
20,MemberOf,view,1435,Weaknesses in the 2025 CWE Top 25 Most Dangerous Software Weaknesses,132,94
21,MemberOf,category,1440,OWASP Top Ten 2025 Category A05:2025 - Injection,132,94
22,MemberOf,category,1447,General Software Weaknesses that Appear in Products that Use or Support AI/ML Technology,132,94
23,Self,base,94,,132,94
0,ChildOf,base,94,Improper Control of Generation of Code ('Code Injection'),132,95
1,MemberOf,category,1019,Validate Inputs,132,95
2,MemberOf,category,714,OWASP Top Ten 2007 Category A3 - Malicious File Execution,132,95
3,MemberOf,category,727,OWASP Top Ten 2004 Category A6 - Injection Flaws,132,95
4,MemberOf,view,884,CWE Cross-section,132,95
5,MemberOf,category,990,SFP Secondary Cluster: Tainted Input to Command,132,95
6,MemberOf,category,1179,SEI CERT Perl Coding Standard - Guidelines 01. Input Validation and Data Sanitization (IDS),132,95
7,MemberOf,category,1347,OWASP Top Ten 2021 Category A03:2021 - Injection,132,95
8,MemberOf,category,1409,Comprehensive Categorization: Injection,132,95
9,MemberOf,category,1440,OWASP Top Ten 2025 Category A05:2025 - Injection,132,95
10,MemberOf,category,1447,General Software Weaknesses that Appear in Products that Use or Support AI/ML Technology,132,95
11,Self,variant,95,,132,95
0,ChildOf,pillar,707,Improper Neutralization,132,116
1,ParentOf,base,117,Improper Output Neutralization for Logs,132,116
2,ParentOf,variant,644,Improper Neutralization of HTTP Headers for Scripting Syntax,132,116
3,ParentOf,base,838,Inappropriate Encoding for Output Context,132,116
4,CanPrecede,class,74,Improper Neutralization of Special Elements in Output Used by a Downstream Component ('Injection'),132,116
5,MemberOf,view,1003,Weaknesses for Simplified Mapping of Published Vulnerabilities,132,116
6,ParentOf,base,838,Inappropriate Encoding for Output Context,132,116
7,MemberOf,category,751,2009 Top 25 - Insecure Interaction Between Components,132,116
8,MemberOf,category,845,The CERT Oracle Secure Coding Standard for Java (2011) Chapter 2 - Input Validation and Data Sanitization (IDS),132,116
9,MemberOf,category,883,CERT C++ Secure Coding Section 49 - Miscellaneous (MSC),132,116
10,MemberOf,category,992,SFP Secondary Cluster: Faulty Input Transformation,132,116
11,MemberOf,category,1134,SEI CERT Oracle Secure Coding Standard for Java - Guidelines 00. Input Validation and Data Sanitization (IDS),132,116
12,MemberOf,category,1179,SEI CERT Perl Coding Standard - Guidelines 01. Input Validation and Data Sanitization (IDS),132,116
13,MemberOf,category,1347,OWASP Top Ten 2021 Category A03:2021 - Injection,132,116
14,MemberOf,category,1407,Comprehensive Categorization: Improper Neutralization,132,116
15,MemberOf,category,1440,OWASP Top Ten 2025 Category A05:2025 - Injection,132,116
16,MemberOf,category,1447,General Software Weaknesses that Appear in Products that Use or Support AI/ML Technology,132,116
17,Self,class,116,,132,116
0,ChildOf,class,913,Improper Control of Dynamically-Managed Code Resources,696,502
1,PeerOf,base,915,Improperly Controlled Modification of Dynamically-Determined Object Attributes,696,502
2,MemberOf,category,399,Resource Management Errors,696,502
3,ChildOf,class,913,Improper Control of Dynamically-Managed Code Resources,696,502
4,MemberOf,category,1019,Validate Inputs,696,502
5,MemberOf,category,858,The CERT Oracle Secure Coding Standard for Java (2011) Chapter 15 - Serialization (SER),696,502
6,MemberOf,view,884,CWE Cross-section,696,502
7,MemberOf,category,994,SFP Secondary Cluster: Tainted Input to Variable,696,502
8,MemberOf,category,1034,OWASP Top Ten 2017 Category A8 - Insecure Deserialization,696,502
9,MemberOf,category,1148,SEI CERT Oracle Secure Coding Standard for Java - Guidelines 14. Serialization (SER),696,502
10,MemberOf,view,1200,Weaknesses in the 2019 CWE Top 25 Most Dangerous Software Errors,696,502
11,MemberOf,category,1308,CISQ Quality Measures - Security,696,502
12,MemberOf,view,1337,Weaknesses in the 2021 CWE Top 25 Most Dangerous Software Weaknesses,696,502
13,MemberOf,view,1340,CISQ Data Protection Measures,696,502
14,MemberOf,view,1350,Weaknesses in the 2020 CWE Top 25 Most Dangerous Software Weaknesses,696,502
15,MemberOf,category,1354,OWASP Top Ten 2021 Category A08:2021 - Software and Data Integrity Failures,696,502
16,MemberOf,view,1387,Weaknesses in the 2022 CWE Top 25 Most Dangerous Software Weaknesses,696,502
17,MemberOf,category,1415,Comprehensive Categorization: Resource Control,696,502
18,MemberOf,view,1425,Weaknesses in the 2023 CWE Top 25 Most Dangerous Software Weaknesses,696,502
19,MemberOf,view,1430,Weaknesses in the 2024 CWE Top 25 Most Dangerous Software Weaknesses,696,502
20,MemberOf,view,1435,Weaknesses in the 2025 CWE Top 25 Most Dangerous Software Weaknesses,696,502
21,MemberOf,category,1443,OWASP Top Ten 2025 Category A08:2025 - Software or Data Integrity Failures,696,502
22,MemberOf,category,1447,General Software Weaknesses that Appear in Products that Use or Support AI/ML Technology,696,502
23,Self,base,502,,696,502
0,ChildOf,class,441,Unintended Proxy or Intermediary ('Confused Deputy'),81,918
1,MemberOf,category,417,Communication Channel Errors,81,918
2,ChildOf,class,610,Externally Controlled Reference to a Resource in Another Sphere,81,918
3,MemberOf,view,1337,Weaknesses in the 2021 CWE Top 25 Most Dangerous Software Weaknesses,81,918
4,MemberOf,category,1356,OWASP Top Ten 2021 Category A10:2021 - Server-Side Request Forgery (SSRF),81,918
5,MemberOf,view,1387,Weaknesses in the 2022 CWE Top 25 Most Dangerous Software Weaknesses,81,918
6,MemberOf,category,1396,Comprehensive Categorization: Access Control,81,918
7,MemberOf,view,1425,Weaknesses in the 2023 CWE Top 25 Most Dangerous Software Weaknesses,81,918
8,MemberOf,view,1430,Weaknesses in the 2024 CWE Top 25 Most Dangerous Software Weaknesses,81,918
9,MemberOf,view,1435,Weaknesses in the 2025 CWE Top 25 Most Dangerous Software Weaknesses,81,918
10,MemberOf,category,1436,OWASP Top Ten 2025 Category A01:2025 - Broken Access Control,81,918
11,MemberOf,category,1447,General Software Weaknesses that Appear in Products that Use or Support AI/ML Technology,81,918
12,Self,base,918,,81,918
0,ChildOf,pillar,707,Improper Neutralization,3,20
1,ParentOf,base,179,Incorrect Behavior Order: Early Validation,3,20
2,ParentOf,variant,622,Improper Validation of Function Hook Arguments,3,20
3,ParentOf,base,1173,Improper Use of Validation Framework,3,20
4,ParentOf,base,1284,Improper Validation of Specified Quantity in Input,3,20
5,ParentOf,base,1285,"Improper Validation of Specified Index, Position, or Offset in Input",3,20
6,ParentOf,base,1286,Improper Validation of Syntactic Correctness of Input,3,20
7,ParentOf,base,1287,Improper Validation of Specified Type of Input,3,20
8,ParentOf,base,1288,Improper Validation of Consistency within Input,3,20
9,ParentOf,base,1289,Improper Validation of Unsafe Equivalence in Input,3,20
10,PeerOf,class,345,Insufficient Verification of Data Authenticity,3,20
11,CanPrecede,base,22,Improper Limitation of a Pathname to a Restricted Directory ('Path Traversal'),3,20
12,CanPrecede,base,41,Improper Resolution of Path Equivalence,3,20
13,CanPrecede,class,74,Improper Neutralization of Special Elements in Output Used by a Downstream Component ('Injection'),3,20
14,CanPrecede,class,119,Improper Restriction of Operations within the Bounds of a Memory Buffer,3,20
15,CanPrecede,base,770,Allocation of Resources Without Limits or Throttling,3,20
16,MemberOf,view,1003,Weaknesses for Simplified Mapping of Published Vulnerabilities,3,20
17,ParentOf,variant,129,Improper Validation of Array Index,3,20
18,ParentOf,base,1284,Improper Validation of Specified Quantity in Input,3,20
19,MemberOf,category,1019,Validate Inputs,3,20
20,ParentOf,base,15,External Control of System or Configuration Setting,3,20
21,ParentOf,base,73,External Control of File Name or Path,3,20
22,ParentOf,variant,102,Struts: Duplicate Validation Forms,3,20
23,ParentOf,variant,103,Struts: Incomplete validate() Method Definition,3,20
24,ParentOf,variant,104,Struts: Form Bean Does Not Extend Validation Class,3,20
25,ParentOf,variant,105,Struts: Form Field Without Validator,3,20
26,ParentOf,variant,106,Struts: Plug-in Framework not in Use,3,20
27,ParentOf,variant,107,Struts: Unused Validation Form,3,20
28,ParentOf,variant,108,Struts: Unvalidated Action Form,3,20
29,ParentOf,variant,109,Struts: Validator Turned Off,3,20
30,ParentOf,variant,110,Struts: Validator Without Form Field,3,20
31,ParentOf,variant,111,Direct Use of Unsafe JNI,3,20
32,ParentOf,base,112,Missing XML Validation,3,20
33,ParentOf,variant,113,Improper Neutralization of CRLF Sequences in HTTP Headers ('HTTP Request/Response Splitting'),3,20
34,ParentOf,class,114,Process Control,3,20
35,ParentOf,base,117,Improper Output Neutralization for Logs,3,20
36,ParentOf,class,119,Improper Restriction of Operations within the Bounds of a Memory Buffer,3,20
37,ParentOf,base,120,Buffer Copy without Checking Size of Input ('Classic Buffer Overflow'),3,20
38,ParentOf,base,134,Use of Externally-Controlled Format String,3,20
39,ParentOf,base,170,Improper Null Termination,3,20
40,ParentOf,base,190,Integer Overflow or Wraparound,3,20
41,ParentOf,base,466,Return of Pointer Value Outside of Expected Range,3,20
42,ParentOf,base,470,Use of Externally-Controlled Input to Select Classes or Code ('Unsafe Reflection'),3,20
43,ParentOf,variant,785,Use of Path Manipulation Function without Maximum-sized Buffer,3,20
44,MemberOf,view,635,Weaknesses Originally Used by NVD from 2008 to 2016,3,20
45,MemberOf,category,722,OWASP Top Ten 2004 Category A1 - Unvalidated Input,3,20
46,MemberOf,category,738,CERT C Secure Coding Standard (2008) Chapter 5 - Integers (INT),3,20
47,MemberOf,category,742,CERT C Secure Coding Standard (2008) Chapter 9 - Memory Management (MEM),3,20
48,MemberOf,category,746,CERT C Secure Coding Standard (2008) Chapter 13 - Error Handling (ERR),3,20
49,MemberOf,category,747,CERT C Secure Coding Standard (2008) Chapter 14 - Miscellaneous (MSC),3,20
50,MemberOf,category,751,2009 Top 25 - Insecure Interaction Between Components,3,20
51,MemberOf,category,872,CERT C++ Secure Coding Section 04 - Integers (INT),3,20
52,MemberOf,category,876,CERT C++ Secure Coding Section 08 - Memory Management (MEM),3,20
53,MemberOf,category,883,CERT C++ Secure Coding Section 49 - Miscellaneous (MSC),3,20
54,MemberOf,category,994,SFP Secondary Cluster: Tainted Input to Variable,3,20
55,MemberOf,category,1005,7PK - Input Validation and Representation,3,20
56,MemberOf,category,1163,SEI CERT C Coding Standard - Guidelines 09. Input Output (FIO),3,20
57,MemberOf,view,1200,Weaknesses in the 2019 CWE Top 25 Most Dangerous Software Errors,3,20
58,MemberOf,view,1337,Weaknesses in the 2021 CWE Top 25 Most Dangerous Software Weaknesses,3,20
59,MemberOf,category,1347,OWASP Top Ten 2021 Category A03:2021 - Injection,3,20
60,MemberOf,view,1350,Weaknesses in the 2020 CWE Top 25 Most Dangerous Software Weaknesses,3,20
61,MemberOf,category,1382,ICS Operations (& Maintenance): Emerging Energy Technologies,3,20
62,MemberOf,view,1387,Weaknesses in the 2022 CWE Top 25 Most Dangerous Software Weaknesses,3,20
63,MemberOf,category,1406,Comprehensive Categorization: Improper Input Validation,3,20
64,MemberOf,view,1425,Weaknesses in the 2023 CWE Top 25 Most Dangerous Software Weaknesses,3,20
65,MemberOf,view,1430,Weaknesses in the 2024 CWE Top 25 Most Dangerous Software Weaknesses,3,20
66,MemberOf,view,1435,Weaknesses in the 2025 CWE Top 25 Most Dangerous Software Weaknesses,3,20
67,MemberOf,category,1440,OWASP Top Ten 2025 Category A05:2025 - Injection,3,20
68,Self,class,20,,3,20
0,ChildOf,pillar,707,Improper Neutralization,3,116
1,ParentOf,base,117,Improper Output Neutralization for Logs,3,116
2,ParentOf,variant,644,Improper Neutralization of HTTP Headers for Scripting Syntax,3,116
3,ParentOf,base,838,Inappropriate Encoding for Output Context,3,116
4,CanPrecede,class,74,Improper Neutralization of Special Elements in Output Used by a Downstream Component ('Injection'),3,116
5,MemberOf,view,1003,Weaknesses for Simplified Mapping of Published Vulnerabilities,3,116
6,ParentOf,base,838,Inappropriate Encoding for Output Context,3,116
7,MemberOf,category,751,2009 Top 25 - Insecure Interaction Between Components,3,116
8,MemberOf,category,845,The CERT Oracle Secure Coding Standard for Java (2011) Chapter 2 - Input Validation and Data Sanitization (IDS),3,116
9,MemberOf,category,883,CERT C++ Secure Coding Section 49 - Miscellaneous (MSC),3,116
10,MemberOf,category,992,SFP Secondary Cluster: Faulty Input Transformation,3,116
11,MemberOf,category,1134,SEI CERT Oracle Secure Coding Standard for Java - Guidelines 00. Input Validation and Data Sanitization (IDS),3,116
12,MemberOf,category,1179,SEI CERT Perl Coding Standard - Guidelines 01. Input Validation and Data Sanitization (IDS),3,116
13,MemberOf,category,1347,OWASP Top Ten 2021 Category A03:2021 - Injection,3,116
14,MemberOf,category,1407,Comprehensive Categorization: Improper Neutralization,3,116
15,MemberOf,category,1440,OWASP Top Ten 2025 Category A05:2025 - Injection,3,116
16,MemberOf,category,1447,General Software Weaknesses that Appear in Products that Use or Support AI/ML Technology,3,116
17,Self,class,116,,3,116
0,ChildOf,pillar,697,Incorrect Comparison,3,185
1,ParentOf,base,186,Overly Restrictive Regular Expression,3,185
2,ParentOf,base,625,Permissive Regular Expression,3,185
3,CanPrecede,base,182,Collapse of Data into Unsafe Value,3,185
4,CanPrecede,variant,187,Partial String Comparison,3,185
5,MemberOf,view,884,CWE Cross-section,3,185
6,MemberOf,category,990,SFP Secondary Cluster: Tainted Input to Command,3,185
7,MemberOf,category,1397,Comprehensive Categorization: Comparison,3,185
8,Self,class,185,,3,185
0,ChildOf,class,185,Incorrect Regular Expression,3,186
1,MemberOf,category,19,Data Processing Errors,3,186
2,MemberOf,category,990,SFP Secondary Cluster: Tainted Input to Command,3,186
3,MemberOf,category,1397,Comprehensive Categorization: Comparison,3,186
4,Self,base,186,,3,186
0,ChildOf,pillar,707,Improper Neutralization,1,20
1,ParentOf,base,179,Incorrect Behavior Order: Early Validation,1,20
2,ParentOf,variant,622,Improper Validation of Function Hook Arguments,1,20
3,ParentOf,base,1173,Improper Use of Validation Framework,1,20
4,ParentOf,base,1284,Improper Validation of Specified Quantity in Input,1,20
5,ParentOf,base,1285,"Improper Validation of Specified Index, Position, or Offset in Input",1,20
6,ParentOf,base,1286,Improper Validation of Syntactic Correctness of Input,1,20
7,ParentOf,base,1287,Improper Validation of Specified Type of Input,1,20
8,ParentOf,base,1288,Improper Validation of Consistency within Input,1,20
9,ParentOf,base,1289,Improper Validation of Unsafe Equivalence in Input,1,20
10,PeerOf,class,345,Insufficient Verification of Data Authenticity,1,20
11,CanPrecede,base,22,Improper Limitation of a Pathname to a Restricted Directory ('Path Traversal'),1,20
12,CanPrecede,base,41,Improper Resolution of Path Equivalence,1,20
13,CanPrecede,class,74,Improper Neutralization of Special Elements in Output Used by a Downstream Component ('Injection'),1,20
14,CanPrecede,class,119,Improper Restriction of Operations within the Bounds of a Memory Buffer,1,20
15,CanPrecede,base,770,Allocation of Resources Without Limits or Throttling,1,20
16,MemberOf,view,1003,Weaknesses for Simplified Mapping of Published Vulnerabilities,1,20
17,ParentOf,variant,129,Improper Validation of Array Index,1,20
18,ParentOf,base,1284,Improper Validation of Specified Quantity in Input,1,20
19,MemberOf,category,1019,Validate Inputs,1,20
20,ParentOf,base,15,External Control of System or Configuration Setting,1,20
21,ParentOf,base,73,External Control of File Name or Path,1,20
22,ParentOf,variant,102,Struts: Duplicate Validation Forms,1,20
23,ParentOf,variant,103,Struts: Incomplete validate() Method Definition,1,20
24,ParentOf,variant,104,Struts: Form Bean Does Not Extend Validation Class,1,20
25,ParentOf,variant,105,Struts: Form Field Without Validator,1,20
26,ParentOf,variant,106,Struts: Plug-in Framework not in Use,1,20
27,ParentOf,variant,107,Struts: Unused Validation Form,1,20
28,ParentOf,variant,108,Struts: Unvalidated Action Form,1,20
29,ParentOf,variant,109,Struts: Validator Turned Off,1,20
30,ParentOf,variant,110,Struts: Validator Without Form Field,1,20
31,ParentOf,variant,111,Direct Use of Unsafe JNI,1,20
32,ParentOf,base,112,Missing XML Validation,1,20
33,ParentOf,variant,113,Improper Neutralization of CRLF Sequences in HTTP Headers ('HTTP Request/Response Splitting'),1,20
34,ParentOf,class,114,Process Control,1,20
35,ParentOf,base,117,Improper Output Neutralization for Logs,1,20
36,ParentOf,class,119,Improper Restriction of Operations within the Bounds of a Memory Buffer,1,20
37,ParentOf,base,120,Buffer Copy without Checking Size of Input ('Classic Buffer Overflow'),1,20
38,ParentOf,base,134,Use of Externally-Controlled Format String,1,20
39,ParentOf,base,170,Improper Null Termination,1,20
40,ParentOf,base,190,Integer Overflow or Wraparound,1,20
41,ParentOf,base,466,Return of Pointer Value Outside of Expected Range,1,20
42,ParentOf,base,470,Use of Externally-Controlled Input to Select Classes or Code ('Unsafe Reflection'),1,20
43,ParentOf,variant,785,Use of Path Manipulation Function without Maximum-sized Buffer,1,20
44,MemberOf,view,635,Weaknesses Originally Used by NVD from 2008 to 2016,1,20
45,MemberOf,category,722,OWASP Top Ten 2004 Category A1 - Unvalidated Input,1,20
46,MemberOf,category,738,CERT C Secure Coding Standard (2008) Chapter 5 - Integers (INT),1,20
47,MemberOf,category,742,CERT C Secure Coding Standard (2008) Chapter 9 - Memory Management (MEM),1,20
48,MemberOf,category,746,CERT C Secure Coding Standard (2008) Chapter 13 - Error Handling (ERR),1,20
49,MemberOf,category,747,CERT C Secure Coding Standard (2008) Chapter 14 - Miscellaneous (MSC),1,20
50,MemberOf,category,751,2009 Top 25 - Insecure Interaction Between Components,1,20
51,MemberOf,category,872,CERT C++ Secure Coding Section 04 - Integers (INT),1,20
52,MemberOf,category,876,CERT C++ Secure Coding Section 08 - Memory Management (MEM),1,20
53,MemberOf,category,883,CERT C++ Secure Coding Section 49 - Miscellaneous (MSC),1,20
54,MemberOf,category,994,SFP Secondary Cluster: Tainted Input to Variable,1,20
55,MemberOf,category,1005,7PK - Input Validation and Representation,1,20
56,MemberOf,category,1163,SEI CERT C Coding Standard - Guidelines 09. Input Output (FIO),1,20
57,MemberOf,view,1200,Weaknesses in the 2019 CWE Top 25 Most Dangerous Software Errors,1,20
58,MemberOf,view,1337,Weaknesses in the 2021 CWE Top 25 Most Dangerous Software Weaknesses,1,20
59,MemberOf,category,1347,OWASP Top Ten 2021 Category A03:2021 - Injection,1,20
60,MemberOf,view,1350,Weaknesses in the 2020 CWE Top 25 Most Dangerous Software Weaknesses,1,20
61,MemberOf,category,1382,ICS Operations (& Maintenance): Emerging Energy Technologies,1,20
62,MemberOf,view,1387,Weaknesses in the 2022 CWE Top 25 Most Dangerous Software Weaknesses,1,20
63,MemberOf,category,1406,Comprehensive Categorization: Improper Input Validation,1,20
64,MemberOf,view,1425,Weaknesses in the 2023 CWE Top 25 Most Dangerous Software Weaknesses,1,20
65,MemberOf,view,1430,Weaknesses in the 2024 CWE Top 25 Most Dangerous Software Weaknesses,1,20
66,MemberOf,view,1435,Weaknesses in the 2025 CWE Top 25 Most Dangerous Software Weaknesses,1,20
67,MemberOf,category,1440,OWASP Top Ten 2025 Category A05:2025 - Injection,1,20
68,Self,class,20,,1,20
0,ChildOf,pillar,707,Improper Neutralization,49,20
1,ParentOf,base,179,Incorrect Behavior Order: Early Validation,49,20
2,ParentOf,variant,622,Improper Validation of Function Hook Arguments,49,20
3,ParentOf,base,1173,Improper Use of Validation Framework,49,20
4,ParentOf,base,1284,Improper Validation of Specified Quantity in Input,49,20
5,ParentOf,base,1285,"Improper Validation of Specified Index, Position, or Offset in Input",49,20
6,ParentOf,base,1286,Improper Validation of Syntactic Correctness of Input,49,20
7,ParentOf,base,1287,Improper Validation of Specified Type of Input,49,20
8,ParentOf,base,1288,Improper Validation of Consistency within Input,49,20
9,ParentOf,base,1289,Improper Validation of Unsafe Equivalence in Input,49,20
10,PeerOf,class,345,Insufficient Verification of Data Authenticity,49,20
11,CanPrecede,base,22,Improper Limitation of a Pathname to a Restricted Directory ('Path Traversal'),49,20
12,CanPrecede,base,41,Improper Resolution of Path Equivalence,49,20
13,CanPrecede,class,74,Improper Neutralization of Special Elements in Output Used by a Downstream Component ('Injection'),49,20
14,CanPrecede,class,119,Improper Restriction of Operations within the Bounds of a Memory Buffer,49,20
15,CanPrecede,base,770,Allocation of Resources Without Limits or Throttling,49,20
16,MemberOf,view,1003,Weaknesses for Simplified Mapping of Published Vulnerabilities,49,20
17,ParentOf,variant,129,Improper Validation of Array Index,49,20
18,ParentOf,base,1284,Improper Validation of Specified Quantity in Input,49,20
19,MemberOf,category,1019,Validate Inputs,49,20
20,ParentOf,base,15,External Control of System or Configuration Setting,49,20
21,ParentOf,base,73,External Control of File Name or Path,49,20
22,ParentOf,variant,102,Struts: Duplicate Validation Forms,49,20
23,ParentOf,variant,103,Struts: Incomplete validate() Method Definition,49,20
24,ParentOf,variant,104,Struts: Form Bean Does Not Extend Validation Class,49,20
25,ParentOf,variant,105,Struts: Form Field Without Validator,49,20
26,ParentOf,variant,106,Struts: Plug-in Framework not in Use,49,20
27,ParentOf,variant,107,Struts: Unused Validation Form,49,20
28,ParentOf,variant,108,Struts: Unvalidated Action Form,49,20
29,ParentOf,variant,109,Struts: Validator Turned Off,49,20
30,ParentOf,variant,110,Struts: Validator Without Form Field,49,20
31,ParentOf,variant,111,Direct Use of Unsafe JNI,49,20
32,ParentOf,base,112,Missing XML Validation,49,20
33,ParentOf,variant,113,Improper Neutralization of CRLF Sequences in HTTP Headers ('HTTP Request/Response Splitting'),49,20
34,ParentOf,class,114,Process Control,49,20
35,ParentOf,base,117,Improper Output Neutralization for Logs,49,20
36,ParentOf,class,119,Improper Restriction of Operations within the Bounds of a Memory Buffer,49,20
37,ParentOf,base,120,Buffer Copy without Checking Size of Input ('Classic Buffer Overflow'),49,20
38,ParentOf,base,134,Use of Externally-Controlled Format String,49,20
39,ParentOf,base,170,Improper Null Termination,49,20
40,ParentOf,base,190,Integer Overflow or Wraparound,49,20
41,ParentOf,base,466,Return of Pointer Value Outside of Expected Range,49,20
42,ParentOf,base,470,Use of Externally-Controlled Input to Select Classes or Code ('Unsafe Reflection'),49,20
43,ParentOf,variant,785,Use of Path Manipulation Function without Maximum-sized Buffer,49,20
44,MemberOf,view,635,Weaknesses Originally Used by NVD from 2008 to 2016,49,20
45,MemberOf,category,722,OWASP Top Ten 2004 Category A1 - Unvalidated Input,49,20
46,MemberOf,category,738,CERT C Secure Coding Standard (2008) Chapter 5 - Integers (INT),49,20
47,MemberOf,category,742,CERT C Secure Coding Standard (2008) Chapter 9 - Memory Management (MEM),49,20
48,MemberOf,category,746,CERT C Secure Coding Standard (2008) Chapter 13 - Error Handling (ERR),49,20
49,MemberOf,category,747,CERT C Secure Coding Standard (2008) Chapter 14 - Miscellaneous (MSC),49,20
50,MemberOf,category,751,2009 Top 25 - Insecure Interaction Between Components,49,20
51,MemberOf,category,872,CERT C++ Secure Coding Section 04 - Integers (INT),49,20
52,MemberOf,category,876,CERT C++ Secure Coding Section 08 - Memory Management (MEM),49,20
53,MemberOf,category,883,CERT C++ Secure Coding Section 49 - Miscellaneous (MSC),49,20
54,MemberOf,category,994,SFP Secondary Cluster: Tainted Input to Variable,49,20
55,MemberOf,category,1005,7PK - Input Validation and Representation,49,20
56,MemberOf,category,1163,SEI CERT C Coding Standard - Guidelines 09. Input Output (FIO),49,20
57,MemberOf,view,1200,Weaknesses in the 2019 CWE Top 25 Most Dangerous Software Errors,49,20
58,MemberOf,view,1337,Weaknesses in the 2021 CWE Top 25 Most Dangerous Software Weaknesses,49,20
59,MemberOf,category,1347,OWASP Top Ten 2021 Category A03:2021 - Injection,49,20
60,MemberOf,view,1350,Weaknesses in the 2020 CWE Top 25 Most Dangerous Software Weaknesses,49,20
61,MemberOf,category,1382,ICS Operations (& Maintenance): Emerging Energy Technologies,49,20
62,MemberOf,view,1387,Weaknesses in the 2022 CWE Top 25 Most Dangerous Software Weaknesses,49,20
63,MemberOf,category,1406,Comprehensive Categorization: Improper Input Validation,49,20
64,MemberOf,view,1425,Weaknesses in the 2023 CWE Top 25 Most Dangerous Software Weaknesses,49,20
65,MemberOf,view,1430,Weaknesses in the 2024 CWE Top 25 Most Dangerous Software Weaknesses,49,20
66,MemberOf,view,1435,Weaknesses in the 2025 CWE Top 25 Most Dangerous Software Weaknesses,49,20
67,MemberOf,category,1440,OWASP Top Ten 2025 Category A05:2025 - Injection,49,20
68,Self,class,20,,49,20
0,ChildOf,class,706,Use of Incorrectly-Resolved Name or Reference,7024,22
1,ParentOf,base,23,Relative Path Traversal,7024,22
2,ParentOf,base,36,Absolute Path Traversal,7024,22
3,CanFollow,class,20,Improper Input Validation,7024,22
4,CanFollow,base,73,External Control of File Name or Path,7024,22
5,CanFollow,class,172,Encoding Error,7024,22
6,CanPrecede,class,668,Exposure of Resource to Wrong Sphere,7024,22
7,MemberOf,category,1219,File Handling Issues,7024,22
8,ChildOf,class,706,Use of Incorrectly-Resolved Name or Reference,7024,22
9,ParentOf,base,23,Relative Path Traversal,7024,22
10,ParentOf,base,36,Absolute Path Traversal,7024,22
11,ParentOf,base,23,Relative Path Traversal,7024,22
12,ParentOf,base,36,Absolute Path Traversal,7024,22
13,MemberOf,view,635,Weaknesses Originally Used by NVD from 2008 to 2016,7024,22
14,MemberOf,category,715,OWASP Top Ten 2007 Category A4 - Insecure Direct Object Reference,7024,22
15,MemberOf,category,723,OWASP Top Ten 2004 Category A2 - Broken Access Control,7024,22
16,MemberOf,category,743,CERT C Secure Coding Standard (2008) Chapter 10 - Input Output (FIO),7024,22
17,MemberOf,category,802,2010 Top 25 - Risky Resource Management,7024,22
18,MemberOf,category,813,OWASP Top Ten 2010 Category A4 - Insecure Direct Object References,7024,22
19,MemberOf,category,865,2011 Top 25 - Risky Resource Management,7024,22
20,MemberOf,category,877,CERT C++ Secure Coding Section 09 - Input Output (FIO),7024,22
21,MemberOf,view,884,CWE Cross-section,7024,22
22,MemberOf,category,932,OWASP Top Ten 2013 Category A4 - Insecure Direct Object References,7024,22
23,MemberOf,category,981,SFP Secondary Cluster: Path Traversal,7024,22
24,MemberOf,category,1031,OWASP Top Ten 2017 Category A5 - Broken Access Control,7024,22
25,MemberOf,category,1131,CISQ Quality Measures (2016) - Security,7024,22
26,MemberOf,category,1179,SEI CERT Perl Coding Standard - Guidelines 01. Input Validation and Data Sanitization (IDS),7024,22
27,MemberOf,view,1200,Weaknesses in the 2019 CWE Top 25 Most Dangerous Software Errors,7024,22
28,MemberOf,category,1308,CISQ Quality Measures - Security,7024,22
29,MemberOf,view,1337,Weaknesses in the 2021 CWE Top 25 Most Dangerous Software Weaknesses,7024,22
30,MemberOf,view,1340,CISQ Data Protection Measures,7024,22
31,MemberOf,category,1345,OWASP Top Ten 2021 Category A01:2021 - Broken Access Control,7024,22
32,MemberOf,view,1350,Weaknesses in the 2020 CWE Top 25 Most Dangerous Software Weaknesses,7024,22
33,MemberOf,view,1387,Weaknesses in the 2022 CWE Top 25 Most Dangerous Software Weaknesses,7024,22
34,MemberOf,category,1404,Comprehensive Categorization: File Handling,7024,22
35,MemberOf,view,1425,Weaknesses in the 2023 CWE Top 25 Most Dangerous Software Weaknesses,7024,22
36,MemberOf,view,1430,Weaknesses in the 2024 CWE Top 25 Most Dangerous Software Weaknesses,7024,22
37,MemberOf,view,1435,Weaknesses in the 2025 CWE Top 25 Most Dangerous Software Weaknesses,7024,22
38,MemberOf,category,1436,OWASP Top Ten 2025 Category A01:2025 - Broken Access Control,7024,22
39,MemberOf,category,1447,General Software Weaknesses that Appear in Products that Use or Support AI/ML Technology,7024,22
40,Self,base,22,,7024,22
0,ChildOf,base,22,Improper Limitation of a Pathname to a Restricted Directory ('Path Traversal'),7024,23
1,ParentOf,variant,24,Path Traversal: '../filedir',7024,23
2,ParentOf,variant,25,Path Traversal: '/../filedir',7024,23
3,ParentOf,variant,26,Path Traversal: '/dir/../filename',7024,23
4,ParentOf,variant,27,Path Traversal: 'dir/../../filename',7024,23
5,ParentOf,variant,28,Path Traversal: '..\filedir',7024,23
6,ParentOf,variant,29,Path Traversal: '\..\filename',7024,23
7,ParentOf,variant,30,Path Traversal: '\dir\..\filename',7024,23
8,ParentOf,variant,31,Path Traversal: 'dir\..\..\filename',7024,23
9,ParentOf,variant,32,Path Traversal: '...' (Triple Dot),7024,23
10,ParentOf,variant,33,Path Traversal: '....' (Multiple Dot),7024,23
11,ParentOf,variant,34,Path Traversal: '....//',7024,23
12,ParentOf,variant,35,Path Traversal: '.../...//',7024,23
13,ChildOf,base,22,Improper Limitation of a Pathname to a Restricted Directory ('Path Traversal'),7024,23
14,ChildOf,base,22,Improper Limitation of a Pathname to a Restricted Directory ('Path Traversal'),7024,23
15,MemberOf,view,884,CWE Cross-section,7024,23
16,MemberOf,category,981,SFP Secondary Cluster: Path Traversal,7024,23
17,MemberOf,category,1345,OWASP Top Ten 2021 Category A01:2021 - Broken Access Control,7024,23
18,MemberOf,category,1404,Comprehensive Categorization: File Handling,7024,23
19,MemberOf,category,1436,OWASP Top Ten 2025 Category A01:2025 - Broken Access Control,7024,23
20,Self,base,23,,7024,23
0,ChildOf,base,22,Improper Limitation of a Pathname to a Restricted Directory ('Path Traversal'),7024,36
1,ParentOf,variant,37,Path Traversal: '/absolute/pathname/here',7024,36
2,ParentOf,variant,38,Path Traversal: '\absolute\pathname\here',7024,36
3,ParentOf,variant,39,Path Traversal: 'C:dirname',7024,36
4,ParentOf,variant,40,Path Traversal: '\\UNC\share\name\' (Windows UNC Share),7024,36
5,ChildOf,base,22,Improper Limitation of a Pathname to a Restricted Directory ('Path Traversal'),7024,36
6,ChildOf,base,22,Improper Limitation of a Pathname to a Restricted Directory ('Path Traversal'),7024,36
7,MemberOf,view,884,CWE Cross-section,7024,36
8,MemberOf,category,981,SFP Secondary Cluster: Path Traversal,7024,36
9,MemberOf,category,1404,Comprehensive Categorization: File Handling,7024,36
10,MemberOf,category,1436,OWASP Top Ten 2025 Category A01:2025 - Broken Access Control,7024,36
11,Self,base,36,,7024,36
0,ChildOf,class,610,Externally Controlled Reference to a Resource in Another Sphere,7024,73
1,ChildOf,class,642,External Control of Critical State Data,7024,73
2,ParentOf,class,114,Process Control,7024,73
3,CanPrecede,base,22,Improper Limitation of a Pathname to a Restricted Directory ('Path Traversal'),7024,73
4,CanPrecede,base,41,Improper Resolution of Path Equivalence,7024,73
5,CanPrecede,base,59,Improper Link Resolution Before File Access ('Link Following'),7024,73
6,CanPrecede,variant,98,Improper Control of Filename for Include/Require Statement in PHP Program ('PHP Remote File Inclusion'),7024,73
7,CanPrecede,base,434,Unrestricted Upload of File with Dangerous Type,7024,73
8,MemberOf,category,399,Resource Management Errors,7024,73
9,MemberOf,category,1015,Limit Access,7024,73
10,ChildOf,class,20,Improper Input Validation,7024,73
11,MemberOf,category,723,OWASP Top Ten 2004 Category A2 - Broken Access Control,7024,73
12,MemberOf,category,752,2009 Top 25 - Risky Resource Management,7024,73
13,MemberOf,category,877,CERT C++ Secure Coding Section 09 - Input Output (FIO),7024,73
14,MemberOf,category,981,SFP Secondary Cluster: Path Traversal,7024,73
15,MemberOf,category,1348,OWASP Top Ten 2021 Category A04:2021 - Insecure Design,7024,73
16,MemberOf,category,1403,Comprehensive Categorization: Exposed Resource,7024,73
17,MemberOf,category,1441,OWASP Top Ten 2025 Category A06:2025 - Insecure Design,7024,73
18,Self,base,73,,7024,73
0,ChildOf,class,74,Improper Neutralization of Special Elements in Output Used by a Downstream Component ('Injection'),7024,99
1,ParentOf,base,641,Improper Restriction of Names for Files and Other Resources,7024,99
2,ParentOf,base,694,Use of Multiple Resources with Duplicate Identifier,7024,99
3,ParentOf,base,914,Improper Control of Dynamically-Identified Variables,7024,99
4,PeerOf,class,706,Use of Incorrectly-Resolved Name or Reference,7024,99
5,MemberOf,category,1019,Validate Inputs,7024,99
6,MemberOf,category,813,OWASP Top Ten 2010 Category A4 - Insecure Direct Object References,7024,99
7,MemberOf,view,884,CWE Cross-section,7024,99
8,MemberOf,category,932,OWASP Top Ten 2013 Category A4 - Insecure Direct Object References,7024,99
9,MemberOf,category,990,SFP Secondary Cluster: Tainted Input to Command,7024,99
10,MemberOf,category,1005,7PK - Input Validation and Representation,7024,99
11,MemberOf,category,1131,CISQ Quality Measures (2016) - Security,7024,99
12,MemberOf,category,1308,CISQ Quality Measures - Security,7024,99
13,MemberOf,view,1340,CISQ Data Protection Measures,7024,99
14,MemberOf,category,1347,OWASP Top Ten 2021 Category A03:2021 - Injection,7024,99
15,MemberOf,category,1409,Comprehensive Categorization: Injection,7024,99
16,MemberOf,category,1440,OWASP Top Ten 2025 Category A05:2025 - Injection,7024,99
17,Self,class,99,,7024,99
0,ChildOf,class,74,Improper Neutralization of Special Elements in Output Used by a Downstream Component ('Injection'),30,79
1,ParentOf,variant,80,Improper Neutralization of Script-Related HTML Tags in a Web Page (Basic XSS),30,79
2,ParentOf,variant,81,Improper Neutralization of Script in an Error Message Web Page,30,79
3,ParentOf,variant,83,Improper Neutralization of Script in Attributes in a Web Page,30,79
4,ParentOf,variant,84,Improper Neutralization of Encoded URI Schemes in a Web Page,30,79
5,ParentOf,variant,85,Doubled Character XSS Manipulations,30,79
6,ParentOf,variant,86,Improper Neutralization of Invalid Characters in Identifiers in Web Pages,30,79
7,ParentOf,variant,87,Improper Neutralization of Alternate XSS Syntax,30,79
8,PeerOf,composite,352,Cross-Site Request Forgery (CSRF),30,79
9,CanFollow,variant,113,Improper Neutralization of CRLF Sequences in HTTP Headers ('HTTP Request/Response Splitting'),30,79
10,CanFollow,base,184,Incomplete List of Disallowed Inputs,30,79
11,CanPrecede,base,494,Download of Code Without Integrity Check,30,79
12,MemberOf,category,137,Data Neutralization Issues,30,79
13,ChildOf,class,74,Improper Neutralization of Special Elements in Output Used by a Downstream Component ('Injection'),30,79
14,MemberOf,category,1019,Validate Inputs,30,79
15,MemberOf,view,635,Weaknesses Originally Used by NVD from 2008 to 2016,30,79
16,MemberOf,category,712,OWASP Top Ten 2007 Category A1 - Cross Site Scripting (XSS),30,79
17,MemberOf,category,722,OWASP Top Ten 2004 Category A1 - Unvalidated Input,30,79
18,MemberOf,category,725,OWASP Top Ten 2004 Category A4 - Cross-Site Scripting (XSS) Flaws,30,79
19,MemberOf,category,751,2009 Top 25 - Insecure Interaction Between Components,30,79
20,MemberOf,category,801,2010 Top 25 - Insecure Interaction Between Components,30,79
21,MemberOf,category,811,OWASP Top Ten 2010 Category A2 - Cross-Site Scripting (XSS),30,79
22,MemberOf,category,864,2011 Top 25 - Insecure Interaction Between Components,30,79
23,MemberOf,view,884,CWE Cross-section,30,79
24,MemberOf,category,931,OWASP Top Ten 2013 Category A3 - Cross-Site Scripting (XSS),30,79
25,MemberOf,category,990,SFP Secondary Cluster: Tainted Input to Command,30,79
26,MemberOf,category,1005,7PK - Input Validation and Representation,30,79
27,MemberOf,category,1033,OWASP Top Ten 2017 Category A7 - Cross-Site Scripting (XSS),30,79
28,MemberOf,category,1131,CISQ Quality Measures (2016) - Security,30,79
29,MemberOf,view,1200,Weaknesses in the 2019 CWE Top 25 Most Dangerous Software Errors,30,79
30,MemberOf,category,1308,CISQ Quality Measures - Security,30,79
31,MemberOf,view,1337,Weaknesses in the 2021 CWE Top 25 Most Dangerous Software Weaknesses,30,79
32,MemberOf,view,1340,CISQ Data Protection Measures,30,79
33,MemberOf,category,1347,OWASP Top Ten 2021 Category A03:2021 - Injection,30,79
34,MemberOf,view,1350,Weaknesses in the 2020 CWE Top 25 Most Dangerous Software Weaknesses,30,79
35,MemberOf,view,1387,Weaknesses in the 2022 CWE Top 25 Most Dangerous Software Weaknesses,30,79
36,MemberOf,category,1409,Comprehensive Categorization: Injection,30,79
37,MemberOf,view,1425,Weaknesses in the 2023 CWE Top 25 Most Dangerous Software Weaknesses,30,79
38,MemberOf,view,1430,Weaknesses in the 2024 CWE Top 25 Most Dangerous Software Weaknesses,30,79
39,MemberOf,view,1435,Weaknesses in the 2025 CWE Top 25 Most Dangerous Software Weaknesses,30,79
40,MemberOf,category,1440,OWASP Top Ten 2025 Category A05:2025 - Injection,30,79
41,MemberOf,category,1447,General Software Weaknesses that Appear in Products that Use or Support AI/ML Technology,30,79
42,Self,base,79,,30,79
0,ChildOf,pillar,707,Improper Neutralization,30,116
1,ParentOf,base,117,Improper Output Neutralization for Logs,30,116
2,ParentOf,variant,644,Improper Neutralization of HTTP Headers for Scripting Syntax,30,116
3,ParentOf,base,838,Inappropriate Encoding for Output Context,30,116
4,CanPrecede,class,74,Improper Neutralization of Special Elements in Output Used by a Downstream Component ('Injection'),30,116
5,MemberOf,view,1003,Weaknesses for Simplified Mapping of Published Vulnerabilities,30,116
6,ParentOf,base,838,Inappropriate Encoding for Output Context,30,116
7,MemberOf,category,751,2009 Top 25 - Insecure Interaction Between Components,30,116
8,MemberOf,category,845,The CERT Oracle Secure Coding Standard for Java (2011) Chapter 2 - Input Validation and Data Sanitization (IDS),30,116
9,MemberOf,category,883,CERT C++ Secure Coding Section 49 - Miscellaneous (MSC),30,116
10,MemberOf,category,992,SFP Secondary Cluster: Faulty Input Transformation,30,116
11,MemberOf,category,1134,SEI CERT Oracle Secure Coding Standard for Java - Guidelines 00. Input Validation and Data Sanitization (IDS),30,116
12,MemberOf,category,1179,SEI CERT Perl Coding Standard - Guidelines 01. Input Validation and Data Sanitization (IDS),30,116
13,MemberOf,category,1347,OWASP Top Ten 2021 Category A03:2021 - Injection,30,116
14,MemberOf,category,1407,Comprehensive Categorization: Improper Neutralization,30,116
15,MemberOf,category,1440,OWASP Top Ten 2025 Category A05:2025 - Injection,30,116
16,MemberOf,category,1447,General Software Weaknesses that Appear in Products that Use or Support AI/ML Technology,30,116
17,Self,class,116,,30,116
0,ChildOf,class,943,Improper Neutralization of Special Elements in Data Query Logic,27,89
1,ParentOf,variant,564,SQL Injection: Hibernate,27,89
2,CanFollow,variant,456,Missing Initialization of a Variable,27,89
3,MemberOf,category,137,Data Neutralization Issues,27,89
4,ChildOf,class,74,Improper Neutralization of Special Elements in Output Used by a Downstream Component ('Injection'),27,89
5,MemberOf,category,1019,Validate Inputs,27,89
6,ParentOf,variant,564,SQL Injection: Hibernate,27,89
7,ParentOf,variant,564,SQL Injection: Hibernate,27,89
8,MemberOf,view,635,Weaknesses Originally Used by NVD from 2008 to 2016,27,89
9,MemberOf,category,713,OWASP Top Ten 2007 Category A2 - Injection Flaws,27,89
10,MemberOf,category,722,OWASP Top Ten 2004 Category A1 - Unvalidated Input,27,89
11,MemberOf,category,727,OWASP Top Ten 2004 Category A6 - Injection Flaws,27,89
12,MemberOf,category,751,2009 Top 25 - Insecure Interaction Between Components,27,89
13,MemberOf,category,801,2010 Top 25 - Insecure Interaction Between Components,27,89
14,MemberOf,category,810,OWASP Top Ten 2010 Category A1 - Injection,27,89
15,MemberOf,category,864,2011 Top 25 - Insecure Interaction Between Components,27,89
16,MemberOf,view,884,CWE Cross-section,27,89
17,MemberOf,category,929,OWASP Top Ten 2013 Category A1 - Injection,27,89
18,MemberOf,category,990,SFP Secondary Cluster: Tainted Input to Command,27,89
19,MemberOf,category,1005,7PK - Input Validation and Representation,27,89
20,MemberOf,category,1027,OWASP Top Ten 2017 Category A1 - Injection,27,89
21,MemberOf,category,1131,CISQ Quality Measures (2016) - Security,27,89
22,MemberOf,view,1200,Weaknesses in the 2019 CWE Top 25 Most Dangerous Software Errors,27,89
23,MemberOf,category,1308,CISQ Quality Measures - Security,27,89
24,MemberOf,view,1337,Weaknesses in the 2021 CWE Top 25 Most Dangerous Software Weaknesses,27,89
25,MemberOf,view,1340,CISQ Data Protection Measures,27,89
26,MemberOf,category,1347,OWASP Top Ten 2021 Category A03:2021 - Injection,27,89
27,MemberOf,view,1350,Weaknesses in the 2020 CWE Top 25 Most Dangerous Software Weaknesses,27,89
28,MemberOf,view,1387,Weaknesses in the 2022 CWE Top 25 Most Dangerous Software Weaknesses,27,89
29,MemberOf,category,1409,Comprehensive Categorization: Injection,27,89
30,MemberOf,view,1425,Weaknesses in the 2023 CWE Top 25 Most Dangerous Software Weaknesses,27,89
31,MemberOf,view,1430,Weaknesses in the 2024 CWE Top 25 Most Dangerous Software Weaknesses,27,89
32,MemberOf,view,1435,Weaknesses in the 2025 CWE Top 25 Most Dangerous Software Weaknesses,27,89
33,MemberOf,category,1440,OWASP Top Ten 2025 Category A05:2025 - Injection,27,89
34,Self,base,89,,27,89
0,ChildOf,class,407,Inefficient Algorithmic Complexity,289,1333
1,MemberOf,category,1226,Complexity Issues,289,1333
2,ChildOf,class,407,Inefficient Algorithmic Complexity,289,1333
3,MemberOf,category,1416,Comprehensive Categorization: Resource Lifecycle Management,289,1333
4,Self,base,1333,,289,1333
0,ChildOf,pillar,664,Improper Control of a Resource Through its Lifetime,289,400
1,ParentOf,class,405,Asymmetric Resource Consumption (Amplification),289,400
2,ParentOf,base,770,Allocation of Resources Without Limits or Throttling,289,400
3,ParentOf,base,771,Missing Reference to Active Allocated Resource,289,400
4,ParentOf,base,779,Logging of Excessive Data,289,400
5,ParentOf,base,920,Improper Restriction of Power Consumption,289,400
6,ParentOf,base,1235,Incorrect Use of Autoboxing and Unboxing for Performance Critical Operations,289,400
7,ParentOf,base,1246,Improper Write Handling in Limited-write Non-Volatile Memories,289,400
8,CanFollow,class,410,Insufficient Resource Pool,289,400
9,MemberOf,view,1003,Weaknesses for Simplified Mapping of Published Vulnerabilities,289,400
10,ParentOf,base,770,Allocation of Resources Without Limits or Throttling,289,400
11,ParentOf,base,920,Improper Restriction of Power Consumption,289,400
12,MemberOf,category,730,OWASP Top Ten 2004 Category A9 - Denial of Service,289,400
13,MemberOf,category,858,The CERT Oracle Secure Coding Standard for Java (2011) Chapter 15 - Serialization (SER),289,400
14,MemberOf,category,861,The CERT Oracle Secure Coding Standard for Java (2011) Chapter 18 - Miscellaneous (MSC),289,400
15,MemberOf,view,884,CWE Cross-section,289,400
16,MemberOf,category,985,SFP Secondary Cluster: Unrestricted Consumption,289,400
17,MemberOf,category,1148,SEI CERT Oracle Secure Coding Standard for Java - Guidelines 14. Serialization (SER),289,400
18,MemberOf,category,1152,SEI CERT Oracle Secure Coding Standard for Java - Guidelines 49. Miscellaneous (MSC),289,400
19,MemberOf,view,1200,Weaknesses in the 2019 CWE Top 25 Most Dangerous Software Errors,289,400
20,MemberOf,view,1350,Weaknesses in the 2020 CWE Top 25 Most Dangerous Software Weaknesses,289,400
21,MemberOf,view,1387,Weaknesses in the 2022 CWE Top 25 Most Dangerous Software Weaknesses,289,400
22,MemberOf,category,1416,Comprehensive Categorization: Resource Lifecycle Management,289,400
23,MemberOf,view,1430,Weaknesses in the 2024 CWE Top 25 Most Dangerous Software Weaknesses,289,400
24,Self,class,400,,289,400
0,ChildOf,class,407,Inefficient Algorithmic Complexity,8,1333
1,MemberOf,category,1226,Complexity Issues,8,1333
2,ChildOf,class,407,Inefficient Algorithmic Complexity,8,1333
3,MemberOf,category,1416,Comprehensive Categorization: Resource Lifecycle Management,8,1333
4,Self,base,1333,,8,1333
0,ChildOf,pillar,664,Improper Control of a Resource Through its Lifetime,8,400
1,ParentOf,class,405,Asymmetric Resource Consumption (Amplification),8,400
2,ParentOf,base,770,Allocation of Resources Without Limits or Throttling,8,400
3,ParentOf,base,771,Missing Reference to Active Allocated Resource,8,400
4,ParentOf,base,779,Logging of Excessive Data,8,400
5,ParentOf,base,920,Improper Restriction of Power Consumption,8,400
6,ParentOf,base,1235,Incorrect Use of Autoboxing and Unboxing for Performance Critical Operations,8,400
7,ParentOf,base,1246,Improper Write Handling in Limited-write Non-Volatile Memories,8,400
8,CanFollow,class,410,Insufficient Resource Pool,8,400
9,MemberOf,view,1003,Weaknesses for Simplified Mapping of Published Vulnerabilities,8,400
10,ParentOf,base,770,Allocation of Resources Without Limits or Throttling,8,400
11,ParentOf,base,920,Improper Restriction of Power Consumption,8,400
12,MemberOf,category,730,OWASP Top Ten 2004 Category A9 - Denial of Service,8,400
13,MemberOf,category,858,The CERT Oracle Secure Coding Standard for Java (2011) Chapter 15 - Serialization (SER),8,400
14,MemberOf,category,861,The CERT Oracle Secure Coding Standard for Java (2011) Chapter 18 - Miscellaneous (MSC),8,400
15,MemberOf,view,884,CWE Cross-section,8,400
16,MemberOf,category,985,SFP Secondary Cluster: Unrestricted Consumption,8,400
17,MemberOf,category,1148,SEI CERT Oracle Secure Coding Standard for Java - Guidelines 14. Serialization (SER),8,400
18,MemberOf,category,1152,SEI CERT Oracle Secure Coding Standard for Java - Guidelines 49. Miscellaneous (MSC),8,400
19,MemberOf,view,1200,Weaknesses in the 2019 CWE Top 25 Most Dangerous Software Errors,8,400
20,MemberOf,view,1350,Weaknesses in the 2020 CWE Top 25 Most Dangerous Software Weaknesses,8,400
21,MemberOf,view,1387,Weaknesses in the 2022 CWE Top 25 Most Dangerous Software Weaknesses,8,400
22,MemberOf,category,1416,Comprehensive Categorization: Resource Lifecycle Management,8,400
23,MemberOf,view,1430,Weaknesses in the 2024 CWE Top 25 Most Dangerous Software Weaknesses,8,400
24,Self,class,400,,8,400
0,ChildOf,class,200,Exposure of Sensitive Information to an Unauthorized Actor,6,215
1,CanFollow,base,489,Active Debug Code,6,215
2,MemberOf,category,199,Information Management Errors,6,215
3,MemberOf,category,717,OWASP Top Ten 2007 Category A6 - Information Leakage and Improper Error Handling,6,215
4,MemberOf,category,731,OWASP Top Ten 2004 Category A10 - Insecure Configuration Management,6,215
5,MemberOf,category,933,OWASP Top Ten 2013 Category A5 - Security Misconfiguration,6,215
6,MemberOf,category,963,SFP Secondary Cluster: Exposed Data,6,215
7,MemberOf,category,1417,Comprehensive Categorization: Sensitive Information Exposure,6,215
8,MemberOf,category,1445,OWASP Top Ten 2025 Category A10:2025 - Mishandling of Exceptional Conditions,6,215
9,Self,base,215,,6,215
0,ChildOf,pillar,710,Improper Adherence to Coding Standards,6,489
1,ParentOf,variant,11,ASP.NET Misconfiguration: Creating Debug Binary,6,489
2,CanPrecede,base,215,Insertion of Sensitive Information Into Debugging Code,6,489
3,MemberOf,category,1006,Bad Coding Practices,6,489
4,MemberOf,category,485,7PK - Encapsulation,6,489
5,MemberOf,category,731,OWASP Top Ten 2004 Category A10 - Insecure Configuration Management,6,489
6,MemberOf,category,1002,SFP Secondary Cluster: Unexpected Entry Points,6,489
7,MemberOf,category,1371,ICS Supply Chain: Poorly Documented or Undocumented Features,6,489
8,MemberOf,category,1412,Comprehensive Categorization: Poor Coding Practices,6,489
9,MemberOf,category,1437,OWASP Top Ten 2025 Category A02:2025 - Security Misconfiguration,6,489
10,Self,base,489,,6,489
0,ChildOf,class,287,Improper Authentication,1,295
1,ParentOf,base,296,Improper Following of a Certificate's Chain of Trust,1,295
2,ParentOf,variant,297,Improper Validation of Certificate with Host Mismatch,1,295
3,ParentOf,variant,298,Improper Validation of Certificate Expiration,1,295
4,ParentOf,base,299,Improper Check for Certificate Revocation,1,295
5,ParentOf,variant,599,Missing Validation of OpenSSL Certificate,1,295
6,PeerOf,base,322,Key Exchange without Entity Authentication,1,295
7,MemberOf,category,1211,Authentication Errors,1,295
8,ChildOf,class,287,Improper Authentication,1,295
9,MemberOf,category,1014,Identify Actors,1,295
10,MemberOf,category,731,OWASP Top Ten 2004 Category A10 - Insecure Configuration Management,1,295
11,MemberOf,category,1029,OWASP Top Ten 2017 Category A3 - Sensitive Data Exposure,1,295
12,MemberOf,view,1200,Weaknesses in the 2019 CWE Top 25 Most Dangerous Software Errors,1,295
13,MemberOf,category,1353,OWASP Top Ten 2021 Category A07:2021 - Identification and Authentication Failures,1,295
14,MemberOf,category,1382,ICS Operations (& Maintenance): Emerging Energy Technologies,1,295
15,MemberOf,category,1396,Comprehensive Categorization: Access Control,1,295
16,MemberOf,category,1442,OWASP Top Ten 2025 Category A07:2025 - Authentication Failures,1,295
17,Self,base,295,,1,295
0,ChildOf,class,311,Missing Encryption of Sensitive Data,12,312
1,ChildOf,class,922,Insecure Storage of Sensitive Information,12,312
2,ParentOf,variant,313,Cleartext Storage in a File or on Disk,12,312
3,ParentOf,variant,314,Cleartext Storage in the Registry,12,312
4,ParentOf,variant,315,Cleartext Storage of Sensitive Information in a Cookie,12,312
5,ParentOf,variant,316,Cleartext Storage of Sensitive Information in Memory,12,312
6,ParentOf,variant,317,Cleartext Storage of Sensitive Information in GUI,12,312
7,ParentOf,variant,318,Cleartext Storage of Sensitive Information in Executable,12,312
8,ParentOf,variant,526,Cleartext Storage of Sensitive Information in an Environment Variable,12,312
9,MemberOf,category,199,Information Management Errors,12,312
10,ChildOf,class,311,Missing Encryption of Sensitive Data,12,312
11,MemberOf,category,1013,Encrypt Data,12,312
12,MemberOf,category,816,OWASP Top Ten 2010 Category A7 - Insecure Cryptographic Storage,12,312
13,MemberOf,view,884,CWE Cross-section,12,312
14,MemberOf,category,934,OWASP Top Ten 2013 Category A6 - Sensitive Data Exposure,12,312
15,MemberOf,category,963,SFP Secondary Cluster: Exposed Data,12,312
16,MemberOf,category,1029,OWASP Top Ten 2017 Category A3 - Sensitive Data Exposure,12,312
17,MemberOf,category,1348,OWASP Top Ten 2021 Category A04:2021 - Insecure Design,12,312
18,MemberOf,category,1366,ICS Communications: Frail Security in Protocols,12,312
19,MemberOf,category,1368,ICS Dependencies (& Architecture): External Digital Systems,12,312
20,MemberOf,category,1402,Comprehensive Categorization: Encryption,12,312
21,MemberOf,category,1441,OWASP Top Ten 2025 Category A06:2025 - Insecure Design,12,312
22,Self,base,312,,12,312
0,ChildOf,base,312,Cleartext Storage of Sensitive Information,12,315
1,MemberOf,category,1013,Encrypt Data,12,315
2,MemberOf,category,963,SFP Secondary Cluster: Exposed Data,12,315
3,MemberOf,category,1349,OWASP Top Ten 2021 Category A05:2021 - Security Misconfiguration,12,315
4,MemberOf,category,1402,Comprehensive Categorization: Encryption,12,315
5,MemberOf,category,1437,OWASP Top Ten 2025 Category A02:2025 - Security Misconfiguration,12,315
6,Self,variant,315,,12,315
0,ChildOf,class,200,Exposure of Sensitive Information to an Unauthorized Actor,12,359
1,MemberOf,category,199,Information Management Errors,12,359
2,MemberOf,category,1011,Authorize Actors,12,359
3,MemberOf,category,254,7PK - Security Features,12,359
4,MemberOf,category,857,The CERT Oracle Secure Coding Standard for Java (2011) Chapter 14 - Input Output (FIO),12,359
5,MemberOf,category,975,SFP Secondary Cluster: Architecture,12,359
6,MemberOf,category,1029,OWASP Top Ten 2017 Category A3 - Sensitive Data Exposure,12,359
7,MemberOf,category,1147,SEI CERT Oracle Secure Coding Standard for Java - Guidelines 13. Input Output (FIO),12,359
8,MemberOf,view,1340,CISQ Data Protection Measures,12,359
9,MemberOf,category,1345,OWASP Top Ten 2021 Category A01:2021 - Broken Access Control,12,359
10,MemberOf,category,1417,Comprehensive Categorization: Sensitive Information Exposure,12,359
11,MemberOf,category,1436,OWASP Top Ten 2025 Category A01:2025 - Broken Access Control,12,359
12,Self,base,359,,12,359
0,ChildOf,class,311,Missing Encryption of Sensitive Data,59,312
1,ChildOf,class,922,Insecure Storage of Sensitive Information,59,312
2,ParentOf,variant,313,Cleartext Storage in a File or on Disk,59,312
3,ParentOf,variant,314,Cleartext Storage in the Registry,59,312
4,ParentOf,variant,315,Cleartext Storage of Sensitive Information in a Cookie,59,312
5,ParentOf,variant,316,Cleartext Storage of Sensitive Information in Memory,59,312
6,ParentOf,variant,317,Cleartext Storage of Sensitive Information in GUI,59,312
7,ParentOf,variant,318,Cleartext Storage of Sensitive Information in Executable,59,312
8,ParentOf,variant,526,Cleartext Storage of Sensitive Information in an Environment Variable,59,312
9,MemberOf,category,199,Information Management Errors,59,312
10,ChildOf,class,311,Missing Encryption of Sensitive Data,59,312
11,MemberOf,category,1013,Encrypt Data,59,312
12,MemberOf,category,816,OWASP Top Ten 2010 Category A7 - Insecure Cryptographic Storage,59,312
13,MemberOf,view,884,CWE Cross-section,59,312
14,MemberOf,category,934,OWASP Top Ten 2013 Category A6 - Sensitive Data Exposure,59,312
15,MemberOf,category,963,SFP Secondary Cluster: Exposed Data,59,312
16,MemberOf,category,1029,OWASP Top Ten 2017 Category A3 - Sensitive Data Exposure,59,312
17,MemberOf,category,1348,OWASP Top Ten 2021 Category A04:2021 - Insecure Design,59,312
18,MemberOf,category,1366,ICS Communications: Frail Security in Protocols,59,312
19,MemberOf,category,1368,ICS Dependencies (& Architecture): External Digital Systems,59,312
20,MemberOf,category,1402,Comprehensive Categorization: Encryption,59,312
21,MemberOf,category,1441,OWASP Top Ten 2025 Category A06:2025 - Insecure Design,59,312
22,Self,base,312,,59,312
0,ChildOf,class,200,Exposure of Sensitive Information to an Unauthorized Actor,59,359
1,MemberOf,category,199,Information Management Errors,59,359
2,MemberOf,category,1011,Authorize Actors,59,359
3,MemberOf,category,254,7PK - Security Features,59,359
4,MemberOf,category,857,The CERT Oracle Secure Coding Standard for Java (2011) Chapter 14 - Input Output (FIO),59,359
5,MemberOf,category,975,SFP Secondary Cluster: Architecture,59,359
6,MemberOf,category,1029,OWASP Top Ten 2017 Category A3 - Sensitive Data Exposure,59,359
7,MemberOf,category,1147,SEI CERT Oracle Secure Coding Standard for Java - Guidelines 13. Input Output (FIO),59,359
8,MemberOf,view,1340,CISQ Data Protection Measures,59,359
9,MemberOf,category,1345,OWASP Top Ten 2021 Category A01:2021 - Broken Access Control,59,359
10,MemberOf,category,1417,Comprehensive Categorization: Sensitive Information Exposure,59,359
11,MemberOf,category,1436,OWASP Top Ten 2025 Category A01:2025 - Broken Access Control,59,359
12,Self,base,359,,59,359
0,ChildOf,base,538,Insertion of Sensitive Information into Externally-Accessible File or Directory,59,532
1,ChildOf,class,200,Exposure of Sensitive Information to an Unauthorized Actor,59,532
2,MemberOf,category,1009,Audit,59,532
3,MemberOf,category,731,OWASP Top Ten 2004 Category A10 - Insecure Configuration Management,59,532
4,MemberOf,category,857,The CERT Oracle Secure Coding Standard for Java (2011) Chapter 14 - Input Output (FIO),59,532
5,MemberOf,category,963,SFP Secondary Cluster: Exposed Data,59,532
6,MemberOf,category,1147,SEI CERT Oracle Secure Coding Standard for Java - Guidelines 13. Input Output (FIO),59,532
7,MemberOf,category,1355,OWASP Top Ten 2021 Category A09:2021 - Security Logging and Monitoring Failures,59,532
8,MemberOf,category,1417,Comprehensive Categorization: Sensitive Information Exposure,59,532
9,MemberOf,category,1444,OWASP Top Ten 2025 Category A09:2025 - Logging & Alerting Failures,59,532
10,Self,base,532,,59,532
0,ChildOf,pillar,693,Protection Mechanism Failure,11,327
1,ParentOf,base,328,Use of Weak Hash,11,327
2,ParentOf,variant,780,Use of RSA Algorithm without OAEP,11,327
3,ParentOf,base,1240,Use of a Cryptographic Primitive with a Risky Implementation,11,327
4,PeerOf,base,301,Reflection Attack in an Authentication Protocol,11,327
5,PeerOf,class,311,Missing Encryption of Sensitive Data,11,327
6,CanFollow,base,208,Observable Timing Discrepancy,11,327
7,MemberOf,view,1003,Weaknesses for Simplified Mapping of Published Vulnerabilities,11,327
8,ParentOf,base,916,Use of Password Hash With Insufficient Computational Effort,11,327
9,MemberOf,category,1013,Encrypt Data,11,327
10,MemberOf,category,729,OWASP Top Ten 2004 Category A8 - Insecure Storage,11,327
11,MemberOf,category,753,2009 Top 25 - Porous Defenses,11,327
12,MemberOf,category,803,2010 Top 25 - Porous Defenses,11,327
13,MemberOf,category,816,OWASP Top Ten 2010 Category A7 - Insecure Cryptographic Storage,11,327
14,MemberOf,category,866,2011 Top 25 - Porous Defenses,11,327
15,MemberOf,category,883,CERT C++ Secure Coding Section 49 - Miscellaneous (MSC),11,327
16,MemberOf,view,884,CWE Cross-section,11,327
17,MemberOf,category,934,OWASP Top Ten 2013 Category A6 - Sensitive Data Exposure,11,327
18,MemberOf,category,958,SFP Secondary Cluster: Broken Cryptography,11,327
19,MemberOf,category,1029,OWASP Top Ten 2017 Category A3 - Sensitive Data Exposure,11,327
20,MemberOf,category,1131,CISQ Quality Measures (2016) - Security,11,327
21,MemberOf,category,1152,SEI CERT Oracle Secure Coding Standard for Java - Guidelines 49. Miscellaneous (MSC),11,327
22,MemberOf,category,1170,SEI CERT C Coding Standard - Guidelines 48. Miscellaneous (MSC),11,327
23,MemberOf,category,1346,OWASP Top Ten 2021 Category A02:2021 - Cryptographic Failures,11,327
24,MemberOf,category,1366,ICS Communications: Frail Security in Protocols,11,327
25,MemberOf,category,1402,Comprehensive Categorization: Encryption,11,327
26,MemberOf,category,1439,OWASP Top Ten 2025 Category A04:2025 - Cryptographic Failures,11,327
27,Self,class,327,,11,327
0,ChildOf,class,326,Inadequate Encryption Strength,11,328
1,ChildOf,class,327,Use of a Broken or Risky Cryptographic Algorithm,11,328
2,ParentOf,base,916,Use of Password Hash With Insufficient Computational Effort,11,328
3,MemberOf,category,310,Cryptographic Issues,11,328
4,MemberOf,category,1013,Encrypt Data,11,328
5,MemberOf,category,934,OWASP Top Ten 2013 Category A6 - Sensitive Data Exposure,11,328
6,MemberOf,category,958,SFP Secondary Cluster: Broken Cryptography,11,328
7,MemberOf,category,1029,OWASP Top Ten 2017 Category A3 - Sensitive Data Exposure,11,328
8,MemberOf,category,1346,OWASP Top Ten 2021 Category A02:2021 - Cryptographic Failures,11,328
9,MemberOf,category,1402,Comprehensive Categorization: Encryption,11,328
10,MemberOf,category,1439,OWASP Top Ten 2025 Category A04:2025 - Cryptographic Failures,11,328
11,Self,base,328,,11,328
0,ChildOf,base,328,Use of Weak Hash,11,916
1,ParentOf,variant,759,Use of a One-Way Hash without a Salt,11,916
2,ParentOf,variant,760,Use of a One-Way Hash with a Predictable Salt,11,916
3,MemberOf,category,255,Credentials Management Errors,11,916
4,MemberOf,category,310,Cryptographic Issues,11,916
5,ChildOf,class,327,Use of a Broken or Risky Cryptographic Algorithm,11,916
6,MemberOf,category,1010,Authenticate Actors,11,916
7,MemberOf,category,1346,OWASP Top Ten 2021 Category A02:2021 - Cryptographic Failures,11,916
8,MemberOf,category,1402,Comprehensive Categorization: Encryption,11,916
9,MemberOf,category,1439,OWASP Top Ten 2025 Category A04:2025 - Cryptographic Failures,11,916
10,Self,base,916,,11,916
0,ChildOf,pillar,693,Protection Mechanism Failure,3,327
1,ParentOf,base,328,Use of Weak Hash,3,327
2,ParentOf,variant,780,Use of RSA Algorithm without OAEP,3,327
3,ParentOf,base,1240,Use of a Cryptographic Primitive with a Risky Implementation,3,327
4,PeerOf,base,301,Reflection Attack in an Authentication Protocol,3,327
5,PeerOf,class,311,Missing Encryption of Sensitive Data,3,327
6,CanFollow,base,208,Observable Timing Discrepancy,3,327
7,MemberOf,view,1003,Weaknesses for Simplified Mapping of Published Vulnerabilities,3,327
8,ParentOf,base,916,Use of Password Hash With Insufficient Computational Effort,3,327
9,MemberOf,category,1013,Encrypt Data,3,327
10,MemberOf,category,729,OWASP Top Ten 2004 Category A8 - Insecure Storage,3,327
11,MemberOf,category,753,2009 Top 25 - Porous Defenses,3,327
12,MemberOf,category,803,2010 Top 25 - Porous Defenses,3,327
13,MemberOf,category,816,OWASP Top Ten 2010 Category A7 - Insecure Cryptographic Storage,3,327
14,MemberOf,category,866,2011 Top 25 - Porous Defenses,3,327
15,MemberOf,category,883,CERT C++ Secure Coding Section 49 - Miscellaneous (MSC),3,327
16,MemberOf,view,884,CWE Cross-section,3,327
17,MemberOf,category,934,OWASP Top Ten 2013 Category A6 - Sensitive Data Exposure,3,327
18,MemberOf,category,958,SFP Secondary Cluster: Broken Cryptography,3,327
19,MemberOf,category,1029,OWASP Top Ten 2017 Category A3 - Sensitive Data Exposure,3,327
20,MemberOf,category,1131,CISQ Quality Measures (2016) - Security,3,327
21,MemberOf,category,1152,SEI CERT Oracle Secure Coding Standard for Java - Guidelines 49. Miscellaneous (MSC),3,327
22,MemberOf,category,1170,SEI CERT C Coding Standard - Guidelines 48. Miscellaneous (MSC),3,327
23,MemberOf,category,1346,OWASP Top Ten 2021 Category A02:2021 - Cryptographic Failures,3,327
24,MemberOf,category,1366,ICS Communications: Frail Security in Protocols,3,327
25,MemberOf,category,1402,Comprehensive Categorization: Encryption,3,327
26,MemberOf,category,1439,OWASP Top Ten 2025 Category A04:2025 - Cryptographic Failures,3,327
27,Self,class,327,,3,327
0,ChildOf,pillar,693,Protection Mechanism Failure,1,327
1,ParentOf,base,328,Use of Weak Hash,1,327
2,ParentOf,variant,780,Use of RSA Algorithm without OAEP,1,327
3,ParentOf,base,1240,Use of a Cryptographic Primitive with a Risky Implementation,1,327
4,PeerOf,base,301,Reflection Attack in an Authentication Protocol,1,327
5,PeerOf,class,311,Missing Encryption of Sensitive Data,1,327
6,CanFollow,base,208,Observable Timing Discrepancy,1,327
7,MemberOf,view,1003,Weaknesses for Simplified Mapping of Published Vulnerabilities,1,327
8,ParentOf,base,916,Use of Password Hash With Insufficient Computational Effort,1,327
9,MemberOf,category,1013,Encrypt Data,1,327
10,MemberOf,category,729,OWASP Top Ten 2004 Category A8 - Insecure Storage,1,327
11,MemberOf,category,753,2009 Top 25 - Porous Defenses,1,327
12,MemberOf,category,803,2010 Top 25 - Porous Defenses,1,327
13,MemberOf,category,816,OWASP Top Ten 2010 Category A7 - Insecure Cryptographic Storage,1,327
14,MemberOf,category,866,2011 Top 25 - Porous Defenses,1,327
15,MemberOf,category,883,CERT C++ Secure Coding Section 49 - Miscellaneous (MSC),1,327
16,MemberOf,view,884,CWE Cross-section,1,327
17,MemberOf,category,934,OWASP Top Ten 2013 Category A6 - Sensitive Data Exposure,1,327
18,MemberOf,category,958,SFP Secondary Cluster: Broken Cryptography,1,327
19,MemberOf,category,1029,OWASP Top Ten 2017 Category A3 - Sensitive Data Exposure,1,327
20,MemberOf,category,1131,CISQ Quality Measures (2016) - Security,1,327
21,MemberOf,category,1152,SEI CERT Oracle Secure Coding Standard for Java - Guidelines 49. Miscellaneous (MSC),1,327
22,MemberOf,category,1170,SEI CERT C Coding Standard - Guidelines 48. Miscellaneous (MSC),1,327
23,MemberOf,category,1346,OWASP Top Ten 2021 Category A02:2021 - Cryptographic Failures,1,327
24,MemberOf,category,1366,ICS Communications: Frail Security in Protocols,1,327
25,MemberOf,category,1402,Comprehensive Categorization: Encryption,1,327
26,MemberOf,category,1439,OWASP Top Ten 2025 Category A04:2025 - Cryptographic Failures,1,327
27,Self,class,327,,1,327
0,ChildOf,class,668,Exposure of Resource to Wrong Sphere,19,377
1,ParentOf,base,378,Creation of Temporary File With Insecure Permissions,19,377
2,ParentOf,base,379,Creation of Temporary File in Directory with Insecure Permissions,19,377
3,MemberOf,category,361,7PK - Time and State,19,377
4,MemberOf,category,857,The CERT Oracle Secure Coding Standard for Java (2011) Chapter 14 - Input Output (FIO),19,377
5,MemberOf,category,964,SFP Secondary Cluster: Exposure Temporary File,19,377
6,MemberOf,category,1147,SEI CERT Oracle Secure Coding Standard for Java - Guidelines 13. Input Output (FIO),19,377
7,MemberOf,category,1169,SEI CERT C Coding Standard - Guidelines 14. Concurrency (CON),19,377
8,MemberOf,category,1345,OWASP Top Ten 2021 Category A01:2021 - Broken Access Control,19,377
9,MemberOf,category,1366,ICS Communications: Frail Security in Protocols,19,377
10,MemberOf,category,1403,Comprehensive Categorization: Exposed Resource,19,377
11,MemberOf,category,1436,OWASP Top Ten 2025 Category A01:2025 - Broken Access Control,19,377
12,Self,class,377,,19,377
0,ChildOf,pillar,664,Improper Control of a Resource Through its Lifetime,57,400
1,ParentOf,class,405,Asymmetric Resource Consumption (Amplification),57,400
2,ParentOf,base,770,Allocation of Resources Without Limits or Throttling,57,400
3,ParentOf,base,771,Missing Reference to Active Allocated Resource,57,400
4,ParentOf,base,779,Logging of Excessive Data,57,400
5,ParentOf,base,920,Improper Restriction of Power Consumption,57,400
6,ParentOf,base,1235,Incorrect Use of Autoboxing and Unboxing for Performance Critical Operations,57,400
7,ParentOf,base,1246,Improper Write Handling in Limited-write Non-Volatile Memories,57,400
8,CanFollow,class,410,Insufficient Resource Pool,57,400
9,MemberOf,view,1003,Weaknesses for Simplified Mapping of Published Vulnerabilities,57,400
10,ParentOf,base,770,Allocation of Resources Without Limits or Throttling,57,400
11,ParentOf,base,920,Improper Restriction of Power Consumption,57,400
12,MemberOf,category,730,OWASP Top Ten 2004 Category A9 - Denial of Service,57,400
13,MemberOf,category,858,The CERT Oracle Secure Coding Standard for Java (2011) Chapter 15 - Serialization (SER),57,400
14,MemberOf,category,861,The CERT Oracle Secure Coding Standard for Java (2011) Chapter 18 - Miscellaneous (MSC),57,400
15,MemberOf,view,884,CWE Cross-section,57,400
16,MemberOf,category,985,SFP Secondary Cluster: Unrestricted Consumption,57,400
17,MemberOf,category,1148,SEI CERT Oracle Secure Coding Standard for Java - Guidelines 14. Serialization (SER),57,400
18,MemberOf,category,1152,SEI CERT Oracle Secure Coding Standard for Java - Guidelines 49. Miscellaneous (MSC),57,400
19,MemberOf,view,1200,Weaknesses in the 2019 CWE Top 25 Most Dangerous Software Errors,57,400
20,MemberOf,view,1350,Weaknesses in the 2020 CWE Top 25 Most Dangerous Software Weaknesses,57,400
21,MemberOf,view,1387,Weaknesses in the 2022 CWE Top 25 Most Dangerous Software Weaknesses,57,400
22,MemberOf,category,1416,Comprehensive Categorization: Resource Lifecycle Management,57,400
23,MemberOf,view,1430,Weaknesses in the 2024 CWE Top 25 Most Dangerous Software Weaknesses,57,400
24,Self,class,400,,57,400
0,ChildOf,class,74,Improper Neutralization of Special Elements in Output Used by a Downstream Component ('Injection'),2,943
1,ParentOf,base,89,Improper Neutralization of Special Elements used in an SQL Command ('SQL Injection'),2,943
2,ParentOf,base,90,Improper Neutralization of Special Elements used in an LDAP Query ('LDAP Injection'),2,943
3,ParentOf,base,643,Improper Neutralization of Data within XPath Expressions ('XPath Injection'),2,943
4,ParentOf,base,652,Improper Neutralization of Data within XQuery Expressions ('XQuery Injection'),2,943
5,MemberOf,category,1019,Validate Inputs,2,943
6,MemberOf,category,1027,OWASP Top Ten 2017 Category A1 - Injection,2,943
7,MemberOf,category,1409,Comprehensive Categorization: Injection,2,943
8,Self,class,943,,2,943
