,nature,type,id,description,cwe_counts
0,CanFollow,base,73,External Control of File Name or Path,7057
1,CanFollow,base,184,Incomplete List of Disallowed Inputs,330
2,CanFollow,base,208,Observable Timing Discrepancy,15
3,CanFollow,base,489,Active Debug Code,6
4,CanFollow,base,756,Missing Custom Error Page,88
5,CanFollow,base,1272,Sensitive Information Uncleared Before Debug/Power State Transition,59
6,CanFollow,base,22,Improper Limitation of a Pathname to a Restricted Directory ('Path Traversal'),1
7,CanFollow,base,613,Insufficient Session Expiration,5
8,CanFollow,base,93,Improper Neutralization of CRLF Sequences ('CRLF Injection'),3
9,CanFollow,class,20,Improper Input Validation,7066
10,CanFollow,class,116,Improper Encoding or Escaping of Output,9
11,CanFollow,class,172,Encoding Error,7057
12,CanFollow,class,410,Insufficient Resource Pool,355
13,CanFollow,class,441,Unintended Proxy or Intermediary ('Confused Deputy'),1
14,CanFollow,class,656,Reliance on Security Through Obscurity,1
15,CanFollow,variant,98,Improper Control of Filename for Include/Require Statement in PHP Program ('PHP Remote File Inclusion'),132
16,CanFollow,variant,113,Improper Neutralization of CRLF Sequences in HTTP Headers ('HTTP Request/Response Splitting'),30
17,CanFollow,variant,456,Missing Initialization of a Variable,27
18,CanFollow,variant,498,Cloneable Class Containing Sensitive Information,59
19,CanFollow,variant,499,Serializable Class Containing Sensitive Data,59
20,CanFollow,variant,600,Uncaught Exception in Servlet,88
21,CanFollow,variant,1275,Sensitive Cookie with Improper SameSite Attribute,1
22,CanFollow,variant,827,Improper Control of Document Type Definition,1
23,CanFollow,variant,942,Permissive Cross-domain Security Policy with Untrusted Domains,1
24,CanPrecede,base,22,Improper Limitation of a Pathname to a Restricted Directory ('Path Traversal'),7148
25,CanPrecede,base,41,Improper Resolution of Path Equivalence,7148
26,CanPrecede,base,59,Improper Link Resolution Before File Access ('Link Following'),7057
27,CanPrecede,base,182,Collapse of Data into Unsafe Value,3
28,CanPrecede,base,215,Insertion of Sensitive Information Into Debugging Code,6
29,CanPrecede,base,434,Unrestricted Upload of File with Dangerous Type,7057
30,CanPrecede,base,494,Download of Code Without Integrity Check,30
31,CanPrecede,base,770,Allocation of Resources Without Limits or Throttling,91
32,CanPrecede,base,804,Guessable CAPTCHA,2
33,CanPrecede,class,74,Improper Neutralization of Special Elements in Output Used by a Downstream Component ('Injection'),256
34,CanPrecede,class,119,Improper Restriction of Operations within the Bounds of a Memory Buffer,91
35,CanPrecede,class,668,Exposure of Resource to Wrong Sphere,7057
36,CanPrecede,class,668,Exposure of Resource to Wrong Sphere,5
37,CanPrecede,composite,352,Cross-Site Request Forgery (CSRF),1
38,CanPrecede,variant,98,Improper Control of Filename for Include/Require Statement in PHP Program ('PHP Remote File Inclusion'),7057
39,CanPrecede,variant,187,Partial String Comparison,3
40,ChildOf,base,22,Improper Limitation of a Pathname to a Restricted Directory ('Path Traversal'),42342
41,ChildOf,base,94,Improper Control of Generation of Code ('Code Injection'),132
42,ChildOf,base,312,Cleartext Storage of Sensitive Information,12
43,ChildOf,base,319,Cleartext Transmission of Sensitive Information,2
44,ChildOf,base,328,Use of Weak Hash,11
45,ChildOf,base,538,Insertion of Sensitive Information into Externally-Accessible File or Directory,59
46,ChildOf,base,183,Permissive List of Allowed Inputs,5
47,ChildOf,base,344,Use of Invariant Value in Dynamically Changing Context,3
48,ChildOf,base,798,Use of Hard-coded Credentials,3
49,ChildOf,base,91,XML Injection (aka Blind XPath Injection),1
50,ChildOf,base,94,Improper Control of Generation of Code ('Code Injection'),16
51,ChildOf,base,940,Improper Verification of Source of a Communication Channel,24
52,ChildOf,class,20,Improper Input Validation,7057
53,ChildOf,class,74,Improper Neutralization of Special Elements in Output Used by a Downstream Component ('Injection'),8010
54,ChildOf,class,77,Improper Neutralization of Special Elements used in a Command ('Command Injection'),1800
55,ChildOf,class,185,Incorrect Regular Expression,3
56,ChildOf,class,200,Exposure of Sensitive Information to an Unauthorized Actor,400
57,ChildOf,class,287,Improper Authentication,2
58,ChildOf,class,311,Missing Encryption of Sensitive Data,142
59,ChildOf,class,326,Inadequate Encryption Strength,11
60,ChildOf,class,327,Use of a Broken or Risky Cryptographic Algorithm,22
61,ChildOf,class,407,Inefficient Algorithmic Complexity,594
62,ChildOf,class,441,Unintended Proxy or Intermediary ('Confused Deputy'),82
63,ChildOf,class,610,Externally Controlled Reference to a Resource in Another Sphere,7167
64,ChildOf,class,642,External Control of Critical State Data,7057
65,ChildOf,class,668,Exposure of Resource to Wrong Sphere,78
66,ChildOf,class,706,Use of Incorrectly-Resolved Name or Reference,14114
67,ChildOf,class,732,Incorrect Permission Assignment for Critical Resource,2
68,ChildOf,class,755,Improper Handling of Exceptional Conditions,88
69,ChildOf,class,913,Improper Control of Dynamically-Managed Code Resources,1532
70,ChildOf,class,922,Insecure Storage of Sensitive Information,71
71,ChildOf,class,943,Improper Neutralization of Special Elements in Data Query Logic,27
72,ChildOf,class,116,Improper Encoding or Escaping of Output,3
73,ChildOf,class,1177,Use of Prohibited Code,16
74,ChildOf,class,1390,Weak Authentication,1
75,ChildOf,class,1391,Use of Weak Credentials,3
76,ChildOf,class,20,Improper Input Validation,3
77,ChildOf,class,287,Improper Authentication,4
78,ChildOf,class,311,Missing Encryption of Sensitive Data,24
79,ChildOf,class,345,Insufficient Verification of Data Authenticity,2
80,ChildOf,class,405,Asymmetric Resource Consumption (Amplification),1
81,ChildOf,class,573,Improper Following of Specification by Caller,13
82,ChildOf,class,610,Externally Controlled Reference to a Resource in Another Sphere,10
83,ChildOf,class,668,Exposure of Resource to Wrong Sphere,1
84,ChildOf,class,671,Lack of Administrator Control over Security,3
85,ChildOf,class,674,Uncontrolled Recursion,2
86,ChildOf,class,732,Incorrect Permission Assignment for Critical Resource,12
87,ChildOf,class,862,Missing Authorization,24
88,ChildOf,class,863,Incorrect Authorization,5
89,ChildOf,class,913,Improper Control of Dynamically-Managed Code Resources,1
90,ChildOf,class,923,Improper Restriction of Communication Channel to Intended Endpoints,6
91,ChildOf,class,943,Improper Neutralization of Special Elements in Data Query Logic,1
92,ChildOf,pillar,664,Improper Control of a Resource Through its Lifetime,355
93,ChildOf,pillar,693,Protection Mechanism Failure,15
94,ChildOf,pillar,697,Incorrect Comparison,3
95,ChildOf,pillar,707,Improper Neutralization,265
96,ChildOf,pillar,710,Improper Adherence to Coding Standards,6
97,ChildOf,pillar,284,Improper Access Control,10
98,ChildOf,pillar,664,Improper Control of a Resource Through its Lifetime,41
99,ChildOf,pillar,693,Protection Mechanism Failure,17
100,MemberOf,category,19,Data Processing Errors,17
101,MemberOf,category,137,Data Neutralization Issues,789
102,MemberOf,category,199,Information Management Errors,324
103,MemberOf,category,254,7PK - Security Features,71
104,MemberOf,category,255,Credentials Management Errors,11
105,MemberOf,category,310,Cryptographic Issues,22
106,MemberOf,category,361,7PK - Time and State,19
107,MemberOf,category,389,"Error Conditions, Return Values, Status Codes",88
108,MemberOf,category,399,Resource Management Errors,7757
109,MemberOf,category,417,Communication Channel Errors,82
110,MemberOf,category,485,7PK - Encapsulation,94
111,MemberOf,category,712,OWASP Top Ten 2007 Category A1 - Cross Site Scripting (XSS),30
112,MemberOf,category,713,OWASP Top Ten 2007 Category A2 - Injection Flaws,27
113,MemberOf,category,714,OWASP Top Ten 2007 Category A3 - Malicious File Execution,432
114,MemberOf,category,715,OWASP Top Ten 2007 Category A4 - Insecure Direct Object Reference,7057
115,MemberOf,category,717,OWASP Top Ten 2007 Category A6 - Information Leakage and Improper Error Handling,153
116,MemberOf,category,722,OWASP Top Ten 2004 Category A1 - Unvalidated Input,162
117,MemberOf,category,723,OWASP Top Ten 2004 Category A2 - Broken Access Control,14114
118,MemberOf,category,725,OWASP Top Ten 2004 Category A4 - Cross-Site Scripting (XSS) Flaws,30
119,MemberOf,category,727,OWASP Top Ten 2004 Category A6 - Injection Flaws,468
120,MemberOf,category,728,OWASP Top Ten 2004 Category A7 - Improper Error Handling,88
121,MemberOf,category,729,OWASP Top Ten 2004 Category A8 - Insecure Storage,15
122,MemberOf,category,730,OWASP Top Ten 2004 Category A9 - Denial of Service,355
123,MemberOf,category,731,OWASP Top Ten 2004 Category A10 - Insecure Configuration Management,160
124,MemberOf,category,738,CERT C Secure Coding Standard (2008) Chapter 5 - Integers (INT),91
125,MemberOf,category,741,CERT C Secure Coding Standard (2008) Chapter 8 - Characters and Strings (STR),600
126,MemberOf,category,742,CERT C Secure Coding Standard (2008) Chapter 9 - Memory Management (MEM),91
127,MemberOf,category,743,CERT C Secure Coding Standard (2008) Chapter 10 - Input Output (FIO),7057
128,MemberOf,category,744,CERT C Secure Coding Standard (2008) Chapter 11 - Environment (ENV),600
129,MemberOf,category,746,CERT C Secure Coding Standard (2008) Chapter 13 - Error Handling (ERR),91
130,MemberOf,category,747,CERT C Secure Coding Standard (2008) Chapter 14 - Miscellaneous (MSC),91
131,MemberOf,category,751,2009 Top 25 - Insecure Interaction Between Components,701
132,MemberOf,category,752,2009 Top 25 - Risky Resource Management,7189
133,MemberOf,category,753,2009 Top 25 - Porous Defenses,15
134,MemberOf,category,801,2010 Top 25 - Insecure Interaction Between Components,459
135,MemberOf,category,802,2010 Top 25 - Risky Resource Management,7057
136,MemberOf,category,803,2010 Top 25 - Porous Defenses,15
137,MemberOf,category,810,OWASP Top Ten 2010 Category A1 - Injection,627
138,MemberOf,category,811,OWASP Top Ten 2010 Category A2 - Cross-Site Scripting (XSS),30
139,MemberOf,category,813,OWASP Top Ten 2010 Category A4 - Insecure Direct Object References,14114
140,MemberOf,category,815,OWASP Top Ten 2010 Category A6 - Security Misconfiguration,88
141,MemberOf,category,816,OWASP Top Ten 2010 Category A7 - Insecure Cryptographic Storage,86
142,MemberOf,category,819,OWASP Top Ten 2010 Category A10 - Unvalidated Redirects and Forwards,14
143,MemberOf,category,845,The CERT Oracle Secure Coding Standard for Java (2011) Chapter 2 - Input Validation and Data Sanitization (IDS),465
144,MemberOf,category,851,The CERT Oracle Secure Coding Standard for Java (2011) Chapter 8 - Exceptional Behavior (ERR),176
145,MemberOf,category,857,The CERT Oracle Secure Coding Standard for Java (2011) Chapter 14 - Input Output (FIO),149
146,MemberOf,category,858,The CERT Oracle Secure Coding Standard for Java (2011) Chapter 15 - Serialization (SER),1055
147,MemberOf,category,861,The CERT Oracle Secure Coding Standard for Java (2011) Chapter 18 - Miscellaneous (MSC),355
148,MemberOf,category,864,2011 Top 25 - Insecure Interaction Between Components,371
149,MemberOf,category,865,2011 Top 25 - Risky Resource Management,7057
150,MemberOf,category,866,2011 Top 25 - Porous Defenses,15
151,MemberOf,category,867,2011 Top 25 - Weaknesses On the Cusp,88
152,MemberOf,category,872,CERT C++ Secure Coding Section 04 - Integers (INT),91
153,MemberOf,category,875,CERT C++ Secure Coding Section 07 - Characters and Strings (STR),600
154,MemberOf,category,876,CERT C++ Secure Coding Section 08 - Memory Management (MEM),91
155,MemberOf,category,877,CERT C++ Secure Coding Section 09 - Input Output (FIO),14114
156,MemberOf,category,878,CERT C++ Secure Coding Section 10 - Environment (ENV),600
157,MemberOf,category,880,CERT C++ Secure Coding Section 12 - Exceptions and Error Handling (ERR),176
158,MemberOf,category,883,CERT C++ Secure Coding Section 49 - Miscellaneous (MSC),271
159,MemberOf,category,929,OWASP Top Ten 2013 Category A1 - Injection,636
160,MemberOf,category,931,OWASP Top Ten 2013 Category A3 - Cross-Site Scripting (XSS),30
161,MemberOf,category,932,OWASP Top Ten 2013 Category A4 - Insecure Direct Object References,14114
162,MemberOf,category,933,OWASP Top Ten 2013 Category A5 - Security Misconfiguration,94
163,MemberOf,category,934,OWASP Top Ten 2013 Category A6 - Sensitive Data Exposure,97
164,MemberOf,category,938,OWASP Top Ten 2013 Category A10 - Unvalidated Redirects and Forwards,14
165,MemberOf,category,958,SFP Secondary Cluster: Broken Cryptography,26
166,MemberOf,category,963,SFP Secondary Cluster: Exposed Data,383
167,MemberOf,category,964,SFP Secondary Cluster: Exposure Temporary File,19
168,MemberOf,category,966,SFP Secondary Cluster: Other Exposures,2
169,MemberOf,category,975,SFP Secondary Cluster: Architecture,71
170,MemberOf,category,981,SFP Secondary Cluster: Path Traversal,28228
171,MemberOf,category,985,SFP Secondary Cluster: Unrestricted Consumption,355
172,MemberOf,category,990,SFP Secondary Cluster: Tainted Input to Command,7875
173,MemberOf,category,991,SFP Secondary Cluster: Tainted Input to Environment,132
174,MemberOf,category,992,SFP Secondary Cluster: Faulty Input Transformation,165
175,MemberOf,category,994,SFP Secondary Cluster: Tainted Input to Variable,791
176,MemberOf,category,1002,SFP Secondary Cluster: Unexpected Entry Points,6
177,MemberOf,category,1005,7PK - Input Validation and Representation,7205
178,MemberOf,category,1006,Bad Coding Practices,6
179,MemberOf,category,1009,Audit,59
180,MemberOf,category,1010,Authenticate Actors,11
181,MemberOf,category,1011,Authorize Actors,71
182,MemberOf,category,1013,Encrypt Data,109
183,MemberOf,category,1014,Identify Actors,1
184,MemberOf,category,1015,Limit Access,7145
185,MemberOf,category,1019,Validate Inputs,8794
186,MemberOf,category,1027,OWASP Top Ten 2017 Category A1 - Injection,629
187,MemberOf,category,1029,OWASP Top Ten 2017 Category A3 - Sensitive Data Exposure,169
188,MemberOf,category,1031,OWASP Top Ten 2017 Category A5 - Broken Access Control,7057
189,MemberOf,category,1032,OWASP Top Ten 2017 Category A6 - Security Misconfiguration,88
190,MemberOf,category,1033,OWASP Top Ten 2017 Category A7 - Cross-Site Scripting (XSS),30
191,MemberOf,category,1034,OWASP Top Ten 2017 Category A8 - Insecure Deserialization,700
192,MemberOf,category,1131,CISQ Quality Measures (2016) - Security,14486
193,MemberOf,category,1134,SEI CERT Oracle Secure Coding Standard for Java - Guidelines 00. Input Validation and Data Sanitization (IDS),465
194,MemberOf,category,1147,SEI CERT Oracle Secure Coding Standard for Java - Guidelines 13. Input Output (FIO),149
195,MemberOf,category,1148,SEI CERT Oracle Secure Coding Standard for Java - Guidelines 14. Serialization (SER),1055
196,MemberOf,category,1152,SEI CERT Oracle Secure Coding Standard for Java - Guidelines 49. Miscellaneous (MSC),370
197,MemberOf,category,1163,SEI CERT C Coding Standard - Guidelines 09. Input Output (FIO),91
198,MemberOf,category,1165,SEI CERT C Coding Standard - Guidelines 10. Environment (ENV),600
199,MemberOf,category,1169,SEI CERT C Coding Standard - Guidelines 14. Concurrency (CON),19
200,MemberOf,category,1170,SEI CERT C Coding Standard - Guidelines 48. Miscellaneous (MSC),15
201,MemberOf,category,1179,SEI CERT Perl Coding Standard - Guidelines 01. Input Validation and Data Sanitization (IDS),7354
202,MemberOf,category,1211,Authentication Errors,1
203,MemberOf,category,1219,File Handling Issues,7057
204,MemberOf,category,1226,Complexity Issues,297
205,MemberOf,category,1308,CISQ Quality Measures - Security,14871
206,MemberOf,category,1345,OWASP Top Ten 2021 Category A01:2021 - Broken Access Control,14365
207,MemberOf,category,1346,OWASP Top Ten 2021 Category A02:2021 - Cryptographic Failures,37
208,MemberOf,category,1347,OWASP Top Ten 2021 Category A03:2021 - Injection,8243
209,MemberOf,category,1348,OWASP Top Ten 2021 Category A04:2021 - Insecure Design,7216
210,MemberOf,category,1349,OWASP Top Ten 2021 Category A05:2021 - Security Misconfiguration,16
211,MemberOf,category,1353,OWASP Top Ten 2021 Category A07:2021 - Identification and Authentication Failures,1
212,MemberOf,category,1354,OWASP Top Ten 2021 Category A08:2021 - Software and Data Integrity Failures,700
213,MemberOf,category,1355,OWASP Top Ten 2021 Category A09:2021 - Security Logging and Monitoring Failures,59
214,MemberOf,category,1356,OWASP Top Ten 2021 Category A10:2021 - Server-Side Request Forgery (SSRF),82
215,MemberOf,category,1366,ICS Communications: Frail Security in Protocols,105
216,MemberOf,category,1368,ICS Dependencies (& Architecture): External Digital Systems,71
217,MemberOf,category,1371,ICS Supply Chain: Poorly Documented or Undocumented Features,6
218,MemberOf,category,1382,ICS Operations (& Maintenance): Emerging Energy Technologies,106
219,MemberOf,category,1396,Comprehensive Categorization: Access Control,99
220,MemberOf,category,1397,Comprehensive Categorization: Comparison,6
221,MemberOf,category,1402,Comprehensive Categorization: Encryption,122
222,MemberOf,category,1403,Comprehensive Categorization: Exposed Resource,7076
223,MemberOf,category,1404,Comprehensive Categorization: File Handling,21171
224,MemberOf,category,1406,Comprehensive Categorization: Improper Input Validation,91
225,MemberOf,category,1407,Comprehensive Categorization: Improper Neutralization,165
226,MemberOf,category,1409,Comprehensive Categorization: Injection,7989
227,MemberOf,category,1412,Comprehensive Categorization: Poor Coding Practices,6
228,MemberOf,category,1415,Comprehensive Categorization: Resource Control,700
229,MemberOf,category,1416,Comprehensive Categorization: Resource Lifecycle Management,652
230,MemberOf,category,1417,Comprehensive Categorization: Sensitive Information Exposure,371
231,MemberOf,category,1436,OWASP Top Ten 2025 Category A01:2025 - Broken Access Control,21504
232,MemberOf,category,1437,OWASP Top Ten 2025 Category A02:2025 - Security Misconfiguration,22
233,MemberOf,category,1439,OWASP Top Ten 2025 Category A04:2025 - Cryptographic Failures,37
234,MemberOf,category,1440,OWASP Top Ten 2025 Category A05:2025 - Injection,8243
235,MemberOf,category,1441,OWASP Top Ten 2025 Category A06:2025 - Insecure Design,7128
236,MemberOf,category,1442,OWASP Top Ten 2025 Category A07:2025 - Authentication Failures,1
237,MemberOf,category,1443,OWASP Top Ten 2025 Category A08:2025 - Software or Data Integrity Failures,700
238,MemberOf,category,1444,OWASP Top Ten 2025 Category A09:2025 - Logging & Alerting Failures,59
239,MemberOf,category,1445,OWASP Top Ten 2025 Category A10:2025 - Mishandling of Exceptional Conditions,94
240,MemberOf,category,1447,General Software Weaknesses that Appear in Products that Use or Support AI/ML Technology,8598
241,MemberOf,category,1001,SFP Secondary Cluster: Use of an Improper API,16
242,MemberOf,category,1006,Bad Coding Practices,13
243,MemberOf,category,1009,Audit,3
244,MemberOf,category,1010,Authenticate Actors,8
245,MemberOf,category,1011,Authorize Actors,37
246,MemberOf,category,1013,Encrypt Data,18
247,MemberOf,category,1015,Limit Access,5
248,MemberOf,category,1019,Validate Inputs,18
249,MemberOf,category,1028,OWASP Top Ten 2017 Category A2 - Broken Authentication,6
250,MemberOf,category,1029,OWASP Top Ten 2017 Category A3 - Sensitive Data Exposure,14
251,MemberOf,category,1030,OWASP Top Ten 2017 Category A4 - XML External Entities (XXE),6
252,MemberOf,category,1129,CISQ Quality Measures (2016) - Reliability,1
253,MemberOf,category,1131,CISQ Quality Measures (2016) - Security,3
254,MemberOf,category,1134,SEI CERT Oracle Secure Coding Standard for Java - Guidelines 00. Input Validation and Data Sanitization (IDS),3
255,MemberOf,category,1147,SEI CERT Oracle Secure Coding Standard for Java - Guidelines 13. Input Output (FIO),6
256,MemberOf,category,1148,SEI CERT Oracle Secure Coding Standard for Java - Guidelines 14. Serialization (SER),12
257,MemberOf,category,1152,SEI CERT Oracle Secure Coding Standard for Java - Guidelines 49. Miscellaneous (MSC),5
258,MemberOf,category,1157,SEI CERT C Coding Standard - Guidelines 03. Expressions (EXP),1
259,MemberOf,category,1158,SEI CERT C Coding Standard - Guidelines 04. Integers (INT),1
260,MemberOf,category,1161,SEI CERT C Coding Standard - Guidelines 07. Characters and Strings (STR),17
261,MemberOf,category,1165,SEI CERT C Coding Standard - Guidelines 10. Environment (ENV),16
262,MemberOf,category,1167,SEI CERT C Coding Standard - Guidelines 12. Error Handling (ERR),16
263,MemberOf,category,1169,SEI CERT C Coding Standard - Guidelines 14. Concurrency (CON),18
264,MemberOf,category,1170,SEI CERT C Coding Standard - Guidelines 48. Miscellaneous (MSC),18
265,MemberOf,category,1198,Privilege Separation and Access Control Issues,6
266,MemberOf,category,1207,Debug and Test Problems,12
267,MemberOf,category,1210,Audit / Logging Errors,3
268,MemberOf,category,1212,Authorization Errors,24
269,MemberOf,category,1228,API / Function Errors,16
270,MemberOf,category,1306,CISQ Quality Measures - Reliability,1
271,MemberOf,category,1308,CISQ Quality Measures - Security,9
272,MemberOf,category,1345,OWASP Top Ten 2021 Category A01:2021 - Broken Access Control,47
273,MemberOf,category,1346,OWASP Top Ten 2021 Category A02:2021 - Cryptographic Failures,17
274,MemberOf,category,1347,OWASP Top Ten 2021 Category A03:2021 - Injection,17
275,MemberOf,category,1348,OWASP Top Ten 2021 Category A04:2021 - Insecure Design,1
276,MemberOf,category,1349,OWASP Top Ten 2021 Category A05:2021 - Security Misconfiguration,11
277,MemberOf,category,1353,OWASP Top Ten 2021 Category A07:2021 - Identification and Authentication Failures,8
278,MemberOf,category,1354,OWASP Top Ten 2021 Category A08:2021 - Software and Data Integrity Failures,1
279,MemberOf,category,1355,OWASP Top Ten 2021 Category A09:2021 - Security Logging and Monitoring Failures,3
280,MemberOf,category,1364,ICS Communications: Zone Boundary Failures,6
281,MemberOf,category,1366,ICS Communications: Frail Security in Protocols,33
282,MemberOf,category,1368,ICS Dependencies (& Architecture): External Digital Systems,5
283,MemberOf,category,137,Data Neutralization Issues,3
284,MemberOf,category,1376,ICS Engineering (Construction/Deployment): Security Gaps in Commissioning,6
285,MemberOf,category,1396,Comprehensive Categorization: Access Control,51
286,MemberOf,category,1402,Comprehensive Categorization: Encryption,14
287,MemberOf,category,1403,Comprehensive Categorization: Exposed Resource,1
288,MemberOf,category,1407,Comprehensive Categorization: Improper Neutralization,3
289,MemberOf,category,1409,Comprehensive Categorization: Injection,17
290,MemberOf,category,1411,Comprehensive Categorization: Insufficient Verification of Data Authenticity,1
291,MemberOf,category,1412,Comprehensive Categorization: Poor Coding Practices,29
292,MemberOf,category,1414,Comprehensive Categorization: Randomness,2
293,MemberOf,category,1415,Comprehensive Categorization: Resource Control,1
294,MemberOf,category,1416,Comprehensive Categorization: Resource Lifecycle Management,41
295,MemberOf,category,1436,OWASP Top Ten 2025 Category A01:2025 - Broken Access Control,9
296,MemberOf,category,1437,OWASP Top Ten 2025 Category A02:2025 - Security Misconfiguration,11
297,MemberOf,category,1439,OWASP Top Ten 2025 Category A04:2025 - Cryptographic Failures,17
298,MemberOf,category,1440,OWASP Top Ten 2025 Category A05:2025 - Injection,17
299,MemberOf,category,1441,OWASP Top Ten 2025 Category A06:2025 - Insecure Design,17
300,MemberOf,category,1442,OWASP Top Ten 2025 Category A07:2025 - Authentication Failures,8
301,MemberOf,category,1443,OWASP Top Ten 2025 Category A08:2025 - Software or Data Integrity Failures,1
302,MemberOf,category,1444,OWASP Top Ten 2025 Category A09:2025 - Logging & Alerting Failures,3
303,MemberOf,category,19,Data Processing Errors,6
304,MemberOf,category,199,Information Management Errors,12
305,MemberOf,category,254,7PK - Security Features,5
306,MemberOf,category,255,Credentials Management Errors,3
307,MemberOf,category,275,Permission Issues,6
308,MemberOf,category,320,Key Management Errors,3
309,MemberOf,category,399,Resource Management Errors,1
310,MemberOf,category,716,OWASP Top Ten 2007 Category A5 - Cross Site Request Forgery (CSRF),1
311,MemberOf,category,718,OWASP Top Ten 2007 Category A7 - Broken Authentication and Session Management,6
312,MemberOf,category,719,OWASP Top Ten 2007 Category A8 - Insecure Cryptographic Storage,3
313,MemberOf,category,720,OWASP Top Ten 2007 Category A9 - Insecure Communications,3
314,MemberOf,category,723,OWASP Top Ten 2004 Category A2 - Broken Access Control,2
315,MemberOf,category,724,OWASP Top Ten 2004 Category A3 - Broken Authentication and Session Management,9
316,MemberOf,category,727,OWASP Top Ten 2004 Category A6 - Injection Flaws,3
317,MemberOf,category,729,OWASP Top Ten 2004 Category A8 - Insecure Storage,3
318,MemberOf,category,737,CERT C Secure Coding Standard (2008) Chapter 4 - Expressions (EXP),1
319,MemberOf,category,738,CERT C Secure Coding Standard (2008) Chapter 5 - Integers (INT),16
320,MemberOf,category,741,CERT C Secure Coding Standard (2008) Chapter 8 - Characters and Strings (STR),1
321,MemberOf,category,743,CERT C Secure Coding Standard (2008) Chapter 10 - Input Output (FIO),22
322,MemberOf,category,746,CERT C Secure Coding Standard (2008) Chapter 13 - Error Handling (ERR),16
323,MemberOf,category,747,CERT C Secure Coding Standard (2008) Chapter 14 - Miscellaneous (MSC),3
324,MemberOf,category,751,2009 Top 25 - Insecure Interaction Between Components,13
325,MemberOf,category,753,2009 Top 25 - Porous Defenses,5
326,MemberOf,category,801,2010 Top 25 - Insecure Interaction Between Components,1
327,MemberOf,category,803,2010 Top 25 - Porous Defenses,3
328,MemberOf,category,808,2010 Top 25 - Weaknesses On the Cusp,2
329,MemberOf,category,812,OWASP Top Ten 2010 Category A3 - Broken Authentication and Session Management,8
330,MemberOf,category,814,OWASP Top Ten 2010 Category A5 - Cross-Site Request Forgery(CSRF),1
331,MemberOf,category,816,OWASP Top Ten 2010 Category A7 - Insecure Cryptographic Storage,2
332,MemberOf,category,818,OWASP Top Ten 2010 Category A9 - Insufficient Transport Layer Protection,12
333,MemberOf,category,857,The CERT Oracle Secure Coding Standard for Java (2011) Chapter 14 - Input Output (FIO),6
334,MemberOf,category,858,The CERT Oracle Secure Coding Standard for Java (2011) Chapter 15 - Serialization (SER),12
335,MemberOf,category,859,The CERT Oracle Secure Coding Standard for Java (2011) Chapter 16 - Platform Security (SEC),12
336,MemberOf,category,861,The CERT Oracle Secure Coding Standard for Java (2011) Chapter 18 - Miscellaneous (MSC),5
337,MemberOf,category,864,2011 Top 25 - Insecure Interaction Between Components,1
338,MemberOf,category,865,2011 Top 25 - Risky Resource Management,16
339,MemberOf,category,866,2011 Top 25 - Porous Defenses,3
340,MemberOf,category,867,2011 Top 25 - Weaknesses On the Cusp,2
341,MemberOf,category,872,CERT C++ Secure Coding Section 04 - Integers (INT),16
342,MemberOf,category,875,CERT C++ Secure Coding Section 07 - Characters and Strings (STR),1
343,MemberOf,category,877,CERT C++ Secure Coding Section 09 - Input Output (FIO),22
344,MemberOf,category,883,CERT C++ Secure Coding Section 49 - Miscellaneous (MSC),3
345,MemberOf,category,905,SFP Primary Cluster: Predictability,2
346,MemberOf,category,929,OWASP Top Ten 2013 Category A1 - Injection,1
347,MemberOf,category,930,OWASP Top Ten 2013 Category A2 - Broken Authentication and Session Management,6
348,MemberOf,category,932,OWASP Top Ten 2013 Category A4 - Insecure Direct Object References,38
349,MemberOf,category,934,OWASP Top Ten 2013 Category A6 - Sensitive Data Exposure,14
350,MemberOf,category,936,OWASP Top Ten 2013 Category A8 - Cross-Site Request Forgery (CSRF),1
351,MemberOf,category,946,SFP Secondary Cluster: Insecure Resource Permissions,6
352,MemberOf,category,947,SFP Secondary Cluster: Authentication Bypass,5
353,MemberOf,category,950,SFP Secondary Cluster: Hardcoded Sensitive Data,1
354,MemberOf,category,959,SFP Secondary Cluster: Weak Cryptography,2
355,MemberOf,category,963,SFP Secondary Cluster: Exposed Data,17
356,MemberOf,category,978,SFP Secondary Cluster: Implementation,13
357,MemberOf,category,981,SFP Secondary Cluster: Path Traversal,38
358,MemberOf,category,990,SFP Secondary Cluster: Tainted Input to Command,22
359,MemberOf,category,991,SFP Secondary Cluster: Tainted Input to Environment,1
360,MemberOf,category,998,SFP Secondary Cluster: Glitch in Computation,1
361,MemberOf,view,635,Weaknesses Originally Used by NVD from 2008 to 2016,7696
362,MemberOf,view,884,CWE Cross-section,30395
363,MemberOf,view,1003,Weaknesses for Simplified Mapping of Published Vulnerabilities,694
364,MemberOf,view,1200,Weaknesses in the 2019 CWE Top 25 Most Dangerous Software Errors,8752
365,MemberOf,view,1337,Weaknesses in the 2021 CWE Top 25 Most Dangerous Software Weaknesses,8346
366,MemberOf,view,1340,CISQ Data Protection Measures,14942
367,MemberOf,view,1350,Weaknesses in the 2020 CWE Top 25 Most Dangerous Software Weaknesses,8751
368,MemberOf,view,1387,Weaknesses in the 2022 CWE Top 25 Most Dangerous Software Weaknesses,8774
369,MemberOf,view,1425,Weaknesses in the 2023 CWE Top 25 Most Dangerous Software Weaknesses,8419
370,MemberOf,view,1430,Weaknesses in the 2024 CWE Top 25 Most Dangerous Software Weaknesses,8833
371,MemberOf,view,1435,Weaknesses in the 2025 CWE Top 25 Most Dangerous Software Weaknesses,8478
372,MemberOf,view,1003,Weaknesses for Simplified Mapping of Published Vulnerabilities,49
373,MemberOf,view,1200,Weaknesses in the 2019 CWE Top 25 Most Dangerous Software Errors,14
374,MemberOf,view,1337,Weaknesses in the 2021 CWE Top 25 Most Dangerous Software Weaknesses,21
375,MemberOf,view,1340,CISQ Data Protection Measures,11
376,MemberOf,view,1350,Weaknesses in the 2020 CWE Top 25 Most Dangerous Software Weaknesses,15
377,MemberOf,view,1387,Weaknesses in the 2022 CWE Top 25 Most Dangerous Software Weaknesses,20
378,MemberOf,view,1425,Weaknesses in the 2023 CWE Top 25 Most Dangerous Software Weaknesses,15
379,MemberOf,view,1430,Weaknesses in the 2024 CWE Top 25 Most Dangerous Software Weaknesses,9
380,MemberOf,view,1435,Weaknesses in the 2025 CWE Top 25 Most Dangerous Software Weaknesses,1
381,MemberOf,view,635,Weaknesses Originally Used by NVD from 2008 to 2016,6
382,MemberOf,view,884,CWE Cross-section,52
383,ParentOf,base,15,External Control of System or Configuration Setting,91
384,ParentOf,base,23,Relative Path Traversal,21171
385,ParentOf,base,36,Absolute Path Traversal,21171
386,ParentOf,base,73,External Control of File Name or Path,91
387,ParentOf,base,78,Improper Neutralization of Special Elements used in an OS Command ('OS Command Injection'),9
388,ParentOf,base,79,Improper Neutralization of Input During Web Page Generation ('Cross-site Scripting'),18
389,ParentOf,base,88,Improper Neutralization of Argument Delimiters in a Command ('Argument Injection'),9
390,ParentOf,base,89,Improper Neutralization of Special Elements used in an SQL Command ('SQL Injection'),11
391,ParentOf,base,90,Improper Neutralization of Special Elements used in an LDAP Query ('LDAP Injection'),2
392,ParentOf,base,91,XML Injection (aka Blind XPath Injection),18
393,ParentOf,base,93,Improper Neutralization of CRLF Sequences ('CRLF Injection'),9
394,ParentOf,base,94,Improper Control of Generation of Code ('Code Injection'),18
395,ParentOf,base,96,Improper Neutralization of Directives in Statically Saved Code ('Static Code Injection'),132
396,ParentOf,base,112,Missing XML Validation,91
397,ParentOf,base,117,Improper Output Neutralization for Logs,256
398,ParentOf,base,120,Buffer Copy without Checking Size of Input ('Classic Buffer Overflow'),91
399,ParentOf,base,134,Use of Externally-Controlled Format String,91
400,ParentOf,base,170,Improper Null Termination,91
401,ParentOf,base,179,Incorrect Behavior Order: Early Validation,91
402,ParentOf,base,186,Overly Restrictive Regular Expression,3
403,ParentOf,base,190,Integer Overflow or Wraparound,91
404,ParentOf,base,201,Insertion of Sensitive Information Into Sent Data,59
405,ParentOf,base,203,Observable Discrepancy,118
406,ParentOf,base,209,Generation of Error Message Containing Sensitive Information,118
407,ParentOf,base,210,Self-generated Error Message Containing Sensitive Information,88
408,ParentOf,base,211,Externally-Generated Error Message Containing Sensitive Information,88
409,ParentOf,base,213,Exposure of Sensitive Information Due to Incompatible Policies,59
410,ParentOf,base,214,Invocation of Process Using Visible Sensitive Information,88
411,ParentOf,base,215,Insertion of Sensitive Information Into Debugging Code,59
412,ParentOf,base,296,Improper Following of a Certificate's Chain of Trust,1
413,ParentOf,base,299,Improper Check for Certificate Revocation,1
414,ParentOf,base,328,Use of Weak Hash,15
415,ParentOf,base,359,Exposure of Private Personal Information to an Unauthorized Actor,59
416,ParentOf,base,378,Creation of Temporary File With Insecure Permissions,19
417,ParentOf,base,379,Creation of Temporary File in Directory with Insecure Permissions,19
418,ParentOf,base,466,Return of Pointer Value Outside of Expected Range,91
419,ParentOf,base,470,Use of Externally-Controlled Input to Select Classes or Code ('Unsafe Reflection'),91
420,ParentOf,base,497,Exposure of Sensitive System Information to an Unauthorized Control Sphere,59
421,ParentOf,base,532,Insertion of Sensitive Information into Log File,59
422,ParentOf,base,538,Insertion of Sensitive Information into Externally-Accessible File or Directory,59
423,ParentOf,base,625,Permissive Regular Expression,3
424,ParentOf,base,641,Improper Restriction of Names for Files and Other Resources,7057
425,ParentOf,base,643,Improper Neutralization of Data within XPath Expressions ('XPath Injection'),2
426,ParentOf,base,652,Improper Neutralization of Data within XQuery Expressions ('XQuery Injection'),2
427,ParentOf,base,694,Use of Multiple Resources with Duplicate Identifier,7057
428,ParentOf,base,770,Allocation of Resources Without Limits or Throttling,710
429,ParentOf,base,771,Missing Reference to Active Allocated Resource,355
430,ParentOf,base,779,Logging of Excessive Data,355
431,ParentOf,base,838,Inappropriate Encoding for Output Context,330
432,ParentOf,base,914,Improper Control of Dynamically-Identified Variables,7057
433,ParentOf,base,916,Use of Password Hash With Insufficient Computational Effort,26
434,ParentOf,base,917,Improper Neutralization of Special Elements used in an Expression Language Statement ('Expression Language Injection'),9
435,ParentOf,base,920,Improper Restriction of Power Consumption,710
436,ParentOf,base,1173,Improper Use of Validation Framework,91
437,ParentOf,base,1235,Incorrect Use of Autoboxing and Unboxing for Performance Critical Operations,355
438,ParentOf,base,1236,Improper Neutralization of Formula Elements in a CSV File,18
439,ParentOf,base,1240,Use of a Cryptographic Primitive with a Risky Implementation,15
440,ParentOf,base,1246,Improper Write Handling in Limited-write Non-Volatile Memories,355
441,ParentOf,base,1273,Device Unlock Credential Sharing,59
442,ParentOf,base,1284,Improper Validation of Specified Quantity in Input,182
443,ParentOf,base,1285,"Improper Validation of Specified Index, Position, or Offset in Input",91
444,ParentOf,base,1286,Improper Validation of Syntactic Correctness of Input,91
445,ParentOf,base,1287,Improper Validation of Specified Type of Input,91
446,ParentOf,base,1288,Improper Validation of Consistency within Input,91
447,ParentOf,base,1289,Improper Validation of Unsafe Equivalence in Input,91
448,ParentOf,base,1295,Debug Messages Revealing Unnecessary Information,59
449,ParentOf,base,1336,Improper Neutralization of Special Elements Used in a Template Engine,132
450,ParentOf,base,1431,Driving Intermediate Cryptographic State/Results to Hardware Module Outputs,59
451,ParentOf,base,1189,Improper Isolation of Shared Resources on System-on-a-Chip (SoC),1
452,ParentOf,base,1204,Generation of Weak Initialization Vector (IV),2
453,ParentOf,base,1241,Use of Predictable Algorithm in Random Number Generator,2
454,ParentOf,base,1282,Assumed-Immutable Data is Stored in Writable Memory,1
455,ParentOf,base,1327,Binding to an Unrestricted IP Address,1
456,ParentOf,base,1331,Improper Isolation of Shared Resources in Network On Chip (NoC),1
457,ParentOf,base,134,Use of Externally-Controlled Format String,2
458,ParentOf,base,1389,Incorrect Parsing of Numbers with Different Radices,1
459,ParentOf,base,1428,Reliance on HTTP instead of HTTPS,12
460,ParentOf,base,178,Improper Handling of Case Sensitivity,76
461,ParentOf,base,22,Improper Limitation of a Pathname to a Restricted Directory ('Path Traversal'),76
462,ParentOf,base,256,Plaintext Storage of a Password,1
463,ParentOf,base,257,Storing Passwords in a Recoverable Format,1
464,ParentOf,base,260,Password in Configuration File,1
465,ParentOf,base,261,Weak Encoding for Password,1
466,ParentOf,base,290,Authentication Bypass by Spoofing,5
467,ParentOf,base,294,Authentication Bypass by Capture-replay,5
468,ParentOf,base,295,Improper Certificate Validation,10
469,ParentOf,base,306,Missing Authentication for Critical Function,10
470,ParentOf,base,307,Improper Restriction of Excessive Authentication Attempts,5
471,ParentOf,base,328,Use of Weak Hash,2
472,ParentOf,base,331,Insufficient Entropy,4
473,ParentOf,base,334,Small Space of Random Values,2
474,ParentOf,base,335,Incorrect Usage of Seeds in Pseudo-Random Number Generator (PRNG),4
475,ParentOf,base,338,Use of Cryptographically Weak Pseudo-Random Number Generator (PRNG),4
476,ParentOf,base,344,Use of Invariant Value in Dynamically Changing Context,2
477,ParentOf,base,374,Passing Mutable Objects to an Untrusted Method,1
478,ParentOf,base,375,Returning a Mutable Object to an Untrusted Caller,1
479,ParentOf,base,386,Symbolic Name not Mapping to Correct Object,38
480,ParentOf,base,41,Improper Resolution of Path Equivalence,38
481,ParentOf,base,426,Untrusted Search Path,2
482,ParentOf,base,427,Uncontrolled Search Path Element,2
483,ParentOf,base,428,Unquoted Search Path or Element,2
484,ParentOf,base,488,Exposure of Data Element to Wrong Session,1
485,ParentOf,base,521,Weak Password Requirements,5
486,ParentOf,base,523,Unprotected Transport of Credentials,1
487,ParentOf,base,524,Use of Cache Containing Sensitive Information,1
488,ParentOf,base,549,Missing Password Field Masking,1
489,ParentOf,base,552,Files or Directories Accessible to External Parties,2
490,ParentOf,base,59,Improper Link Resolution Before File Access ('Link Following'),76
491,ParentOf,base,640,Weak Password Recovery Mechanism for Forgotten Password,5
492,ParentOf,base,645,Overly Restrictive Account Lockout Mechanism,5
493,ParentOf,base,66,Improper Handling of File Names that Identify Virtual Resources,38
494,ParentOf,base,681,Incorrect Conversion between Numeric Types,2
495,ParentOf,base,767,Access to Critical Private Variable via Public Method,1
496,ParentOf,base,798,Use of Hard-coded Credentials,5
497,ParentOf,base,843,Access of Resource Using Incompatible Type ('Type Confusion'),2
498,ParentOf,class,75,Failure to Sanitize Special Elements into a Different Plane (Special Element Injection),9
499,ParentOf,class,77,Improper Neutralization of Special Elements used in a Command ('Command Injection'),18
500,ParentOf,class,99,Improper Control of Resource Identifiers ('Resource Injection'),9
501,ParentOf,class,114,Process Control,7148
502,ParentOf,class,119,Improper Restriction of Operations within the Bounds of a Memory Buffer,91
503,ParentOf,class,405,Asymmetric Resource Consumption (Amplification),355
504,ParentOf,class,943,Improper Neutralization of Special Elements in Data Query Logic,9
505,ParentOf,class,1390,Weak Authentication,5
506,ParentOf,class,200,Exposure of Sensitive Information to an Unauthorized Actor,1
507,ParentOf,class,340,Generation of Predictable Numbers or Identifiers,2
508,ParentOf,class,377,Insecure Temporary File,1
509,ParentOf,class,402,Transmission of Private Resources into a New Sphere ('Resource Leak'),1
510,ParentOf,class,522,Insufficiently Protected Credentials,6
511,ParentOf,class,642,External Control of Critical State Data,1
512,ParentOf,class,732,Incorrect Permission Assignment for Critical Resource,1
513,ParentOf,variant,11,ASP.NET Misconfiguration: Creating Debug Binary,6
514,ParentOf,variant,24,Path Traversal: '../filedir',7057
515,ParentOf,variant,25,Path Traversal: '/../filedir',7057
516,ParentOf,variant,26,Path Traversal: '/dir/../filename',7057
517,ParentOf,variant,27,Path Traversal: 'dir/../../filename',7057
518,ParentOf,variant,28,Path Traversal: '..\filedir',7057
519,ParentOf,variant,29,Path Traversal: '\..\filename',7057
520,ParentOf,variant,30,Path Traversal: '\dir\..\filename',7057
521,ParentOf,variant,31,Path Traversal: 'dir\..\..\filename',7057
522,ParentOf,variant,32,Path Traversal: '...' (Triple Dot),7057
523,ParentOf,variant,33,Path Traversal: '....' (Multiple Dot),7057
524,ParentOf,variant,34,Path Traversal: '....//',7057
525,ParentOf,variant,35,Path Traversal: '.../...//',7057
526,ParentOf,variant,37,Path Traversal: '/absolute/pathname/here',7057
527,ParentOf,variant,38,Path Traversal: '\absolute\pathname\here',7057
528,ParentOf,variant,39,Path Traversal: 'C:dirname',7057
529,ParentOf,variant,40,Path Traversal: '\\UNC\share\name\' (Windows UNC Share),7057
530,ParentOf,variant,80,Improper Neutralization of Script-Related HTML Tags in a Web Page (Basic XSS),30
531,ParentOf,variant,81,Improper Neutralization of Script in an Error Message Web Page,30
532,ParentOf,variant,83,Improper Neutralization of Script in Attributes in a Web Page,30
533,ParentOf,variant,84,Improper Neutralization of Encoded URI Schemes in a Web Page,30
534,ParentOf,variant,85,Doubled Character XSS Manipulations,30
535,ParentOf,variant,86,Improper Neutralization of Invalid Characters in Identifiers in Web Pages,30
536,ParentOf,variant,87,Improper Neutralization of Alternate XSS Syntax,30
537,ParentOf,variant,95,Improper Neutralization of Directives in Dynamically Evaluated Code ('Eval Injection'),132
538,ParentOf,variant,102,Struts: Duplicate Validation Forms,91
539,ParentOf,variant,103,Struts: Incomplete validate() Method Definition,91
540,ParentOf,variant,104,Struts: Form Bean Does Not Extend Validation Class,91
541,ParentOf,variant,105,Struts: Form Field Without Validator,91
542,ParentOf,variant,106,Struts: Plug-in Framework not in Use,91
543,ParentOf,variant,107,Struts: Unused Validation Form,91
544,ParentOf,variant,108,Struts: Unvalidated Action Form,91
545,ParentOf,variant,109,Struts: Validator Turned Off,91
546,ParentOf,variant,110,Struts: Validator Without Form Field,91
547,ParentOf,variant,111,Direct Use of Unsafe JNI,91
548,ParentOf,variant,113,Improper Neutralization of CRLF Sequences in HTTP Headers ('HTTP Request/Response Splitting'),91
549,ParentOf,variant,129,Improper Validation of Array Index,91
550,ParentOf,variant,297,Improper Validation of Certificate with Host Mismatch,1
551,ParentOf,variant,298,Improper Validation of Certificate Expiration,1
552,ParentOf,variant,313,Cleartext Storage in a File or on Disk,71
553,ParentOf,variant,314,Cleartext Storage in the Registry,71
554,ParentOf,variant,315,Cleartext Storage of Sensitive Information in a Cookie,71
555,ParentOf,variant,316,Cleartext Storage of Sensitive Information in Memory,71
556,ParentOf,variant,317,Cleartext Storage of Sensitive Information in GUI,71
557,ParentOf,variant,318,Cleartext Storage of Sensitive Information in Executable,71
558,ParentOf,variant,526,Cleartext Storage of Sensitive Information in an Environment Variable,71
559,ParentOf,variant,548,Exposure of Information Through Directory Listing,88
560,ParentOf,variant,550,Server-generated Error Message Containing Sensitive Information,88
561,ParentOf,variant,564,SQL Injection: Hibernate,81
562,ParentOf,variant,599,Missing Validation of OpenSSL Certificate,1
563,ParentOf,variant,622,Improper Validation of Function Hook Arguments,91
564,ParentOf,variant,644,Improper Neutralization of HTTP Headers for Scripting Syntax,165
565,ParentOf,variant,759,Use of a One-Way Hash without a Salt,11
566,ParentOf,variant,760,Use of a One-Way Hash with a Predictable Salt,11
567,ParentOf,variant,780,Use of RSA Algorithm without OAEP,15
568,ParentOf,variant,785,Use of Path Manipulation Function without Maximum-sized Buffer,91
569,ParentOf,variant,1321,Improperly Controlled Modification of Object Prototype Attributes ('Prototype Pollution'),1
570,ParentOf,variant,259,Use of Hard-coded Password,9
571,ParentOf,variant,321,Use of Hard-coded Cryptographic Key,9
572,ParentOf,variant,491,Public cloneable() Method Without Final ('Object Hijack'),1
573,ParentOf,variant,492,Use of Inner Class Containing Sensitive Data,1
574,ParentOf,variant,493,Critical Public Variable Without Final Modifier,1
575,ParentOf,variant,498,Cloneable Class Containing Sensitive Information,1
576,ParentOf,variant,499,Serializable Class Containing Sensitive Data,1
577,ParentOf,variant,5,J2EE Misconfiguration: Data Transmission Without Encryption,12
578,ParentOf,variant,582,"Array Declared Public, Final, and Static",1
579,ParentOf,variant,583,finalize() Method Declared Public,1
580,ParentOf,variant,588,Attempt to Access Child of a Non-structure Pointer,1
581,ParentOf,variant,608,Struts: Non-private Field in ActionForm Class,1
582,ParentOf,variant,614,Sensitive Cookie in HTTPS Session Without 'Secure' Attribute,12
583,ParentOf,variant,785,Use of Path Manipulation Function without Maximum-sized Buffer,16
584,ParentOf,variant,8,J2EE Misconfiguration: Entity Bean Declared Remote,1
585,ParentOf,variant,827,Improper Control of Document Type Definition,38
586,ParentOf,variant,927,Use of Implicit Intent for Sensitive Communication,1
587,ParentOf,variant,97,Improper Neutralization of Server-Side Includes (SSI) Within a Web Page,16
588,ParentOf,variant,98,Improper Control of Filename for Include/Require Statement in PHP Program ('PHP Remote File Inclusion'),38
589,PeerOf,base,301,Reflection Attack in an Authentication Protocol,15
590,PeerOf,base,322,Key Exchange without Entity Authentication,1
591,PeerOf,base,915,Improperly Controlled Modification of Dynamically-Determined Object Attributes,700
592,PeerOf,base,1295,Debug Messages Revealing Unnecessary Information,88
593,PeerOf,base,1431,Driving Intermediate Cryptographic State/Results to Hardware Module Outputs,88
594,PeerOf,base,1291,Public Key Re-Use for Signing both Debug and Production Code,1
595,PeerOf,base,257,Storing Passwords in a Recoverable Format,3
596,PeerOf,base,325,Missing Cryptographic Step,13
597,PeerOf,base,502,Deserialization of Untrusted Data,1
598,PeerOf,base,79,Improper Neutralization of Input During Web Page Generation ('Cross-site Scripting'),1
599,PeerOf,class,311,Missing Encryption of Sensitive Data,15
600,PeerOf,class,345,Insufficient Verification of Data Authenticity,91
601,PeerOf,class,706,Use of Incorrectly-Resolved Name or Reference,7057
602,PeerOf,class,441,Unintended Proxy or Intermediary ('Confused Deputy'),5
603,PeerOf,class,99,Improper Control of Resource Identifiers ('Resource Injection'),38
604,PeerOf,composite,352,Cross-Site Request Forgery (CSRF),30
605,PeerOf,variant,259,Use of Hard-coded Password,1
